Date,Price,Open,High,Low,Vol.,Change %
2026-08-31,96.05,96.05,96.05,96.05,,0.22%
2026-08-28,95.84,95.84,95.84,95.84,,0.17%
2026-08-27,95.68,95.68,95.68,95.68,,0.10%
2026-08-26,95.58,95.58,95.58,95.58,,0.19%
2026-08-25,95.4,95.4,95.4,95.4,,0.06%
2026-08-24,95.34,95.34,95.34,95.34,,0.14%
2026-08-21,95.21,95.21,95.21,95.21,,0.05%
2026-08-20,95.16,95.16,95.16,95.16,,-0.01%
2026-08-19,95.17,95.17,95.17,95.17,,-0.12%
2026-08-18,95.28,95.28,95.28,95.28,,0.35%
2026-08-17,94.95,94.95,94.95,94.95,,-0.23%
2026-08-14,95.17,95.17,95.17,95.17,,0.13%
2026-08-13,95.05,95.05,95.05,95.05,,-0.04%
2026-08-12,95.09,95.09,95.09,95.09,,0.01%
2026-08-11,95.08,95.08,95.08,95.08,,0.56%
2026-08-10,94.55,94.55,94.55,94.55,,0.11%
2026-08-07,94.45,94.45,94.45,94.45,,-0.87%
2026-08-06,95.28,95.28,95.28,95.28,,1.46%
2026-08-05,93.91,93.91,93.91,93.91,,0.22%
2026-08-04,93.7,93.7,93.7,93.7,,0.04%
2026-08-03,93.66,93.66,93.66,93.66,,-4.43%
2026-07-31,98.0,98.0,98.0,98.0,,-0.25%
2026-07-30,98.25,98.25,98.25,98.25,,-0.02%
2026-07-29,98.27,98.27,98.27,98.27,,-0.03%
2026-07-28,98.3,98.3,98.3,98.3,,-0.05%
2026-07-27,98.35,98.35,98.35,98.35,,-0.07%
2026-07-24,98.42,98.42,98.42,98.42,,-0.05%
2026-07-23,98.47,98.47,98.47,98.47,,0.09%
2026-07-22,98.38,98.38,98.38,98.38,,-0.27%
2026-07-21,98.65,98.65,98.65,98.65,,-0.05%
2026-07-20,98.7,98.7,98.7,98.7,,-0.18%
2026-07-17,98.88,98.88,98.88,98.88,,0.07%
2026-07-16,98.81,98.81,98.81,98.81,,-0.07%
2026-07-15,98.88,98.88,98.88,98.88,,-0.04%
2026-07-14,98.92,98.92,98.92,98.92,,0.62%
2026-07-13,98.31,98.31,98.31,98.31,,-0.42%
2026-07-10,98.72,98.72,98.72,98.72,,0.15%
2026-07-09,98.57,98.57,98.57,98.57,,-0.29%
2026-07-08,98.86,98.86,98.86,98.86,,0.86%
2026-07-07,98.02,98.02,98.02,98.02,,-0.28%
2026-07-06,98.3,98.3,98.3,98.3,,0.05%
2026-07-02,98.25,98.25,98.25,98.25,,-0.11%
2026-07-01,98.36,98.36,98.36,98.36,,-1.84%
2026-06-30,100.2,100.2,100.2,100.2,,-0.06%
2026-06-29,100.26,100.26,100.26,100.26,,-0.07%
2026-06-26,100.33,100.33,100.33,100.33,,-0.04%
2026-06-25,100.37,100.37,100.37,100.37,,-0.15%
2026-06-24,100.52,100.52,100.52,100.52,,-0.01%
2026-06-23,100.53,100.53,100.53,100.53,,-0.25%
2026-06-22,100.78,100.78,100.78,100.78,,-0.36%
2026-06-18,101.14,101.14,101.14,101.14,,-0.14%
2026-06-17,101.28,101.28,101.28,101.28,,-0.37%
2026-06-16,101.66,101.66,101.66,101.66,,-0.27%
2026-06-15,101.94,101.94,101.94,101.94,,0.31%
2026-06-12,101.62,101.62,101.62,101.62,,0.02%
2026-06-11,101.6,101.6,101.6,101.6,,-0.10%
2026-06-10,101.7,101.7,101.7,101.7,,0.33%
2026-06-09,101.37,101.37,101.37,101.37,,0.32%
2026-06-08,101.05,101.05,101.05,101.05,,-0.93%
2026-06-05,102.0,102.0,102.0,102.0,,0.04%
2026-06-04,101.96,101.96,101.96,101.96,,-1.69%
2026-06-03,103.71,103.71,103.71,103.71,,-1.35%
2026-06-02,105.13,105.13,105.13,105.13,,0.10%
2026-06-01,105.03,105.03,105.03,105.03,,-3.48%
2026-05-29,108.82,108.82,108.82,108.82,,-0.20%
2026-05-28,109.04,109.04,109.04,109.04,,-0.21%
2026-05-27,109.27,109.27,109.27,109.27,,0.01%
2026-05-26,109.26,109.26,109.26,109.26,,-0.37%
2026-05-22,109.67,109.67,109.67,109.67,,-0.11%
2026-05-21,109.79,109.79,109.79,109.79,,-0.27%
2026-05-20,110.09,110.09,110.09,110.09,,-0.22%
2026-05-19,110.33,110.33,110.33,110.33,,-0.19%
2026-05-18,110.54,110.54,110.54,110.54,,-0.21%
2026-05-15,110.77,110.77,110.77,110.77,,-0.31%
2026-05-14,111.12,111.12,111.12,111.12,,-0.14%
2026-05-13,111.28,111.28,111.28,111.28,,0.15%
2026-05-12,111.11,111.11,111.11,111.11,,-0.28%
2026-05-11,111.42,111.42,111.42,111.42,,0.44%
2026-05-08,110.93,110.93,110.93,110.93,,-0.02%
2026-05-07,110.95,110.95,110.95,110.95,,0.08%
2026-05-06,110.86,110.86,110.86,110.86,,2.10%
2026-05-05,108.58,108.58,108.58,108.58,,0.38%
2026-05-04,108.17,108.17,108.17,108.17,,0.29%
2026-05-01,107.86,107.86,107.86,107.86,,0.63%
2026-04-30,107.18,107.18,107.18,107.18,,0.03%
2026-04-29,107.15,107.15,107.15,107.15,,0.03%
2026-04-28,107.12,107.12,107.12,107.12,,-0.01%
2026-04-27,107.13,107.13,107.13,107.13,,0.03%
2026-04-24,107.1,107.1,107.1,107.1,,0.04%
2026-04-23,107.06,107.06,107.06,107.06,,-0.05%
2026-04-22,107.11,107.11,107.11,107.11,,0.06%
2026-04-21,107.05,107.05,107.05,107.05,,-0.04%
2026-04-20,107.09,107.09,107.09,107.09,,0.22%
2026-04-17,106.85,106.85,106.85,106.85,,-0.24%
2026-04-16,107.11,107.11,107.11,107.11,,0.34%
2026-04-15,106.75,106.75,106.75,106.75,,0.35%
2026-04-14,106.38,106.38,106.38,106.38,,-0.63%
2026-04-13,107.05,107.05,107.05,107.05,,0.39%
2026-04-10,106.63,106.63,106.63,106.63,,0.34%
2026-04-09,106.27,106.27,106.27,106.27,,-1.45%
2026-04-08,107.83,107.83,107.83,107.83,,-0.45%
2026-04-07,108.32,108.32,108.32,108.32,,0.32%
2026-04-06,107.97,107.97,107.97,107.97,,0.48%
2026-04-03,107.45,107.45,107.45,107.45,,0.00%
2026-04-02,107.45,107.45,107.45,107.45,,-0.06%
2026-04-01,107.51,107.51,107.51,107.51,,1.06%
2026-03-31,106.38,106.38,106.38,106.38,,0.06%
2026-03-30,106.32,106.32,106.32,106.32,,0.09%
2026-03-27,106.22,106.22,106.22,106.22,,0.08%
2026-03-26,106.14,106.14,106.14,106.14,,0.11%
2026-03-25,106.02,106.02,106.02,106.02,,-0.08%
2026-03-24,106.1,106.1,106.1,106.1,,0.09%
2026-03-23,106.0,106.0,106.0,106.0,,0.10%
2026-03-20,105.89,105.89,105.89,105.89,,0.24%
2026-03-19,105.64,105.64,105.64,105.64,,0.09%
2026-03-18,105.54,105.54,105.54,105.54,,-0.22%
2026-03-17,105.77,105.77,105.77,105.77,,0.41%
2026-03-16,105.34,105.34,105.34,105.34,,0.19%
2026-03-13,105.14,105.14,105.14,105.14,,0.40%
2026-03-12,104.72,104.72,104.72,104.72,,1.15%
2026-03-11,103.53,103.53,103.53,103.53,,0.30%
2026-03-10,103.22,103.22,103.22,103.22,,0.31%
2026-03-09,102.9,102.9,102.9,102.9,,0.97%
2026-03-06,101.91,101.91,101.91,101.91,,1.01%
2026-03-05,100.89,100.89,100.89,100.89,,0.83%
2026-03-04,100.06,100.06,100.06,100.06,,0.49%
2026-03-03,99.57,99.57,99.57,99.57,,-0.24%
2026-03-02,99.81,99.81,99.81,99.81,,0.76%
2026-02-27,99.06,99.06,99.06,99.06,,0.03%
2026-02-26,99.03,99.03,99.03,99.03,,-0.04%
2026-02-25,99.07,99.07,99.07,99.07,,-0.08%
2026-02-24,99.15,99.15,99.15,99.15,,-0.12%
2026-02-23,99.27,99.27,99.27,99.27,,-0.06%
2026-02-20,99.33,99.33,99.33,99.33,,-0.28%
2026-02-19,99.61,99.61,99.61,99.61,,-0.13%
2026-02-18,99.74,99.74,99.74,99.74,,0.00%
2026-02-17,99.74,99.74,99.74,99.74,,0.08%
2026-02-13,99.66,99.66,99.66,99.66,,-0.71%
2026-02-12,100.37,100.37,100.37,100.37,,-0.22%
2026-02-11,100.59,100.59,100.59,100.59,,-0.25%
2026-02-10,100.84,100.84,100.84,100.84,,0.21%
2026-02-09,100.63,100.63,100.63,100.63,,0.52%
2026-02-06,100.11,100.11,100.11,100.11,,-0.91%
2026-02-05,101.03,101.03,101.03,101.03,,-1.12%
2026-02-04,102.17,102.17,102.17,102.17,,0.01%
2026-02-03,102.16,102.16,102.16,102.16,,-0.49%
2026-02-02,102.66,102.66,102.66,102.66,,-2.80%
2026-01-30,105.62,105.62,105.62,105.62,,-0.14%
2026-01-29,105.77,105.77,105.77,105.77,,-0.08%
2026-01-28,105.85,105.85,105.85,105.85,,-0.17%
2026-01-27,106.03,106.03,106.03,106.03,,-0.11%
2026-01-26,106.15,106.15,106.15,106.15,,-0.20%
2026-01-23,106.36,106.36,106.36,106.36,,-0.06%
2026-01-22,106.42,106.42,106.42,106.42,,-0.04%
2026-01-21,106.46,106.46,106.46,106.46,,-0.08%
2026-01-20,106.54,106.54,106.54,106.54,,-0.57%
2026-01-16,107.15,107.15,107.15,107.15,,-0.22%
2026-01-15,107.39,107.39,107.39,107.39,,-0.27%
2026-01-14,107.68,107.68,107.68,107.68,,-0.20%
2026-01-13,107.9,107.9,107.9,107.9,,-0.32%
2026-01-12,108.25,108.25,108.25,108.25,,0.20%
2026-01-09,108.03,108.03,108.03,108.03,,0.35%
2026-01-08,107.65,107.65,107.65,107.65,,-0.77%
2026-01-07,108.48,108.48,108.48,108.48,,1.58%
2026-01-06,106.79,106.79,106.79,106.79,,0.62%
2026-01-05,106.13,106.13,106.13,106.13,,-0.97%
2026-01-02,107.17,107.17,107.17,107.17,,0.04%
2025-12-31,107.13,107.13,107.13,107.13,,0.00%
2025-12-30,107.13,107.13,107.13,107.13,,0.05%
2025-12-29,107.08,107.08,107.08,107.08,,0.08%
2025-12-26,106.99,106.99,106.99,106.99,,0.05%
2025-12-24,106.94,106.94,106.94,106.94,,-0.01%
2025-12-23,106.95,106.95,106.95,106.95,,0.01%
2025-12-22,106.94,106.94,106.94,106.94,,0.02%
2025-12-19,106.92,106.92,106.92,106.92,,0.02%
2025-12-18,106.9,106.9,106.9,106.9,,0.27%
2025-12-17,106.61,106.61,106.61,106.61,,0.24%
2025-12-16,106.36,106.36,106.36,106.36,,0.25%
2025-12-15,106.1,106.1,106.1,106.1,,0.05%
2025-12-12,106.05,106.05,106.05,106.05,,-0.15%
2025-12-11,106.21,106.21,106.21,106.21,,-0.42%
2025-12-10,106.66,106.66,106.66,106.66,,0.35%
2025-12-09,106.29,106.29,106.29,106.29,,-0.12%
2025-12-08,106.42,106.42,106.42,106.42,,-0.76%
2025-12-05,107.24,107.24,107.24,107.24,,-0.59%
2025-12-04,107.88,107.88,107.88,107.88,,0.10%
2025-12-03,107.77,107.77,107.77,107.77,,0.39%
2025-12-02,107.35,107.35,107.35,107.35,,0.38%
2025-12-01,106.94,106.94,106.94,106.94,,2.00%
2025-11-28,104.84,104.84,104.84,104.84,,0.20%
2025-11-26,104.63,104.63,104.63,104.63,,0.11%
2025-11-25,104.51,104.51,104.51,104.51,,0.09%
2025-11-24,104.42,104.42,104.42,104.42,,0.15%
2025-11-21,104.26,104.26,104.26,104.26,,0.02%
2025-11-20,104.24,104.24,104.24,104.24,,-0.02%
2025-11-19,104.26,104.26,104.26,104.26,,-0.05%
2025-11-18,104.31,104.31,104.31,104.31,,-0.11%
2025-11-17,104.42,104.42,104.42,104.42,,0.45%
2025-11-14,103.95,103.95,103.95,103.95,,-0.10%
2025-11-13,104.05,104.05,104.05,104.05,,-0.12%
2025-11-12,104.17,104.17,104.17,104.17,,0.59%
2025-11-11,103.56,103.56,103.56,103.56,,-0.39%
2025-11-10,103.97,103.97,103.97,103.97,,0.61%
2025-11-07,103.34,103.34,103.34,103.34,,-1.66%
2025-11-06,105.08,105.08,105.08,105.08,,0.33%
2025-11-05,104.73,104.73,104.73,104.73,,0.20%
2025-11-04,104.52,104.52,104.52,104.52,,-1.25%
2025-11-03,105.84,105.84,105.84,105.84,,0.01%
2025-10-31,105.83,105.83,105.83,105.83,,0.09%
2025-10-30,105.73,105.73,105.73,105.73,,0.07%
2025-10-29,105.66,105.66,105.66,105.66,,0.09%
2025-10-28,105.56,105.56,105.56,105.56,,-0.01%
2025-10-27,105.57,105.57,105.57,105.57,,0.15%
2025-10-24,105.41,105.41,105.41,105.41,,-0.13%
2025-10-23,105.55,105.55,105.55,105.55,,0.00%
2025-10-22,105.55,105.55,105.55,105.55,,0.02%
2025-10-21,105.53,105.53,105.53,105.53,,0.03%
2025-10-20,105.5,105.5,105.5,105.5,,0.14%
2025-10-17,105.35,105.35,105.35,105.35,,-0.20%
2025-10-16,105.56,105.56,105.56,105.56,,0.01%
2025-10-15,105.55,105.55,105.55,105.55,,0.29%
2025-10-14,105.25,105.25,105.25,105.25,,-1.20%
2025-10-13,106.53,106.53,106.53,106.53,,0.75%
2025-10-10,105.74,105.74,105.74,105.74,,0.84%
2025-10-09,104.86,104.86,104.86,104.86,,0.55%
2025-10-08,104.29,104.29,104.29,104.29,,0.07%
2025-10-07,104.22,104.22,104.22,104.22,,-0.25%
2025-10-06,104.48,104.48,104.48,104.48,,0.11%
2025-10-03,104.36,104.36,104.36,104.36,,0.25%
2025-10-02,104.1,104.1,104.1,104.1,,0.08%
2025-10-01,104.02,104.02,104.02,104.02,,-1.21%
2025-09-30,105.29,105.29,105.29,105.29,,-0.06%
2025-09-29,105.35,105.35,105.35,105.35,,-0.09%
2025-09-26,105.44,105.44,105.44,105.44,,-0.09%
2025-09-25,105.54,105.54,105.54,105.54,,0.00%
2025-09-24,105.54,105.54,105.54,105.54,,0.05%
2025-09-23,105.49,105.49,105.49,105.49,,0.00%
2025-09-22,105.49,105.49,105.49,105.49,,0.05%
2025-09-19,105.44,105.44,105.44,105.44,,0.19%
2025-09-18,105.24,105.24,105.24,105.24,,-0.06%
2025-09-17,105.3,105.3,105.3,105.3,,-0.11%
2025-09-16,105.42,105.42,105.42,105.42,,0.10%
2025-09-15,105.31,105.31,105.31,105.31,,-0.11%
2025-09-12,105.43,105.43,105.43,105.43,,0.24%
2025-09-11,105.18,105.18,105.18,105.18,,-0.59%
2025-09-10,105.8,105.8,105.8,105.8,,-0.26%
2025-09-09,106.08,106.08,106.08,106.08,,1.10%
2025-09-08,104.93,104.93,104.93,104.93,,0.42%
2025-09-05,104.49,104.49,104.49,104.49,,-0.04%
2025-09-04,104.53,104.53,104.53,104.53,,1.25%
2025-09-03,103.24,103.24,103.24,103.24,,0.69%
2025-09-02,102.53,102.53,102.53,102.53,,0.71%
2025-08-29,101.81,101.81,101.81,101.81,,0.10%
2025-08-28,101.71,101.71,101.71,101.71,,0.12%
2025-08-27,101.59,101.59,101.59,101.59,,0.06%
2025-08-26,101.53,101.53,101.53,101.53,,-0.07%
2025-08-25,101.6,101.6,101.6,101.6,,0.18%
2025-08-22,101.42,101.42,101.42,101.42,,-0.15%
2025-08-21,101.57,101.57,101.57,101.57,,0.05%
2025-08-20,101.52,101.52,101.52,101.52,,-0.05%
2025-08-19,101.57,101.57,101.57,101.57,,-0.05%
2025-08-18,101.62,101.62,101.62,101.62,,0.03%
2025-08-15,101.59,101.59,101.59,101.59,,-0.24%
2025-08-14,101.83,101.83,101.83,101.83,,-0.20%
2025-08-13,102.03,102.03,102.03,102.03,,-0.37%
2025-08-12,102.41,102.41,102.41,102.41,,0.44%
2025-08-11,101.96,101.96,101.96,101.96,,0.73%
2025-08-08,101.22,101.22,101.22,101.22,,0.01%
2025-08-07,101.21,101.21,101.21,101.21,,0.29%
2025-08-06,100.92,100.92,100.92,100.92,,-0.43%
2025-08-05,101.36,101.36,101.36,101.36,,0.59%
2025-08-04,100.77,100.77,100.77,100.77,,1.21%
2025-08-01,99.57,99.57,99.57,99.57,,0.45%
2025-07-31,99.12,99.12,99.12,99.12,,0.05%
2025-07-30,99.07,99.07,99.07,99.07,,0.09%
2025-07-29,98.98,98.98,98.98,98.98,,0.31%
2025-07-28,98.67,98.67,98.67,98.67,,0.12%
2025-07-25,98.55,98.55,98.55,98.55,,-0.03%
2025-07-24,98.58,98.58,98.58,98.58,,0.32%
2025-07-23,98.27,98.27,98.27,98.27,,0.16%
2025-07-22,98.11,98.11,98.11,98.11,,0.28%
2025-07-21,97.84,97.84,97.84,97.84,,0.64%
2025-07-18,97.22,97.22,97.22,97.22,,0.04%
2025-07-17,97.18,97.18,97.18,97.18,,0.12%
2025-07-16,97.06,97.06,97.06,97.06,,0.58%
2025-07-15,96.5,96.5,96.5,96.5,,-0.27%
2025-07-14,96.76,96.76,96.76,96.76,,0.05%
2025-07-11,96.71,96.71,96.71,96.71,,-0.05%
2025-07-10,96.76,96.76,96.76,96.76,,1.51%
2025-07-09,95.32,95.32,95.32,95.32,,-0.24%
2025-07-08,95.55,95.55,95.55,95.55,,0.35%
2025-07-07,95.22,95.22,95.22,95.22,,-1.06%
2025-07-03,96.24,96.24,96.24,96.24,,1.17%
2025-07-02,95.13,95.13,95.13,95.13,,1.84%
2025-07-01,93.41,93.41,93.41,93.41,,-1.12%
2025-06-30,94.47,94.47,94.47,94.47,,-0.02%
2025-06-27,94.49,94.49,94.49,94.49,,0.01%
2025-06-26,94.48,94.48,94.48,94.48,,-0.04%
2025-06-25,94.52,94.52,94.52,94.52,,-0.12%
2025-06-24,94.63,94.63,94.63,94.63,,-0.13%
2025-06-23,94.75,94.75,94.75,94.75,,-0.02%
2025-06-20,94.77,94.77,94.77,94.77,,0.06%
2025-06-18,94.71,94.71,94.71,94.71,,-0.16%
2025-06-17,94.86,94.86,94.86,94.86,,-0.39%
2025-06-16,95.23,95.23,95.23,95.23,,-0.16%
2025-06-13,95.38,95.38,95.38,95.38,,-0.08%
2025-06-12,95.46,95.46,95.46,95.46,,-0.33%
2025-06-11,95.78,95.78,95.78,95.78,,0.32%
2025-06-10,95.47,95.47,95.47,95.47,,-0.16%
2025-06-09,95.62,95.62,95.62,95.62,,-0.58%
2025-06-06,96.18,96.18,96.18,96.18,,0.50%
2025-06-05,95.7,95.7,95.7,95.7,,-0.58%
2025-06-04,96.26,96.26,96.26,96.26,,1.01%
2025-06-03,95.3,95.3,95.3,95.3,,-0.68%
2025-06-02,95.95,95.95,95.95,95.95,,-3.20%
2025-05-30,99.12,99.12,99.12,99.12,,-0.15%
2025-05-29,99.27,99.27,99.27,99.27,,-0.12%
2025-05-28,99.39,99.39,99.39,99.39,,-0.09%
2025-05-27,99.48,99.48,99.48,99.48,,-0.33%
2025-05-23,99.81,99.81,99.81,99.81,,-0.08%
2025-05-22,99.89,99.89,99.89,99.89,,-0.16%
2025-05-21,100.05,100.05,100.05,100.05,,0.00%
2025-05-20,100.05,100.05,100.05,100.05,,0.05%
2025-05-19,100.0,100.0,100.0,100.0,,-0.08%
2025-05-16,100.08,100.08,100.08,100.08,,-0.34%
2025-05-15,100.42,100.42,100.42,100.42,,-0.33%
2025-05-14,100.75,100.75,100.75,100.75,,1.25%
2025-05-13,99.51,99.51,99.51,99.51,,-0.24%
2025-05-12,99.75,99.75,99.75,99.75,,1.22%
2025-05-09,98.55,98.55,98.55,98.55,,0.33%
2025-05-08,98.23,98.23,98.23,98.23,,-1.11%
2025-05-07,99.33,99.33,99.33,99.33,,0.71%
2025-05-06,98.63,98.63,98.63,98.63,,1.25%
2025-05-05,97.41,97.41,97.41,97.41,,-0.79%
2025-05-02,98.19,98.19,98.19,98.19,,-1.07%
2025-05-01,99.25,99.25,99.25,99.25,,-0.51%
2025-04-30,99.76,99.76,99.76,99.76,,-0.10%
2025-04-29,99.86,99.86,99.86,99.86,,-0.05%
2025-04-28,99.91,99.91,99.91,99.91,,-0.01%
2025-04-25,99.92,99.92,99.92,99.92,,-0.06%
2025-04-24,99.98,99.98,99.98,99.98,,-0.11%
2025-04-23,100.09,100.09,100.09,100.09,,0.21%
2025-04-22,99.88,99.88,99.88,99.88,,-0.04%
2025-04-21,99.92,99.92,99.92,99.92,,-0.13%
2025-04-17,100.05,100.05,100.05,100.05,,-0.03%
2025-04-16,100.08,100.08,100.08,100.08,,-0.11%
2025-04-15,100.19,100.19,100.19,100.19,,0.11%
2025-04-14,100.08,100.08,100.08,100.08,,0.13%
2025-04-11,99.95,99.95,99.95,99.95,,0.06%
2025-04-10,99.89,99.89,99.89,99.89,,0.85%
2025-04-09,99.05,99.05,99.05,99.05,,-0.20%
2025-04-08,99.25,99.25,99.25,99.25,,-1.59%
2025-04-07,100.85,100.85,100.85,100.85,,-1.74%
2025-04-04,102.64,102.64,102.64,102.64,,-1.48%
2025-04-03,104.18,104.18,104.18,104.18,,-0.07%
2025-04-02,104.25,104.25,104.25,104.25,,2.00%
2025-04-01,102.21,102.21,102.21,102.21,,-0.29%
2025-03-31,102.51,102.51,102.51,102.51,,0.08%
2025-03-28,102.43,102.43,102.43,102.43,,0.07%
2025-03-27,102.36,102.36,102.36,102.36,,0.11%
2025-03-26,102.25,102.25,102.25,102.25,,0.07%
2025-03-25,102.18,102.18,102.18,102.18,,-0.03%
2025-03-24,102.21,102.21,102.21,102.21,,0.21%
2025-03-21,102.0,102.0,102.0,102.0,,-0.15%
2025-03-20,102.15,102.15,102.15,102.15,,0.04%
2025-03-19,102.11,102.11,102.11,102.11,,-0.30%
2025-03-18,102.42,102.42,102.42,102.42,,0.10%
2025-03-17,102.32,102.32,102.32,102.32,,-0.52%
2025-03-14,102.85,102.85,102.85,102.85,,0.68%
2025-03-13,102.16,102.16,102.16,102.16,,0.71%
2025-03-12,101.44,101.44,101.44,101.44,,0.39%
2025-03-11,101.05,101.05,101.05,101.05,,0.06%
2025-03-10,100.99,100.99,100.99,100.99,,-0.30%
2025-03-07,101.29,101.29,101.29,101.29,,0.05%
2025-03-06,101.24,101.24,101.24,101.24,,0.52%
2025-03-05,100.72,100.72,100.72,100.72,,-0.88%
2025-03-04,101.61,101.61,101.61,101.61,,0.79%
2025-03-03,100.81,100.81,100.81,100.81,,-5.70%
2025-02-28,106.9,106.9,106.9,106.9,,-0.16%
2025-02-27,107.07,107.07,107.07,107.07,,-0.07%
2025-02-26,107.15,107.15,107.15,107.15,,-0.02%
2025-02-25,107.17,107.17,107.17,107.17,,-0.02%
2025-02-24,107.19,107.19,107.19,107.19,,0.06%
2025-02-21,107.13,107.13,107.13,107.13,,0.12%
2025-02-20,107.0,107.0,107.0,107.0,,0.22%
2025-02-19,106.76,106.76,106.76,106.76,,0.02%
2025-02-18,106.74,106.74,106.74,106.74,,-0.08%
2025-02-14,106.83,106.83,106.83,106.83,,0.06%
2025-02-13,106.77,106.77,106.77,106.77,,-0.46%
2025-02-12,107.26,107.26,107.26,107.26,,0.88%
2025-02-11,106.32,106.32,106.32,106.32,,-0.61%
2025-02-10,106.97,106.97,106.97,106.97,,0.56%
2025-02-07,106.37,106.37,106.37,106.37,,0.13%
2025-02-06,106.23,106.23,106.23,106.23,,1.35%
2025-02-05,104.81,104.81,104.81,104.81,,-0.56%
2025-02-04,105.4,105.4,105.4,105.4,,0.36%
2025-02-03,105.02,105.02,105.02,105.02,,3.38%
2025-01-31,101.59,101.59,101.59,101.59,,0.26%
2025-01-30,101.33,101.33,101.33,101.33,,0.00%
2025-01-29,101.33,101.33,101.33,101.33,,0.03%
2025-01-28,101.3,101.3,101.3,101.3,,-0.04%
2025-01-27,101.34,101.34,101.34,101.34,,0.00%
2025-01-24,101.34,101.34,101.34,101.34,,0.00%
2025-01-23,101.34,101.34,101.34,101.34,,-0.06%
2025-01-22,101.4,101.4,101.4,101.4,,0.19%
2025-01-21,101.21,101.21,101.21,101.21,,0.00%
2025-01-17,101.21,101.21,101.21,101.21,,0.72%
2025-01-16,100.49,100.49,100.49,100.49,,0.29%
2025-01-15,100.2,100.2,100.2,100.2,,0.21%
2025-01-14,99.99,99.99,99.99,99.99,,1.29%
2025-01-13,98.72,98.72,98.72,98.72,,0.64%
2025-01-10,98.09,98.09,98.09,98.09,,0.00%
2025-01-09,98.09,98.09,98.09,98.09,,0.36%
2025-01-08,97.74,97.74,97.74,97.74,,-0.10%
2025-01-07,97.84,97.84,97.84,97.84,,-1.61%
2025-01-06,99.44,99.44,99.44,99.44,,0.00%
2025-01-03,99.44,99.44,99.44,99.44,,-1.16%
2025-01-02,100.61,100.61,100.61,100.61,,-2.90%
2024-12-31,103.61,103.61,103.61,103.61,,-0.16%
2024-12-30,103.78,103.78,103.78,103.78,,-0.12%
2024-12-27,103.9,103.9,103.9,103.9,,-0.17%
2024-12-26,104.08,104.08,104.08,104.08,,0.00%
2024-12-24,104.08,104.08,104.08,104.08,,0.23%
2024-12-23,103.84,103.84,103.84,103.84,,0.00%
2024-12-20,103.84,103.84,103.84,103.84,,-0.23%
2024-12-19,104.08,104.08,104.08,104.08,,-0.62%
2024-12-18,104.73,104.73,104.73,104.73,,-0.81%
2024-12-17,105.58,105.58,105.58,105.58,,0.16%
2024-12-16,105.41,105.41,105.41,105.41,,0.09%
2024-12-13,105.31,105.31,105.31,105.31,,-0.17%
2024-12-12,105.49,105.49,105.49,105.49,,-0.03%
2024-12-11,105.52,105.52,105.52,105.52,,-0.10%
2024-12-10,105.63,105.63,105.63,105.63,,-0.67%
2024-12-09,106.34,106.34,106.34,106.34,,0.05%
2024-12-05,106.29,106.29,106.29,106.29,,0.00%
2024-12-04,106.29,106.29,106.29,106.29,,0.20%
2024-12-03,106.08,106.08,106.08,106.08,,0.72%
2024-12-02,105.32,105.32,105.32,105.32,,2.81%
2024-11-29,102.44,102.44,102.44,102.44,,0.26%
2024-11-27,102.17,102.17,102.17,102.17,,0.11%
2024-11-26,102.06,102.06,102.06,102.06,,0.05%
2024-11-25,102.01,102.01,102.01,102.01,,0.06%
2024-11-22,101.95,101.95,101.95,101.95,,-0.07%
2024-11-21,102.02,102.02,102.02,102.02,,0.07%
2024-11-20,101.95,101.95,101.95,101.95,,0.06%
2024-11-19,101.89,101.89,101.89,101.89,,0.13%
2024-11-18,101.76,101.76,101.76,101.76,,0.13%
2024-11-15,101.63,101.63,101.63,101.63,,-0.58%
2024-11-14,102.22,102.22,102.22,102.22,,-0.64%
2024-11-13,102.88,102.88,102.88,102.88,,-0.08%
2024-11-12,102.96,102.96,102.96,102.96,,-0.14%
2024-11-11,103.1,103.1,103.1,103.1,,-0.69%
2024-11-08,103.82,103.82,103.82,103.82,,-1.33%
2024-11-07,105.22,105.22,105.22,105.22,,1.16%
2024-11-06,104.01,104.01,104.01,104.01,,-1.03%
2024-11-05,105.09,105.09,105.09,105.09,,1.14%
2024-11-04,103.91,103.91,103.91,103.91,,1.39%
2024-11-01,102.49,102.49,102.49,102.49,,-1.24%
2024-10-31,103.78,103.78,103.78,103.78,,-0.29%
2024-10-30,104.08,104.08,104.08,104.08,,-0.01%
2024-10-29,104.09,104.09,104.09,104.09,,-0.06%
2024-10-28,104.15,104.15,104.15,104.15,,-0.08%
2024-10-25,104.23,104.23,104.23,104.23,,-0.16%
2024-10-24,104.4,104.4,104.4,104.4,,-0.21%
2024-10-23,104.62,104.62,104.62,104.62,,-0.30%
2024-10-22,104.94,104.94,104.94,104.94,,-0.28%
2024-10-21,105.23,105.23,105.23,105.23,,-0.13%
2024-10-18,105.37,105.37,105.37,105.37,,0.01%
2024-10-17,105.36,105.36,105.36,105.36,,-0.79%
2024-10-16,106.2,106.2,106.2,106.2,,-0.40%
2024-10-15,106.63,106.63,106.63,106.63,,-0.45%
2024-10-14,107.11,107.11,107.11,107.11,,0.63%
2024-10-11,106.44,106.44,106.44,106.44,,0.60%
2024-10-10,105.81,105.81,105.81,105.81,,-0.68%
2024-10-09,106.53,106.53,106.53,106.53,,0.22%
2024-10-08,106.3,106.3,106.3,106.3,,-5.42%
2024-10-07,112.39,112.39,112.39,112.39,,3.26%
2024-10-04,108.84,108.84,108.84,108.84,,0.49%
2024-10-03,108.31,108.31,108.31,108.31,,-0.90%
2024-10-02,109.29,109.29,109.29,109.29,,0.51%
2024-10-01,108.74,108.74,108.74,108.74,,15.89%
2024-09-30,93.83,93.83,93.83,93.83,,0.91%
2024-09-27,92.98,92.98,92.98,92.98,,0.48%
2024-09-26,92.54,92.54,92.54,92.54,,0.31%
2024-09-25,92.25,92.25,92.25,92.25,,0.40%
2024-09-24,91.88,91.88,91.88,91.88,,0.31%
2024-09-23,91.6,91.6,91.6,91.6,,-0.36%
2024-09-20,91.93,91.93,91.93,91.93,,-0.11%
2024-09-19,92.03,92.03,92.03,92.03,,0.50%
2024-09-18,91.57,91.57,91.57,91.57,,-0.45%
2024-09-17,91.98,91.98,91.98,91.98,,0.04%
2024-09-16,91.94,91.94,91.94,91.94,,-0.35%
2024-09-13,92.26,92.26,92.26,92.26,,-0.86%
2024-09-12,93.06,93.06,93.06,93.06,,0.82%
2024-09-11,92.3,92.3,92.3,92.3,,1.12%
2024-09-10,91.28,91.28,91.28,91.28,,-0.52%
2024-09-09,91.76,91.76,91.76,91.76,,0.16%
2024-09-06,91.61,91.61,91.61,91.61,,0.34%
2024-09-05,91.3,91.3,91.3,91.3,,-1.75%
2024-09-04,92.93,92.93,92.93,92.93,,-7.58%
2024-09-03,100.55,100.55,100.55,100.55,,1.87%
2024-08-30,98.7,98.7,98.7,98.7,,0.07%
2024-08-29,98.63,98.63,98.63,98.63,,0.12%
2024-08-28,98.51,98.51,98.51,98.51,,0.06%
2024-08-27,98.45,98.45,98.45,98.45,,0.15%
2024-08-26,98.3,98.3,98.3,98.3,,0.25%
2024-08-23,98.05,98.05,98.05,98.05,,-0.14%
2024-08-22,98.19,98.19,98.19,98.19,,-0.19%
2024-08-21,98.38,98.38,98.38,98.38,,0.40%
2024-08-20,97.99,97.99,97.99,97.99,,-0.11%
2024-08-19,98.1,98.1,98.1,98.1,,0.30%
2024-08-16,97.81,97.81,97.81,97.81,,-0.75%
2024-08-15,98.55,98.55,98.55,98.55,,-0.66%
2024-08-14,99.2,99.2,99.2,99.2,,-1.23%
2024-08-13,100.44,100.44,100.44,100.44,,-0.23%
2024-08-12,100.67,100.67,100.67,100.67,,-0.58%
2024-08-09,101.26,101.26,101.26,101.26,,0.51%
2024-08-08,100.75,100.75,100.75,100.75,,-0.94%
2024-08-07,101.71,101.71,101.71,101.71,,-1.12%
2024-08-06,102.86,102.86,102.86,102.86,,-1.27%
2024-08-05,104.18,104.18,104.18,104.18,,0.17%
2024-08-02,104.0,104.0,104.0,104.0,,1.14%
2024-08-01,102.83,102.83,102.83,102.83,,-2.94%
2024-07-31,105.94,105.94,105.94,105.94,,-0.29%
2024-07-30,106.25,106.25,106.25,106.25,,-0.32%
2024-07-29,106.59,106.59,106.59,106.59,,-0.25%
2024-07-26,106.86,106.86,106.86,106.86,,-0.26%
2024-07-25,107.14,107.14,107.14,107.14,,-0.31%
2024-07-24,107.47,107.47,107.47,107.47,,-0.30%
2024-07-23,107.79,107.79,107.79,107.79,,-0.34%
2024-07-22,108.16,108.16,108.16,108.16,,-0.27%
2024-07-19,108.45,108.45,108.45,108.45,,-0.26%
2024-07-18,108.73,108.73,108.73,108.73,,-0.19%
2024-07-17,108.94,108.94,108.94,108.94,,-0.41%
2024-07-16,109.39,109.39,109.39,109.39,,-0.26%
2024-07-15,109.67,109.67,109.67,109.67,,0.08%
2024-07-12,109.58,109.58,109.58,109.58,,0.00%
2024-07-11,109.58,109.58,109.58,109.58,,0.77%
2024-07-10,108.74,108.74,108.74,108.74,,-1.60%
2024-07-09,110.51,110.51,110.51,110.51,,0.45%
2024-07-08,110.02,110.02,110.02,110.02,,-1.16%
2024-07-05,111.31,111.31,111.31,111.31,,-1.55%
2024-07-03,113.06,113.06,113.06,113.06,,2.48%
2024-07-02,110.32,110.32,110.32,110.32,,2.15%
2024-07-01,108.0,108.0,108.0,108.0,,1.40%
2024-06-28,106.51,106.51,106.51,106.51,,0.00%
2024-06-27,106.51,106.51,106.51,106.51,,-0.05%
2024-06-26,106.56,106.56,106.56,106.56,,0.09%
2024-06-25,106.46,106.46,106.46,106.46,,-0.08%
2024-06-24,106.55,106.55,106.55,106.55,,-0.38%
2024-06-21,106.96,106.96,106.96,106.96,,-0.18%
2024-06-20,107.15,107.15,107.15,107.15,,0.04%
2024-06-18,107.11,107.11,107.11,107.11,,0.06%
2024-06-17,107.05,107.05,107.05,107.05,,-0.26%
2024-06-14,107.33,107.33,107.33,107.33,,0.20%
2024-06-13,107.12,107.12,107.12,107.12,,0.66%
2024-06-12,106.42,106.42,106.42,106.42,,0.14%
2024-06-11,106.27,106.27,106.27,106.27,,-1.03%
2024-06-10,107.38,107.38,107.38,107.38,,-1.01%
2024-06-07,108.48,108.48,108.48,108.48,,-0.02%
2024-06-06,108.5,108.5,108.5,108.5,,1.38%
2024-06-05,107.02,107.02,107.02,107.02,,-0.62%
2024-06-04,107.69,107.69,107.69,107.69,,-2.19%
2024-06-03,110.1,110.1,110.1,110.1,,-6.31%
2024-05-31,117.52,117.52,117.52,117.52,,-0.09%
2024-05-30,117.62,117.62,117.62,117.62,,-0.10%
2024-05-29,117.74,117.74,117.74,117.74,,0.05%
2024-05-28,117.68,117.68,117.68,117.68,,0.02%
2024-05-24,117.66,117.66,117.66,117.66,,0.11%
2024-05-23,117.53,117.53,117.53,117.53,,-0.09%
2024-05-22,117.64,117.64,117.64,117.64,,0.06%
2024-05-21,117.57,117.57,117.57,117.57,,0.28%
2024-05-20,117.24,117.24,117.24,117.24,,0.19%
2024-05-17,117.02,117.02,117.02,117.02,,0.15%
2024-05-16,116.85,116.85,116.85,116.85,,0.47%
2024-05-15,116.3,116.3,116.3,116.3,,-0.30%
2024-05-14,116.65,116.65,116.65,116.65,,-0.56%
2024-05-13,117.31,117.31,117.31,117.31,,0.32%
2024-05-10,116.93,116.93,116.93,116.93,,-0.03%
2024-05-09,116.96,116.96,116.96,116.96,,0.32%
2024-05-08,116.59,116.59,116.59,116.59,,-1.77%
2024-05-07,118.69,118.69,118.69,118.69,,-0.73%
2024-05-06,119.56,119.56,119.56,119.56,,1.30%
2024-05-03,118.03,118.03,118.03,118.03,,-0.04%
2024-05-02,118.08,118.08,118.08,118.08,,0.74%
2024-05-01,117.21,117.21,117.21,117.21,,5.68%
2024-04-30,110.91,110.91,110.91,110.91,,0.33%
2024-04-29,110.54,110.54,110.54,110.54,,0.34%
2024-04-26,110.16,110.16,110.16,110.16,,0.44%
2024-04-25,109.68,109.68,109.68,109.68,,0.41%
2024-04-24,109.23,109.23,109.23,109.23,,0.43%
2024-04-23,108.76,108.76,108.76,108.76,,0.13%
2024-04-22,108.62,108.62,108.62,108.62,,0.34%
2024-04-19,108.25,108.25,108.25,108.25,,0.28%
2024-04-18,107.95,107.95,107.95,107.95,,0.61%
2024-04-17,107.3,107.3,107.3,107.3,,1.16%
2024-04-16,106.07,106.07,106.07,106.07,,0.02%
2024-04-15,106.05,106.05,106.05,106.05,,0.00%
2024-04-12,106.05,106.05,106.05,106.05,,1.28%
2024-04-11,104.71,104.71,104.71,104.71,,0.66%
2024-04-10,104.02,104.02,104.02,104.02,,-0.30%
2024-04-09,104.33,104.33,104.33,104.33,,1.61%
2024-04-08,102.68,102.68,102.68,102.68,,2.71%
2024-04-05,99.97,99.97,99.97,99.97,,0.08%
2024-04-04,99.89,99.89,99.89,99.89,,-0.52%
2024-04-03,100.41,100.41,100.41,100.41,,-2.43%
2024-04-02,102.91,102.91,102.91,102.91,,0.57%
2024-04-01,102.33,102.33,102.33,102.33,,-6.57%
2024-03-28,109.53,109.53,109.53,109.53,,-0.28%
2024-03-27,109.84,109.84,109.84,109.84,,-0.40%
2024-03-26,110.28,110.28,110.28,110.28,,-0.35%
2024-03-25,110.67,110.67,110.67,110.67,,0.03%
2024-03-22,110.64,110.64,110.64,110.64,,-0.27%
2024-03-21,110.94,110.94,110.94,110.94,,0.59%
2024-03-20,110.29,110.29,110.29,110.29,,-0.38%
2024-03-19,110.71,110.71,110.71,110.71,,0.22%
2024-03-18,110.47,110.47,110.47,110.47,,0.78%
2024-03-15,109.61,109.61,109.61,109.61,,-1.20%
2024-03-14,110.94,110.94,110.94,110.94,,-0.74%
2024-03-13,111.77,111.77,111.77,111.77,,-1.22%
2024-03-12,113.15,113.15,113.15,113.15,,0.13%
2024-03-11,113.0,113.0,113.0,113.0,,-3.46%
2024-03-08,117.05,117.05,117.05,117.05,,-0.77%
2024-03-07,117.96,117.96,117.96,117.96,,0.85%
2024-03-06,116.96,116.96,116.96,116.96,,0.65%
2024-03-05,116.21,116.21,116.21,116.21,,-0.62%
2024-03-04,116.94,116.94,116.94,116.94,,2.68%
2024-03-01,113.89,113.89,113.89,113.89,,-8.79%
2024-02-29,124.86,124.86,124.86,124.86,,-0.40%
2024-02-28,125.36,125.36,125.36,125.36,,-0.38%
2024-02-27,125.84,125.84,125.84,125.84,,-0.21%
2024-02-26,126.11,126.11,126.11,126.11,,-0.58%
2024-02-23,126.85,126.85,126.85,126.85,,-0.76%
2024-02-22,127.82,127.82,127.82,127.82,,0.41%
2024-02-21,127.3,127.3,127.3,127.3,,-0.48%
2024-02-20,127.92,127.92,127.92,127.92,,-1.06%
2024-02-16,129.29,129.29,129.29,129.29,,0.09%
2024-02-15,129.17,129.17,129.17,129.17,,0.05%
2024-02-14,129.1,129.1,129.1,129.1,,0.06%
2024-02-13,129.02,129.02,129.02,129.02,,0.12%
2024-02-12,128.87,128.87,128.87,128.87,,0.09%
2024-02-09,128.75,128.75,128.75,128.75,,-0.25%
2024-02-08,129.07,129.07,129.07,129.07,,1.61%
2024-02-07,127.03,127.03,127.03,127.03,,-0.28%
2024-02-06,127.39,127.39,127.39,127.39,,-1.20%
2024-02-05,128.94,128.94,128.94,128.94,,0.24%
2024-02-02,128.63,128.63,128.63,128.63,,-3.05%
2024-02-01,132.67,132.67,132.67,132.67,,-1.82%
2024-01-31,135.13,135.13,135.13,135.13,,-0.35%
2024-01-30,135.61,135.61,135.61,135.61,,0.04%
2024-01-29,135.55,135.55,135.55,135.55,,0.00%
2024-01-26,135.55,135.55,135.55,135.55,,0.01%
2024-01-25,135.54,135.54,135.54,135.54,,0.04%
2024-01-24,135.49,135.49,135.49,135.49,,0.01%
2024-01-23,135.48,135.48,135.48,135.48,,0.04%
2024-01-22,135.42,135.42,135.42,135.42,,-0.34%
2024-01-19,135.88,135.88,135.88,135.88,,-0.15%
2024-01-18,136.08,136.08,136.08,136.08,,0.21%
2024-01-17,135.79,135.79,135.79,135.79,,-0.70%
2024-01-16,136.75,136.75,136.75,136.75,,-0.34%
2024-01-12,137.22,137.22,137.22,137.22,,-1.17%
2024-01-11,138.85,138.85,138.85,138.85,,0.50%
2024-01-10,138.16,138.16,138.16,138.16,,-1.68%
2024-01-09,140.52,140.52,140.52,140.52,,-0.25%
2024-01-08,140.87,140.87,140.87,140.87,,-0.41%
2024-01-05,141.45,141.45,141.45,141.45,,-1.05%
2024-01-04,142.95,142.95,142.95,142.95,,-0.84%
2024-01-03,144.16,144.16,144.16,144.16,,5.71%
2024-01-02,136.37,136.37,136.37,136.37,,0.00%
2023-12-29,136.37,136.37,136.37,136.37,,0.15%
2023-12-28,136.16,136.16,136.16,136.16,,0.07%
2023-12-27,136.07,136.07,136.07,136.07,,0.24%
2023-12-26,135.75,135.75,135.75,135.75,,0.17%
2023-12-22,135.52,135.52,135.52,135.52,,0.16%
2023-12-21,135.31,135.31,135.31,135.31,,0.34%
2023-12-20,134.85,134.85,134.85,134.85,,0.15%
2023-12-19,134.65,134.65,134.65,134.65,,0.03%
2023-12-18,134.61,134.61,134.61,134.61,,-0.35%
2023-12-15,135.08,135.08,135.08,135.08,,-0.10%
2023-12-14,135.22,135.22,135.22,135.22,,0.14%
2023-12-13,135.03,135.03,135.03,135.03,,-0.46%
2023-12-12,135.66,135.66,135.66,135.66,,0.37%
2023-12-11,135.16,135.16,135.16,135.16,,-0.21%
2023-12-08,135.45,135.45,135.45,135.45,,0.78%
2023-12-07,134.4,134.4,134.4,134.4,,1.11%
2023-12-06,132.92,132.92,132.92,132.92,,1.64%
2023-12-05,130.77,130.77,130.77,130.77,,0.24%
2023-12-04,130.46,130.46,130.46,130.46,,0.00%
2023-12-01,130.46,130.46,130.46,130.46,,0.00%
2023-11-30,130.46,130.46,130.46,130.46,,0.06%
2023-11-29,130.38,130.38,130.38,130.38,,-0.02%
2023-11-28,130.4,130.4,130.4,130.4,,-0.02%
2023-11-27,130.42,130.42,130.42,130.42,,0.20%
2023-11-24,130.16,130.16,130.16,130.16,,0.25%
2023-11-22,129.84,129.84,129.84,129.84,,0.22%
2023-11-21,129.55,129.55,129.55,129.55,,0.19%
2023-11-20,129.31,129.31,129.31,129.31,,0.28%
2023-11-17,128.95,128.95,128.95,128.95,,-0.36%
2023-11-16,129.42,129.42,129.42,129.42,,0.13%
2023-11-15,129.25,129.25,129.25,129.25,,0.36%
2023-11-14,128.78,128.78,128.78,128.78,,0.34%
2023-11-13,128.34,128.34,128.34,128.34,,0.21%
2023-11-10,128.07,128.07,128.07,128.07,,0.54%
2023-11-09,127.38,127.38,127.38,127.38,,0.09%
2023-11-08,127.26,127.26,127.26,127.26,,1.04%
2023-11-07,125.95,125.95,125.95,125.95,,-0.54%
2023-11-06,126.63,126.63,126.63,126.63,,0.38%
2023-11-03,126.15,126.15,126.15,126.15,,0.46%
2023-11-02,125.57,125.57,125.57,125.57,,2.65%
2023-11-01,122.33,122.33,122.33,122.33,,2.88%
2023-10-31,118.91,118.91,118.91,118.91,,0.18%
2023-10-30,118.7,118.7,118.7,118.7,,0.13%
2023-10-27,118.55,118.55,118.55,118.55,,0.08%
2023-10-26,118.45,118.45,118.45,118.45,,-0.03%
2023-10-25,118.48,118.48,118.48,118.48,,0.25%
2023-10-24,118.19,118.19,118.19,118.19,,-0.22%
2023-10-23,118.45,118.45,118.45,118.45,,-0.17%
2023-10-20,118.65,118.65,118.65,118.65,,-0.33%
2023-10-19,119.04,119.04,119.04,119.04,,0.03%
2023-10-18,119.01,119.01,119.01,119.01,,-0.25%
2023-10-17,119.31,119.31,119.31,119.31,,0.05%
2023-10-16,119.25,119.25,119.25,119.25,,0.57%
2023-10-13,118.57,118.57,118.57,118.57,,0.98%
2023-10-12,117.42,117.42,117.42,117.42,,-0.75%
2023-10-11,118.31,118.31,118.31,118.31,,0.78%
2023-10-10,117.4,117.4,117.4,117.4,,-0.66%
2023-10-09,118.18,118.18,118.18,118.18,,0.37%
2023-10-06,117.74,117.74,117.74,117.74,,0.27%
2023-10-05,117.42,117.42,117.42,117.42,,-0.52%
2023-10-04,118.03,118.03,118.03,118.03,,-0.35%
2023-10-03,118.44,118.44,118.44,118.44,,-1.42%
2023-10-02,120.14,120.14,120.14,120.14,,-0.54%
2023-09-29,120.79,120.79,120.79,120.79,,-0.04%
2023-09-28,120.84,120.84,120.84,120.84,,0.00%
2023-09-27,120.84,120.84,120.84,120.84,,-0.07%
2023-09-26,120.93,120.93,120.93,120.93,,-0.21%
2023-09-25,121.18,121.18,121.18,121.18,,-0.12%
2023-09-22,121.33,121.33,121.33,121.33,,-0.30%
2023-09-21,121.69,121.69,121.69,121.69,,-0.11%
2023-09-20,121.83,121.83,121.83,121.83,,-0.27%
2023-09-19,122.16,122.16,122.16,122.16,,-0.03%
2023-09-18,122.2,122.2,122.2,122.2,,0.75%
2023-09-15,121.29,121.29,121.29,121.29,,0.61%
2023-09-14,120.56,120.56,120.56,120.56,,0.02%
2023-09-13,120.53,120.53,120.53,120.53,,0.17%
2023-09-12,120.33,120.33,120.33,120.33,,1.78%
2023-09-11,118.23,118.23,118.23,118.23,,1.14%
2023-09-08,116.9,116.9,116.9,116.9,,-0.43%
2023-09-07,117.4,117.4,117.4,117.4,,-1.32%
2023-09-06,118.97,118.97,118.97,118.97,,1.57%
2023-09-05,117.13,117.13,117.13,117.13,,-0.90%
2023-09-01,118.19,118.19,118.19,118.19,,8.03%
2023-08-31,109.4,109.4,109.4,109.4,,0.38%
2023-08-30,108.99,108.99,108.99,108.99,,0.31%
2023-08-29,108.65,108.65,108.65,108.65,,0.31%
2023-08-28,108.31,108.31,108.31,108.31,,0.09%
2023-08-25,108.21,108.21,108.21,108.21,,0.36%
2023-08-24,107.82,107.82,107.82,107.82,,0.33%
2023-08-23,107.47,107.47,107.47,107.47,,0.66%
2023-08-22,106.77,106.77,106.77,106.77,,0.27%
2023-08-21,106.48,106.48,106.48,106.48,,0.36%
2023-08-18,106.1,106.1,106.1,106.1,,0.44%
2023-08-17,105.64,105.64,105.64,105.64,,0.79%
2023-08-16,104.81,104.81,104.81,104.81,,0.01%
2023-08-15,104.8,104.8,104.8,104.8,,0.16%
2023-08-14,104.63,104.63,104.63,104.63,,-0.70%
2023-08-11,105.37,105.37,105.37,105.37,,0.74%
2023-08-10,104.6,104.6,104.6,104.6,,-0.10%
2023-08-09,104.7,104.7,104.7,104.7,,0.28%
2023-08-08,104.41,104.41,104.41,104.41,,-0.31%
2023-08-07,104.73,104.73,104.73,104.73,,-0.43%
2023-08-04,105.18,105.18,105.18,105.18,,0.88%
2023-08-03,104.26,104.26,104.26,104.26,,-2.93%
2023-08-02,107.41,107.41,107.41,107.41,,-0.84%
2023-08-01,108.32,108.32,108.32,108.32,,-3.68%
2023-07-31,112.46,112.46,112.46,112.46,,-0.20%
2023-07-28,112.69,112.69,112.69,112.69,,-0.19%
2023-07-27,112.9,112.9,112.9,112.9,,0.01%
2023-07-26,112.89,112.89,112.89,112.89,,0.15%
2023-07-25,112.72,112.72,112.72,112.72,,0.19%
2023-07-24,112.51,112.51,112.51,112.51,,0.04%
2023-07-21,112.47,112.47,112.47,112.47,,0.04%
2023-07-20,112.43,112.43,112.43,112.43,,0.31%
2023-07-19,112.08,112.08,112.08,112.08,,-0.08%
2023-07-18,112.17,112.17,112.17,112.17,,0.32%
2023-07-17,111.81,111.81,111.81,111.81,,-0.51%
2023-07-14,112.38,112.38,112.38,112.38,,1.29%
2023-07-13,110.95,110.95,110.95,110.95,,0.31%
2023-07-12,110.61,110.61,110.61,110.61,,1.16%
2023-07-11,109.34,109.34,109.34,109.34,,0.12%
2023-07-10,109.21,109.21,109.21,109.21,,-1.20%
2023-07-07,110.54,110.54,110.54,110.54,,-1.54%
2023-07-06,112.27,112.27,112.27,112.27,,0.38%
2023-07-05,111.84,111.84,111.84,111.84,,0.87%
2023-07-03,110.87,110.87,110.87,110.87,,-1.51%
2023-06-30,112.57,112.57,112.57,112.57,,-0.04%
2023-06-29,112.62,112.62,112.62,112.62,,-0.02%
2023-06-28,112.64,112.64,112.64,112.64,,0.04%
2023-06-27,112.6,112.6,112.6,112.6,,0.12%
2023-06-26,112.46,112.46,112.46,112.46,,-0.17%
2023-06-23,112.65,112.65,112.65,112.65,,-0.18%
2023-06-22,112.85,112.85,112.85,112.85,,0.00%
2023-06-21,112.85,112.85,112.85,112.85,,-0.20%
2023-06-20,113.08,113.08,113.08,113.08,,0.05%
2023-06-16,113.02,113.02,113.02,113.02,,0.08%
2023-06-15,112.93,112.93,112.93,112.93,,0.16%
2023-06-14,112.75,112.75,112.75,112.75,,0.27%
2023-06-13,112.45,112.45,112.45,112.45,,1.18%
2023-06-12,111.14,111.14,111.14,111.14,,-1.61%
2023-06-09,112.96,112.96,112.96,112.96,,1.37%
2023-06-08,111.43,111.43,111.43,111.43,,2.06%
2023-06-07,109.18,109.18,109.18,109.18,,0.54%
2023-06-06,108.59,108.59,108.59,108.59,,1.13%
2023-06-05,107.38,107.38,107.38,107.38,,0.99%
2023-06-02,106.33,106.33,106.33,106.33,,1.75%
2023-06-01,104.5,104.5,104.5,104.5,,-0.54%
2023-05-31,105.07,105.07,105.07,105.07,,-0.12%
2023-05-30,105.2,105.2,105.2,105.2,,-0.20%
2023-05-26,105.41,105.41,105.41,105.41,,-0.18%
2023-05-25,105.6,105.6,105.6,105.6,,0.04%
2023-05-24,105.56,105.56,105.56,105.56,,-0.92%
2023-05-23,106.54,106.54,106.54,106.54,,-0.58%
2023-05-22,107.16,107.16,107.16,107.16,,0.06%
2023-05-19,107.1,107.1,107.1,107.1,,-0.16%
2023-05-18,107.27,107.27,107.27,107.27,,-0.10%
2023-05-17,107.38,107.38,107.38,107.38,,0.51%
2023-05-16,106.84,106.84,106.84,106.84,,0.07%
2023-05-15,106.77,106.77,106.77,106.77,,1.53%
2023-05-12,105.16,105.16,105.16,105.16,,0.34%
2023-05-11,104.8,104.8,104.8,104.8,,-1.92%
2023-05-10,106.85,106.85,106.85,106.85,,0.75%
2023-05-09,106.05,106.05,106.05,106.05,,-1.26%
2023-05-08,107.4,107.4,107.4,107.4,,3.72%
2023-05-05,103.55,103.55,103.55,103.55,,-0.31%
2023-05-04,103.87,103.87,103.87,103.87,,-1.53%
2023-05-03,105.48,105.48,105.48,105.48,,-0.50%
2023-05-02,106.01,106.01,106.01,106.01,,2.32%
2023-05-01,103.61,103.61,103.61,103.61,,-10.79%
2023-04-28,116.14,116.14,116.14,116.14,,-0.06%
2023-04-27,116.21,116.21,116.21,116.21,,-0.43%
2023-04-26,116.71,116.71,116.71,116.71,,-0.76%
2023-04-25,117.6,117.6,117.6,117.6,,0.72%
2023-04-24,116.76,116.76,116.76,116.76,,-0.38%
2023-04-21,117.21,117.21,117.21,117.21,,-1.76%
2023-04-20,119.31,119.31,119.31,119.31,,-0.79%
2023-04-19,120.26,120.26,120.26,120.26,,-0.07%
2023-04-18,120.34,120.34,120.34,120.34,,0.27%
2023-04-17,120.01,120.01,120.01,120.01,,0.76%
2023-04-14,119.11,119.11,119.11,119.11,,-0.68%
2023-04-13,119.92,119.92,119.92,119.92,,-0.48%
2023-04-12,120.5,120.5,120.5,120.5,,-0.45%
2023-04-11,121.05,121.05,121.05,121.05,,1.09%
2023-04-10,119.75,119.75,119.75,119.75,,0.50%
2023-04-06,119.16,119.16,119.16,119.16,,-0.43%
2023-04-05,119.67,119.67,119.67,119.67,,-0.47%
2023-04-04,120.24,120.24,120.24,120.24,,-1.60%
2023-04-03,122.19,122.19,122.19,122.19,0.03K,-3.83%
2023-03-31,127.06,127.06,127.06,127.06,,0.83%
2023-03-30,126.01,126.01,126.01,126.01,,0.00%
2023-03-29,126.01,126.01,126.01,126.01,,0.00%
2023-03-28,126.01,126.01,126.01,126.01,,0.00%
2023-03-27,126.01,126.01,126.01,126.01,,0.00%
2023-03-24,126.01,126.01,126.01,126.01,,-0.51%
2023-03-23,126.66,126.66,126.66,126.66,,-0.84%
2023-03-22,127.73,127.73,127.73,127.73,,-0.22%
2023-03-21,128.01,128.01,128.01,128.01,,-0.19%
2023-03-20,128.26,128.26,128.26,128.26,,-1.34%
2023-03-17,130.0,130.0,130.0,130.0,,0.85%
2023-03-16,128.91,128.91,128.91,128.91,,-0.91%
2023-03-15,130.09,130.09,130.09,130.09,,0.04%
2023-03-14,130.04,130.04,130.04,130.04,,-0.34%
2023-03-13,130.49,130.49,130.49,130.49,,0.81%
2023-03-10,129.44,129.44,129.44,129.44,,-0.03%
2023-03-09,129.48,129.48,129.48,129.48,,1.66%
2023-03-08,127.37,127.37,127.37,127.37,,0.03%
2023-03-07,127.33,127.33,127.33,127.33,,1.46%
2023-03-06,125.5,125.5,125.5,125.5,,-0.90%
2023-03-03,126.64,126.64,126.64,126.64,,-0.30%
2023-03-02,127.02,127.02,127.02,127.02,0.05K,0.17%
2023-03-01,126.8,126.8,126.8,126.8,,0.83%
2023-02-28,125.75,125.75,125.75,125.75,,0.01%
2023-02-27,125.74,125.74,125.74,125.74,,-0.09%
2023-02-24,125.85,125.85,125.85,125.85,,-0.06%
2023-02-23,125.92,125.92,125.92,125.92,,0.12%
2023-02-22,125.77,125.77,125.77,125.77,,-0.45%
2023-02-21,126.34,126.34,126.34,126.34,,1.12%
2023-02-17,124.94,124.94,124.94,124.94,,0.20%
2023-02-16,124.69,124.69,124.69,124.69,,0.28%
2023-02-15,124.34,124.34,124.34,124.34,,0.11%
2023-02-14,124.2,124.2,124.2,124.2,,0.36%
2023-02-13,123.76,123.76,123.76,123.76,,-1.10%
2023-02-10,125.14,125.14,125.14,125.14,,0.39%
2023-02-09,124.65,124.65,124.65,124.65,,1.17%
2023-02-08,123.21,123.21,123.21,123.21,,0.37%
2023-02-07,122.75,122.75,122.75,122.75,,-1.28%
2023-02-06,124.34,124.34,124.34,124.34,0.10K,-0.73%
2023-02-03,125.26,125.26,125.26,125.26,,1.06%
2023-02-02,123.95,123.95,123.95,123.95,,-1.88%
2023-02-01,126.33,126.33,126.33,126.33,,2.40%
2023-01-31,123.37,123.37,123.37,123.37,,0.24%
2023-01-30,123.08,123.08,123.08,123.08,,0.31%
2023-01-27,122.7,122.7,122.7,122.7,,0.17%
2023-01-26,122.49,122.49,122.49,122.49,,0.46%
2023-01-25,121.93,121.93,121.93,121.93,,-0.03%
2023-01-24,121.97,121.97,121.97,121.97,,0.02%
2023-01-23,121.94,121.94,121.94,121.94,,-0.18%
2023-01-20,122.16,122.16,122.16,122.16,,0.30%
2023-01-19,121.79,121.79,121.79,121.79,,0.50%
2023-01-18,121.19,121.19,121.19,121.19,,0.20%
2023-01-17,120.95,120.95,120.95,120.95,,-1.13%
2023-01-13,122.33,122.33,122.33,122.33,,0.88%
2023-01-12,121.26,121.26,121.26,121.26,,0.20%
2023-01-11,121.02,121.02,121.02,121.02,,1.14%
2023-01-10,119.66,119.66,119.66,119.66,,1.92%
2023-01-09,117.41,117.41,117.41,117.41,,0.72%
2023-01-06,116.57,116.57,116.57,116.57,,1.39%
2023-01-05,114.97,114.97,114.97,114.97,,-0.33%
2023-01-04,115.35,115.35,115.35,115.35,,-2.07%
2023-01-03,117.79,117.79,117.79,117.79,,5.85%
2022-12-30,111.28,111.28,111.28,111.28,,0.27%
2022-12-29,110.98,110.98,110.98,110.98,,0.16%
2022-12-28,110.8,110.8,110.8,110.8,,0.14%
2022-12-27,110.64,110.64,110.64,110.64,,0.14%
2022-12-23,110.48,110.48,110.48,110.48,,0.05%
2022-12-22,110.43,110.43,110.43,110.43,,-0.28%
2022-12-21,110.74,110.74,110.74,110.74,,0.80%
2022-12-20,109.86,109.86,109.86,109.86,,0.27%
2022-12-19,109.56,109.56,109.56,109.56,,-0.64%
2022-12-16,110.27,110.27,110.27,110.27,,-0.21%
2022-12-15,110.5,110.5,110.5,110.5,,1.13%
2022-12-14,109.26,109.26,109.26,109.26,,0.03%
2022-12-13,109.23,109.23,109.23,109.23,,-0.22%
2022-12-12,109.47,109.47,109.47,109.47,,-0.91%
2022-12-09,110.48,110.48,110.48,110.48,,0.90%
2022-12-08,109.49,109.49,109.49,109.49,,2.24%
2022-12-07,107.09,107.09,107.09,107.09,0.03K,-1.29%
2022-12-06,108.49,108.49,108.49,108.49,,0.75%
2022-12-05,107.68,107.68,107.68,107.68,,0.22%
2022-12-02,107.44,107.44,107.44,107.44,,4.21%
2022-12-01,103.1,103.1,103.1,103.1,,10.56%
2022-11-30,93.25,93.25,93.25,93.25,,0.38%
2022-11-29,92.9,92.9,92.9,92.9,,-0.15%
2022-11-28,93.04,93.04,93.04,93.04,,0.32%
2022-11-25,92.74,92.74,92.74,92.74,,0.87%
2022-11-23,91.94,91.94,91.94,91.94,,0.54%
2022-11-22,91.45,91.45,91.45,91.45,,-0.10%
2022-11-21,91.54,91.54,91.54,91.54,,-1.45%
2022-11-18,92.89,92.89,92.89,92.89,,-0.21%
2022-11-17,93.09,93.09,93.09,93.09,,0.81%
2022-11-16,92.34,92.34,92.34,92.34,,0.05%
2022-11-15,92.29,92.29,92.29,92.29,,0.22%
2022-11-14,92.09,92.09,92.09,92.09,,1.43%
2022-11-11,90.79,90.79,90.79,90.79,,2.95%
2022-11-10,88.19,88.19,88.19,88.19,,0.78%
2022-11-09,87.51,87.51,87.51,87.51,,2.55%
2022-11-08,85.33,85.33,85.33,85.33,,-2.08%
2022-11-07,87.14,87.14,87.14,87.14,,2.33%
2022-11-04,85.16,85.16,85.16,85.16,,2.15%
2022-11-03,83.37,83.37,83.37,83.37,,1.55%
2022-11-02,82.1,82.1,82.1,82.1,,2.59%
2022-11-01,80.03,80.03,80.03,80.03,,-13.42%
2022-10-31,92.43,92.43,92.43,92.43,,-0.62%
2022-10-28,93.01,93.01,93.01,93.01,,0.22%
2022-10-27,92.81,92.81,92.81,92.81,,-0.80%
2022-10-26,93.56,93.56,93.56,93.56,,-1.11%
2022-10-25,94.61,94.61,94.61,94.61,,0.11%
2022-10-24,94.51,94.51,94.51,94.51,,-0.37%
2022-10-21,94.86,94.86,94.86,94.86,,0.11%
2022-10-20,94.76,94.76,94.76,94.76,,-0.11%
2022-10-19,94.86,94.86,94.86,94.86,,-0.37%
2022-10-18,95.21,95.21,95.21,95.21,,0.29%
2022-10-17,94.93,94.93,94.93,94.93,,-1.04%
2022-10-14,95.93,95.93,95.93,95.93,,0.56%
2022-10-13,95.4,95.4,95.4,95.4,,-0.76%
2022-10-12,96.13,96.13,96.13,96.13,,-0.87%
2022-10-11,96.97,96.97,96.97,96.97,,-0.39%
2022-10-10,97.35,97.35,97.35,97.35,,1.81%
2022-10-07,95.62,95.62,95.62,95.62,,0.17%
2022-10-06,95.46,95.46,95.46,95.46,,0.21%
2022-10-05,95.26,95.26,95.26,95.26,,0.05%
2022-10-04,95.21,95.21,95.21,95.21,,1.05%
2022-10-03,94.22,94.22,94.22,94.22,,-4.16%
2022-09-30,98.31,98.31,98.31,98.31,,-0.11%
2022-09-29,98.42,98.42,98.42,98.42,,-0.10%
2022-09-28,98.52,98.52,98.52,98.52,,-0.19%
2022-09-27,98.71,98.71,98.71,98.71,,-0.30%
2022-09-26,99.01,99.01,99.01,99.01,,0.12%
2022-09-23,98.89,98.89,98.89,98.89,,0.06%
2022-09-22,98.83,98.83,98.83,98.83,,0.18%
2022-09-21,98.65,98.65,98.65,98.65,,-0.15%
2022-09-20,98.8,98.8,98.8,98.8,,-0.19%
2022-09-19,98.99,98.99,98.99,98.99,,-0.27%
2022-09-16,99.26,99.26,99.26,99.26,,-1.13%
2022-09-15,100.39,100.39,100.39,100.39,,-0.04%
2022-09-14,100.43,100.43,100.43,100.43,,-0.99%
2022-09-13,101.43,101.43,101.43,101.43,,0.02%
2022-09-12,101.41,101.41,101.41,101.41,,1.20%
2022-09-09,100.21,100.21,100.21,100.21,,1.87%
2022-09-08,98.37,98.37,98.37,98.37,,1.21%
2022-09-07,97.19,97.19,97.19,97.19,,-0.26%
2022-09-06,97.44,97.44,97.44,97.44,,1.98%
2022-09-02,95.55,95.55,95.55,95.55,,-0.77%
2022-09-01,96.29,96.29,96.29,96.29,,-8.09%
2022-08-31,104.76,104.76,104.76,104.76,,-0.15%
2022-08-30,104.92,104.92,104.92,104.92,,-0.34%
2022-08-29,105.28,105.28,105.28,105.28,,-0.20%
2022-08-26,105.49,105.49,105.49,105.49,,0.13%
2022-08-25,105.35,105.35,105.35,105.35,,-0.19%
2022-08-24,105.55,105.55,105.55,105.55,,-0.02%
2022-08-23,105.57,105.57,105.57,105.57,,0.05%
2022-08-22,105.52,105.52,105.52,105.52,,-0.11%
2022-08-19,105.64,105.64,105.64,105.64,,-0.39%
2022-08-18,106.05,106.05,106.05,106.05,,0.51%
2022-08-17,105.51,105.51,105.51,105.51,,-1.73%
2022-08-16,107.37,107.37,107.37,107.37,,-0.21%
2022-08-15,107.6,107.6,107.6,107.6,,-1.92%
2022-08-12,109.71,109.71,109.71,109.71,,-0.63%
2022-08-11,110.41,110.41,110.41,110.41,,0.71%
2022-08-10,109.63,109.63,109.63,109.63,,-0.20%
2022-08-09,109.85,109.85,109.85,109.85,,-0.48%
2022-08-08,110.38,110.38,110.38,110.38,,1.08%
2022-08-05,109.2,109.2,109.2,109.2,,2.03%
2022-08-04,107.03,107.03,107.03,107.03,,-2.80%
2022-08-03,110.11,110.11,110.11,110.11,,-2.87%
2022-08-02,113.36,113.36,113.36,113.36,,-0.87%
2022-08-01,114.35,114.35,114.35,114.35,,6.65%
2022-07-29,107.22,107.22,107.22,107.22,,0.31%
2022-07-28,106.89,106.89,106.89,106.89,,0.61%
2022-07-27,106.24,106.24,106.24,106.24,,0.22%
2022-07-26,106.01,106.01,106.01,106.01,,0.56%
2022-07-25,105.42,105.42,105.42,105.42,,0.03%
2022-07-22,105.39,105.39,105.39,105.39,,0.11%
2022-07-21,105.27,105.27,105.27,105.27,,0.73%
2022-07-20,104.51,104.51,104.51,104.51,,-0.24%
2022-07-19,104.76,104.76,104.76,104.76,,-1.81%
2022-07-18,106.69,106.69,106.69,106.69,,2.29%
2022-07-15,104.3,104.3,104.3,104.3,,-1.61%
2022-07-14,106.01,106.01,106.01,106.01,,-4.54%
2022-07-13,111.05,111.05,111.05,111.05,,1.25%
2022-07-12,109.68,109.68,109.68,109.68,,-0.26%
2022-07-11,109.97,109.97,109.97,109.97,,-3.31%
2022-07-08,113.74,113.74,113.74,113.74,,-1.22%
2022-07-07,115.14,115.14,115.14,115.14,,2.46%
2022-07-06,112.38,112.38,112.38,112.38,,-1.08%
2022-07-05,113.61,113.61,113.61,113.61,,-0.73%
2022-07-01,114.45,114.45,114.45,114.45,,-11.96%
2022-06-30,130.0,130.0,130.0,130.0,,-0.35%
2022-06-29,130.46,130.46,130.46,130.46,,-0.42%
2022-06-28,131.01,131.01,131.01,131.01,,0.06%
2022-06-27,130.93,130.93,130.93,130.93,,0.94%
2022-06-24,129.71,129.71,129.71,129.71,,-1.32%
2022-06-23,131.45,131.45,131.45,131.45,,2.76%
2022-06-22,127.92,127.92,127.92,127.92,,-4.16%
2022-06-21,133.47,133.47,133.47,133.47,,-1.64%
2022-06-17,135.69,135.69,135.69,135.69,0.15K,-1.57%
2022-06-16,137.85,137.85,137.85,137.85,,0.50%
2022-06-15,137.17,137.17,137.17,137.17,,-2.08%
2022-06-14,140.09,140.09,140.09,140.09,,-0.18%
2022-06-13,140.34,140.34,140.34,140.34,,-0.83%
2022-06-10,141.51,141.51,141.51,141.51,,-1.48%
2022-06-09,143.63,143.63,143.63,143.63,,-1.18%
2022-06-08,145.34,145.34,145.34,145.34,,-0.37%
2022-06-07,145.88,145.88,145.88,145.88,,0.74%
2022-06-06,144.81,144.81,144.81,144.81,,0.55%
2022-06-03,144.02,144.02,144.02,144.02,,1.17%
2022-06-02,142.35,142.35,142.35,142.35,,3.94%
2022-06-01,136.95,136.95,136.95,136.95,,2.58%
2022-05-31,133.51,133.51,133.51,133.51,,0.26%
2022-05-27,133.17,133.17,133.17,133.17,,0.14%
2022-05-26,132.98,132.98,132.98,132.98,,-0.22%
2022-05-25,133.27,133.27,133.27,133.27,,-0.03%
2022-05-24,133.31,133.31,133.31,133.31,,-0.51%
2022-05-23,133.99,133.99,133.99,133.99,,0.25%
2022-05-20,133.66,133.66,133.66,133.66,,1.32%
2022-05-19,131.92,131.92,131.92,131.92,,0.85%
2022-05-18,130.81,130.81,130.81,130.81,,-1.36%
2022-05-17,132.61,132.61,132.61,132.61,,-0.26%
2022-05-16,132.96,132.96,132.96,132.96,,0.48%
2022-05-13,132.33,132.33,132.33,132.33,,0.27%
2022-05-12,131.98,131.98,131.98,131.98,,-1.70%
2022-05-11,134.26,134.26,134.26,134.26,,1.79%
2022-05-10,131.9,131.9,131.9,131.9,,-1.06%
2022-05-09,133.31,133.31,133.31,133.31,,-2.63%
2022-05-06,136.91,136.91,136.91,136.91,,-5.51%
2022-05-05,144.9,144.9,144.9,144.9,,1.40%
2022-05-04,142.9,142.9,142.9,142.9,,-0.82%
2022-05-03,144.08,144.08,144.08,144.08,,0.00%
2022-05-02,144.08,144.08,144.08,144.08,,-4.44%
2022-04-29,150.77,150.77,150.77,150.77,,-0.28%
2022-04-28,151.19,151.19,151.19,151.19,,-0.28%
2022-04-27,151.62,151.62,151.62,151.62,,-0.30%
2022-04-26,152.08,152.08,152.08,152.08,,-0.26%
2022-04-25,152.47,152.47,152.47,152.47,,-1.08%
2022-04-22,154.13,154.13,154.13,154.13,,-0.09%
2022-04-21,154.27,154.27,154.27,154.27,,-0.09%
2022-04-20,154.41,154.41,154.41,154.41,,-0.11%
2022-04-19,154.58,154.58,154.58,154.58,,-0.67%
2022-04-18,155.62,155.62,155.62,155.62,,-0.04%
2022-04-14,155.69,155.69,155.69,155.69,,0.66%
2022-04-13,154.67,154.67,154.67,154.67,,-0.57%
2022-04-12,155.56,155.56,155.56,155.56,,-0.24%
2022-04-11,155.94,155.94,155.94,155.94,,1.12%
2022-04-08,154.21,154.21,154.21,154.21,,-1.96%
2022-04-07,157.29,157.29,157.29,157.29,,-1.74%
2022-04-06,160.08,160.08,160.08,160.08,,-0.73%
2022-04-05,161.25,161.25,161.25,161.25,,-0.36%
2022-04-04,161.84,161.84,161.84,161.84,,1.24%
2022-04-01,159.85,159.85,159.85,159.85,,5.97%
2022-03-31,150.84,150.84,150.84,150.84,,0.15%
2022-03-30,150.61,150.61,150.61,150.61,,0.31%
2022-03-29,150.14,150.14,150.14,150.14,,0.00%
2022-03-28,150.14,150.14,150.14,150.14,,0.18%
2022-03-25,149.87,149.87,149.87,149.87,,0.16%
2022-03-24,149.63,149.63,149.63,149.63,,0.04%
2022-03-23,149.57,149.57,149.57,149.57,,-0.07%
2022-03-22,149.68,149.68,149.68,149.68,0.03K,-0.53%
2022-03-21,150.47,150.47,150.47,150.47,,-0.08%
2022-03-18,150.59,150.59,150.59,150.59,,0.63%
2022-03-17,149.65,149.65,149.65,149.65,,0.54%
2022-03-16,148.85,148.85,148.85,148.85,,2.82%
2022-03-15,144.77,144.77,144.77,144.77,,-3.56%
2022-03-14,150.11,150.11,150.11,150.11,,-3.38%
2022-03-11,155.36,155.36,155.36,155.36,,-1.01%
2022-03-10,156.95,156.95,156.95,156.95,,-0.41%
2022-03-09,157.59,157.59,157.59,157.59,,-2.09%
2022-03-08,160.96,160.96,160.96,160.96,,1.35%
2022-03-07,158.82,158.82,158.82,158.82,,4.29%
2022-03-04,152.28,152.28,152.28,152.28,,0.77%
2022-03-03,151.11,151.11,151.11,151.11,,3.45%
2022-03-02,146.07,146.07,146.07,146.07,,1.83%
2022-03-01,143.45,143.45,143.45,143.45,,1.03%
2022-02-28,141.99,141.99,141.99,141.99,,0.16%
2022-02-25,141.76,141.76,141.76,141.76,,-0.63%
2022-02-24,142.66,142.66,142.66,142.66,,-0.21%
2022-02-23,142.96,142.96,142.96,142.96,,-0.21%
2022-02-22,143.26,143.26,143.26,143.26,,1.52%
2022-02-18,141.11,141.11,141.11,141.11,,-1.93%
2022-02-17,143.88,143.88,143.88,143.88,,1.16%
2022-02-16,142.23,142.23,142.23,142.23,,-1.84%
2022-02-15,144.89,144.89,144.89,144.89,,-1.27%
2022-02-14,146.76,146.76,146.76,146.76,,-2.72%
2022-02-11,150.87,150.87,150.87,150.87,,-0.46%
2022-02-10,151.57,151.57,151.57,151.57,,2.66%
2022-02-09,147.64,147.64,147.64,147.64,,-0.80%
2022-02-08,148.83,148.83,148.83,148.83,,-0.85%
2022-02-07,150.11,150.11,150.11,150.11,0.03K,3.20%
2022-02-04,145.45,145.45,145.45,145.45,,-0.34%
2022-02-03,145.95,145.95,145.95,145.95,0.01K,4.26%
2022-02-02,139.98,139.98,139.98,139.98,,0.86%
2022-02-01,138.79,138.79,138.79,138.79,,5.83%
2022-01-31,131.15,131.15,131.15,131.15,,0.26%
2022-01-28,130.81,130.81,130.81,130.81,0.01K,0.65%
2022-01-27,129.96,129.96,129.96,129.96,0.02K,0.43%
2022-01-26,129.4,129.4,129.4,129.4,,-0.42%
2022-01-25,129.94,129.94,129.94,129.94,,0.93%
2022-01-24,128.74,128.74,128.74,128.74,,-0.58%
2022-01-21,129.49,129.49,129.49,129.49,,0.31%
2022-01-20,129.09,129.09,129.09,129.09,,1.32%
2022-01-19,127.41,127.41,127.41,127.41,0.02K,-0.05%
2022-01-18,127.48,127.48,127.48,127.48,,0.98%
2022-01-14,126.24,126.24,126.24,126.24,0.01K,-1.25%
2022-01-13,127.84,127.84,127.84,127.84,0.02K,-0.64%
2022-01-12,128.66,128.66,128.66,128.66,0.02K,1.51%
2022-01-11,126.75,126.75,126.75,126.75,,1.82%
2022-01-10,124.48,124.48,124.48,124.48,,-1.37%
2022-01-07,126.21,126.21,126.21,126.21,,0.21%
2022-01-06,125.94,125.94,125.94,125.94,,1.45%
2022-01-05,124.14,124.14,124.14,124.14,,2.67%
2022-01-04,120.91,120.91,120.91,120.91,0.20K,0.42%
2022-01-03,120.4,120.4,120.4,120.4,,7.02%
2021-12-31,112.5,112.5,112.5,112.5,,0.23%
2021-12-30,112.24,112.24,112.24,112.24,,-0.09%
2021-12-29,112.34,112.34,112.34,112.34,,0.04%
2021-12-28,112.29,112.29,112.29,112.29,,-0.62%
2021-12-27,112.99,112.99,112.99,112.99,,0.40%
2021-12-23,112.54,112.54,112.54,112.54,,0.00%
2021-12-22,112.54,112.54,112.54,112.54,,-0.97%
2021-12-21,113.64,113.64,113.64,113.64,,-0.13%
2021-12-20,113.79,113.79,113.79,113.79,,1.93%
2021-12-17,111.64,111.64,111.64,111.64,,0.40%
2021-12-16,111.19,111.19,111.19,111.19,,1.80%
2021-12-15,109.22,109.22,109.22,109.22,,2.04%
2021-12-14,107.04,107.04,107.04,107.04,,-1.35%
2021-12-13,108.51,108.51,108.51,108.51,,3.34%
2021-12-10,105.0,105.0,105.0,105.0,,-1.40%
2021-12-09,106.49,106.49,106.49,106.49,,-0.26%
2021-12-08,106.77,106.77,106.77,106.77,,-1.18%
2021-12-07,108.04,108.04,108.04,108.04,,4.14%
2021-12-06,103.74,103.74,103.74,103.74,,2.22%
2021-12-03,101.49,101.49,101.49,101.49,,-0.32%
2021-12-02,101.82,101.82,101.82,101.82,,-1.31%
2021-12-01,103.17,103.17,103.17,103.17,,8.63%
2021-11-30,94.97,94.97,94.97,94.97,,0.27%
2021-11-29,94.71,94.71,94.71,94.71,,0.29%
2021-11-26,94.44,94.44,94.44,94.44,,0.12%
2021-11-24,94.33,94.33,94.33,94.33,,0.36%
2021-11-23,93.99,93.99,93.99,93.99,,0.64%
2021-11-22,93.39,93.39,93.39,93.39,,0.66%
2021-11-19,92.78,92.78,92.78,92.78,,0.84%
2021-11-18,92.01,92.01,92.01,92.01,,-0.81%
2021-11-17,92.76,92.76,92.76,92.76,,0.82%
2021-11-16,92.01,92.01,92.01,92.01,,-0.38%
2021-11-15,92.36,92.36,92.36,92.36,,-1.11%
2021-11-12,93.4,93.4,93.4,93.4,,-0.25%
2021-11-11,93.63,93.63,93.63,93.63,,1.56%
2021-11-10,92.19,92.19,92.19,92.19,,0.23%
2021-11-09,91.98,91.98,91.98,91.98,,-2.52%
2021-11-08,94.36,94.36,94.36,94.36,,-0.07%
2021-11-05,94.43,94.43,94.43,94.43,,-2.82%
2021-11-04,97.17,97.17,97.17,97.17,,-2.19%
2021-11-03,99.35,99.35,99.35,99.35,,-0.05%
2021-11-02,99.4,99.4,99.4,99.4,,-3.10%
2021-11-01,102.58,102.58,102.58,102.58,,-15.38%
2021-10-29,121.23,121.23,121.23,121.23,,-0.58%
2021-10-28,121.94,121.94,121.94,121.94,,-0.34%
2021-10-27,122.36,122.36,122.36,122.36,,-0.09%
2021-10-26,122.47,122.47,122.47,122.47,,0.34%
2021-10-25,122.06,122.06,122.06,122.06,,-0.36%
2021-10-22,122.5,122.5,122.5,122.5,,-0.32%
2021-10-21,122.89,122.89,122.89,122.89,,-0.49%
2021-10-20,123.49,123.49,123.49,123.49,,0.15%
2021-10-19,123.3,123.3,123.3,123.3,,-0.08%
2021-10-18,123.4,123.4,123.4,123.4,,0.17%
2021-10-15,123.19,123.19,123.19,123.19,,0.29%
2021-10-14,122.83,122.83,122.83,122.83,,0.44%
2021-10-13,122.29,122.29,122.29,122.29,,-3.27%
2021-10-12,126.42,126.42,126.42,126.42,0.13K,-2.93%
2021-10-11,130.24,130.24,130.24,130.24,,6.01%
2021-10-08,122.86,122.86,122.86,122.86,,4.03%
2021-10-07,118.1,118.1,118.1,118.1,,0.36%
2021-10-06,117.68,117.68,117.68,117.68,,-0.14%
2021-10-05,117.85,117.85,117.85,117.85,,0.08%
2021-10-04,117.76,117.76,117.76,117.76,,1.73%
2021-10-01,115.76,115.76,115.76,115.76,,-3.25%
2021-09-30,119.65,119.65,119.65,119.65,,-0.04%
2021-09-29,119.7,119.7,119.7,119.7,,-0.16%
2021-09-28,119.89,119.89,119.89,119.89,,-0.28%
2021-09-27,120.23,120.23,120.23,120.23,,0.11%
2021-09-24,120.1,120.1,120.1,120.1,,-0.29%
2021-09-23,120.45,120.45,120.45,120.45,,-0.23%
2021-09-22,120.73,120.73,120.73,120.73,,1.45%
2021-09-21,119.01,119.01,119.01,119.01,0.01K,1.71%
2021-09-20,117.01,117.01,117.01,117.01,,-4.87%
2021-09-17,123.0,123.0,123.0,123.0,,2.53%
2021-09-16,119.96,119.96,119.96,119.96,,-3.38%
2021-09-15,124.16,124.16,124.16,124.16,,-3.08%
2021-09-14,128.11,128.11,128.11,128.11,,-1.20%
2021-09-13,129.66,129.66,129.66,129.66,,-2.64%
2021-09-10,133.18,133.18,133.18,133.18,,-0.48%
2021-09-09,133.82,133.82,133.82,133.82,,-1.28%
2021-09-08,135.56,135.56,135.56,135.56,,-2.47%
2021-09-07,138.99,138.99,138.99,138.99,0.24K,-4.03%
2021-09-03,144.83,144.83,144.83,144.83,,3.05%
2021-09-02,140.54,140.54,140.54,140.54,0.10K,-1.78%
2021-09-01,143.08,143.08,143.08,143.08,,-10.15%
2021-08-31,159.25,159.25,159.25,159.25,,-0.21%
2021-08-30,159.58,159.58,159.58,159.58,,-0.06%
2021-08-27,159.68,159.68,159.68,159.68,,0.03%
2021-08-26,159.63,159.63,159.63,159.63,,-0.18%
2021-08-25,159.92,159.92,159.92,159.92,,-0.09%
2021-08-24,160.07,160.07,160.07,160.07,,0.42%
2021-08-23,159.4,159.4,159.4,159.4,,-0.71%
2021-08-20,160.54,160.54,160.54,160.54,,0.10%
2021-08-19,160.38,160.38,160.38,160.38,,0.50%
2021-08-18,159.59,159.59,159.59,159.59,,-4.63%
2021-08-17,167.34,167.34,167.34,167.34,,0.23%
2021-08-16,166.96,166.96,166.96,166.96,,-0.59%
2021-08-13,167.95,167.95,167.95,167.95,,0.01%
2021-08-12,167.94,167.94,167.94,167.94,,-0.66%
2021-08-11,169.06,169.06,169.06,169.06,,0.28%
2021-08-10,168.59,168.59,168.59,168.59,,-2.84%
2021-08-09,173.52,173.52,173.52,173.52,,0.88%
2021-08-06,172.01,172.01,172.01,172.01,,0.06%
2021-08-05,171.91,171.91,171.91,171.91,,-5.81%
2021-08-04,182.51,182.51,182.51,182.51,,0.83%
2021-08-03,181.01,181.01,181.01,181.01,,-0.11%
2021-08-02,181.21,181.21,181.21,181.21,,-14.52%
2021-07-30,211.99,211.99,211.99,211.99,,-0.72%
2021-07-29,213.52,213.52,213.52,213.52,,-0.43%
2021-07-28,214.44,214.44,214.44,214.44,,-0.26%
2021-07-27,214.99,214.99,214.99,214.99,,-0.08%
2021-07-26,215.16,215.16,215.16,215.16,0.04K,-0.40%
2021-07-23,216.03,216.03,216.03,216.03,,1.04%
2021-07-22,213.81,213.81,213.81,213.81,,-2.09%
2021-07-21,218.37,218.37,218.37,218.37,,-0.45%
2021-07-20,219.36,219.36,219.36,219.36,,-0.06%
2021-07-19,219.5,219.5,219.5,219.5,,-0.12%
2021-07-16,219.77,219.77,219.77,219.77,,0.50%
2021-07-15,218.68,218.68,218.68,218.68,,0.34%
2021-07-14,217.94,217.94,217.94,217.94,,-0.15%
2021-07-13,218.26,218.26,218.26,218.26,,0.43%
2021-07-12,217.33,217.33,217.33,217.33,,0.72%
2021-07-09,215.78,215.78,215.78,215.78,,-0.25%
2021-07-08,216.32,216.32,216.32,216.32,,-0.82%
2021-07-07,218.11,218.11,218.11,218.11,0.01K,0.24%
2021-07-06,217.58,217.58,217.58,217.58,,2.41%
2021-07-02,212.46,212.46,212.46,212.46,,-0.53%
2021-07-01,213.59,211.8,211.8,211.8,0.01K,-0.45%
2021-06-30,214.55,214.55,214.55,214.55,,0.09%
2021-06-29,214.36,214.36,214.36,214.36,,-0.42%
2021-06-28,215.26,215.26,215.26,215.26,,0.51%
2021-06-25,214.17,214.17,214.17,214.17,,0.20%
2021-06-24,213.75,213.75,213.75,213.75,,-0.02%
2021-06-23,213.8,213.8,213.8,213.8,,0.16%
2021-06-22,213.45,213.45,213.45,213.45,0.04K,0.33%
2021-06-21,212.75,212.75,212.75,212.75,,-0.68%
2021-06-18,214.21,214.21,214.21,214.21,,-0.22%
2021-06-17,214.69,214.69,214.69,214.69,,0.54%
2021-06-16,213.53,213.53,213.53,213.53,,-0.20%
2021-06-15,213.96,213.96,213.96,213.96,,-0.04%
2021-06-14,214.05,214.05,214.05,214.05,,0.43%
2021-06-11,213.13,213.13,213.13,213.13,,0.58%
2021-06-10,211.91,211.91,211.91,211.91,,0.82%
2021-06-09,210.19,210.19,210.19,210.19,,1.13%
2021-06-08,207.84,207.84,207.84,207.84,,2.68%
2021-06-07,202.41,202.41,202.41,202.41,,-1.88%
2021-06-04,206.29,206.29,206.29,206.29,,-0.82%
2021-06-03,208.0,208.0,208.0,208.0,,1.48%
2021-06-02,204.96,204.96,204.96,204.96,,0.03%
2021-06-01,204.9,204.9,204.9,204.9,,-0.40%
2021-05-28,205.73,205.73,205.73,205.73,,-0.31%
2021-05-27,206.37,206.37,206.37,206.37,,-0.25%
2021-05-26,206.89,206.89,206.89,206.89,,-0.06%
2021-05-25,207.01,207.01,207.01,207.01,,-0.57%
2021-05-24,208.2,208.2,208.2,208.2,,-0.44%
2021-05-21,209.13,209.13,209.13,209.13,0.04K,-0.96%
2021-05-20,211.15,211.15,211.15,211.15,,-0.38%
2021-05-19,211.96,211.96,211.96,211.96,,-0.60%
2021-05-18,213.23,213.23,213.23,213.23,,-0.82%
2021-05-17,214.99,214.99,214.99,214.99,,2.34%
2021-05-14,210.08,210.08,210.08,210.08,,-0.93%
2021-05-13,212.05,212.05,212.05,212.05,0.02K,-2.90%
2021-05-12,218.38,218.38,218.38,218.38,,1.44%
2021-05-11,215.29,215.29,215.29,215.29,,-0.09%
2021-05-10,215.48,215.48,215.48,215.48,0.05K,5.45%
2021-05-07,204.35,204.35,204.35,204.35,,3.37%
2021-05-06,197.68,197.68,197.68,197.68,,3.82%
2021-05-05,190.41,190.41,190.41,190.41,,0.36%
2021-05-04,189.72,189.72,189.72,189.72,,2.53%
2021-05-03,185.04,185.04,185.04,185.04,,3.01%
2021-04-30,179.63,179.63,179.63,179.63,,0.18%
2021-04-29,179.31,179.31,179.31,179.31,,0.29%
2021-04-28,178.8,178.8,178.8,178.8,,-0.11%
2021-04-27,178.99,178.99,178.99,178.99,,0.79%
2021-04-26,177.58,177.58,177.58,177.58,,0.35%
2021-04-23,176.96,176.96,176.96,176.96,,0.35%
2021-04-22,176.35,176.35,176.35,176.35,,0.09%
2021-04-21,176.2,176.2,176.2,176.2,,-1.31%
2021-04-20,178.54,178.54,178.54,178.54,,2.19%
2021-04-19,174.72,174.72,174.72,174.72,,-0.10%
2021-04-16,174.89,174.89,174.89,174.89,,1.09%
2021-04-15,173.01,173.01,173.01,173.01,,0.93%
2021-04-14,171.42,171.42,171.42,171.42,,0.22%
2021-04-13,171.04,171.04,171.04,171.04,,0.01%
2021-04-12,171.03,171.03,171.03,171.03,,0.42%
2021-04-09,170.32,170.32,170.32,170.32,0.03K,-0.08%
2021-04-08,170.45,170.45,170.45,170.45,0.04K,0.71%
2021-04-07,169.24,169.24,169.24,169.24,,1.35%
2021-04-06,166.98,166.98,166.98,166.98,,1.89%
2021-04-05,163.89,163.89,163.89,163.89,,0.13%
2021-04-01,163.68,163.68,163.68,163.68,,-1.93%
2021-03-31,166.9,166.9,166.9,166.9,,-0.05%
2021-03-30,166.99,166.99,166.99,166.99,,0.01%
2021-03-29,166.97,166.97,166.97,166.97,,0.05%
2021-03-26,166.89,166.89,166.89,166.89,,-0.10%
2021-03-25,167.05,167.05,167.05,167.05,,-0.17%
2021-03-24,167.34,167.34,167.34,167.34,,0.20%
2021-03-23,167.01,167.01,167.01,167.01,,-0.22%
2021-03-22,167.37,167.37,167.37,167.37,,-0.38%
2021-03-19,168.0,168.0,168.0,168.0,,-0.12%
2021-03-18,168.21,168.21,168.21,168.21,0.08K,0.00%
2021-03-17,168.21,168.21,168.21,168.21,,-0.03%
2021-03-16,168.26,168.26,168.26,168.26,,0.00%
2021-03-15,168.26,168.26,168.26,168.26,,0.00%
2021-03-12,168.26,168.26,168.26,168.26,,-1.76%
2021-03-11,171.28,171.28,171.28,171.28,,1.69%
2021-03-10,168.44,168.44,168.44,168.44,,0.01%
2021-03-09,168.43,168.43,168.43,168.43,0.03K,-2.96%
2021-03-08,173.56,173.56,173.56,173.56,,0.25%
2021-03-05,173.12,173.12,173.12,173.12,,-1.04%
2021-03-04,174.94,174.94,174.94,174.94,,0.47%
2021-03-03,174.12,174.12,174.12,174.12,,0.55%
2021-03-02,173.16,173.16,173.16,173.16,,0.83%
2021-03-01,171.74,171.74,171.74,171.74,,3.70%
2021-02-26,165.61,165.61,165.61,165.61,,0.36%
2021-02-25,165.02,165.02,165.02,165.02,,0.30%
2021-02-24,164.53,164.53,164.53,164.53,,0.23%
2021-02-23,164.16,164.16,164.16,164.16,,0.18%
2021-02-22,163.87,163.87,163.87,163.87,,-0.12%
2021-02-19,164.07,164.07,164.07,164.07,,-0.32%
2021-02-18,164.59,164.59,164.59,164.59,,1.61%
2021-02-17,161.99,161.99,161.99,161.99,,0.61%
2021-02-16,161.0,161.0,161.0,161.0,0.07K,0.85%
2021-02-12,159.65,159.65,159.65,159.65,,-0.27%
2021-02-11,160.08,160.08,160.08,160.08,,0.21%
2021-02-10,159.74,159.74,159.74,159.74,,1.01%
2021-02-09,158.15,158.15,158.15,158.15,,1.31%
2021-02-08,156.1,156.1,156.1,156.1,,1.43%
2021-02-05,153.9,153.9,153.9,153.9,0.01K,-0.92%
2021-02-04,155.33,155.33,155.33,155.33,,3.00%
2021-02-03,150.81,150.81,150.81,150.81,,1.61%
2021-02-02,148.42,148.42,148.42,148.42,,-4.08%
2021-02-01,154.74,154.74,154.74,154.74,,-7.96%
2021-01-29,168.13,168.13,168.13,168.13,,-0.30%
2021-01-28,168.63,168.63,168.63,168.63,,-0.37%
2021-01-27,169.26,169.26,169.26,169.26,,-0.15%
2021-01-26,169.52,169.52,169.52,169.52,,-0.15%
2021-01-25,169.78,169.78,169.78,169.78,,-0.02%
2021-01-22,169.82,169.82,169.82,169.82,0.02K,-0.09%
2021-01-21,169.98,169.98,169.98,169.98,,0.08%
2021-01-20,169.85,169.85,169.85,169.85,,-0.11%
2021-01-19,170.03,170.03,170.03,170.03,,0.04%
2021-01-15,169.97,169.97,169.97,169.97,,0.10%
2021-01-14,169.8,169.8,169.8,169.8,,0.17%
2021-01-13,169.51,169.51,169.51,169.51,,0.11%
2021-01-12,169.33,169.33,169.33,169.33,,0.20%
2021-01-11,168.99,168.99,168.99,168.99,0.04K,-0.31%
2021-01-08,169.52,169.52,169.52,169.52,,0.12%
2021-01-07,169.31,169.31,169.31,169.31,,1.53%
2021-01-06,166.76,166.76,166.76,166.76,,0.41%
2021-01-05,166.08,166.08,166.08,166.08,0.05K,1.31%
2021-01-04,163.93,164.44,164.44,164.44,0.00K,5.19%
2020-12-31,155.84,155.84,155.84,155.84,,0.09%
2020-12-30,155.7,155.7,155.7,155.7,,0.08%
2020-12-29,155.57,155.57,155.57,155.57,,0.14%
2020-12-28,155.35,155.35,155.35,155.35,,0.21%
2020-12-24,155.02,155.02,155.02,155.02,,0.34%
2020-12-23,154.5,154.5,154.5,154.5,,0.01%
2020-12-22,154.49,154.49,154.49,154.49,,-0.40%
2020-12-21,155.11,155.11,155.11,155.11,,1.72%
2020-12-18,152.49,152.49,152.49,152.49,,0.74%
2020-12-17,151.37,151.37,151.37,151.37,,0.41%
2020-12-16,150.75,150.75,150.75,150.75,,0.29%
2020-12-15,150.31,150.31,150.31,150.31,,0.47%
2020-12-14,149.6,149.6,149.6,149.6,,-1.59%
2020-12-11,152.02,152.02,152.02,152.02,,0.88%
2020-12-10,150.7,150.7,150.7,150.7,,3.02%
2020-12-09,146.28,146.28,146.28,146.28,,0.85%
2020-12-08,145.04,145.04,145.04,145.04,,0.48%
2020-12-07,144.34,144.34,144.34,144.34,,1.99%
2020-12-04,141.53,141.53,141.53,141.53,,4.33%
2020-12-03,135.66,135.66,135.66,135.66,,0.82%
2020-12-02,134.56,134.56,134.56,134.56,0.04K,2.87%
2020-12-01,130.81,130.81,130.81,130.81,,4.97%
2020-11-30,124.62,124.62,124.62,124.62,,0.30%
2020-11-27,124.25,124.25,124.25,124.25,,0.50%
2020-11-25,123.63,123.63,123.63,123.63,,0.19%
2020-11-24,123.4,123.4,123.4,123.4,,0.18%
2020-11-23,123.18,123.18,123.18,123.18,,-0.14%
2020-11-20,123.35,123.35,123.35,123.35,,0.42%
2020-11-19,122.84,122.84,122.84,122.84,,0.45%
2020-11-18,122.29,122.29,122.29,122.29,,0.24%
2020-11-17,122.0,122.0,122.0,122.0,,0.64%
2020-11-16,121.22,121.22,121.22,121.22,0.08K,0.35%
2020-11-13,120.8,120.8,120.8,120.8,,-0.17%
2020-11-12,121.0,121.0,121.0,121.0,,-0.49%
2020-11-11,121.59,121.59,121.59,121.59,,1.07%
2020-11-10,120.3,120.3,120.3,120.3,,0.38%
2020-11-09,119.84,119.84,119.84,119.84,,1.88%
2020-11-06,117.63,117.63,117.63,117.63,,0.61%
2020-11-05,116.92,116.92,116.92,116.92,0.02K,0.07%
2020-11-04,116.84,116.84,116.84,116.84,,0.32%
2020-11-03,116.47,116.47,116.47,116.47,,-1.04%
2020-11-02,117.69,117.69,117.69,117.69,,-2.08%
2020-10-30,120.19,120.19,120.19,120.19,,-0.07%
2020-10-29,120.28,120.28,120.28,120.28,,-0.14%
2020-10-28,120.45,120.45,120.45,120.45,,-0.15%
2020-10-27,120.63,120.63,120.63,120.63,,-0.10%
2020-10-26,120.75,120.75,120.75,120.75,,-0.22%
2020-10-23,121.02,121.02,121.02,121.02,,-0.26%
2020-10-22,121.34,121.34,121.34,121.34,,-0.18%
2020-10-21,121.56,121.56,121.56,121.56,,0.04%
2020-10-20,121.51,121.51,121.51,121.51,,-0.02%
2020-10-19,121.53,121.53,121.53,121.53,,0.07%
2020-10-16,121.44,121.44,121.44,121.44,,0.26%
2020-10-15,121.13,121.13,121.13,121.13,,-0.29%
2020-10-14,121.48,121.48,121.48,121.48,0.08K,-0.78%
2020-10-13,122.43,122.43,122.43,122.43,,-0.67%
2020-10-12,123.25,123.25,123.25,123.25,,-0.19%
2020-10-09,123.49,123.49,123.49,123.49,,0.84%
2020-10-08,122.46,122.46,122.46,122.46,,0.45%
2020-10-07,121.91,121.91,121.91,121.91,,0.06%
2020-10-06,121.84,121.84,121.84,121.84,,0.67%
2020-10-05,121.03,121.03,121.03,121.03,,0.36%
2020-10-02,120.6,120.6,120.6,120.6,,-0.68%
2020-10-01,121.43,121.43,121.43,121.43,,-2.06%
2020-09-30,123.98,123.98,123.98,123.98,,-0.03%
2020-09-29,124.02,124.02,124.02,124.02,,-0.15%
2020-09-28,124.21,124.21,124.21,124.21,,0.32%
2020-09-25,123.81,123.81,123.81,123.81,,-0.13%
2020-09-24,123.97,123.97,123.97,123.97,,-0.66%
2020-09-23,124.79,124.79,124.79,124.79,,-0.75%
2020-09-22,125.73,125.73,125.73,125.73,,-0.22%
2020-09-21,126.01,126.01,126.01,126.01,,-0.85%
2020-09-18,127.09,127.09,127.09,127.09,,0.39%
2020-09-17,126.59,126.59,126.59,126.59,,0.46%
2020-09-16,126.01,126.01,126.01,126.01,,-1.56%
2020-09-15,128.01,128.01,128.01,128.01,,-0.66%
2020-09-14,128.86,128.86,128.86,128.86,,1.12%
2020-09-11,127.43,127.43,127.43,127.43,,0.52%
2020-09-10,126.77,126.77,126.77,126.77,,-0.01%
2020-09-09,126.78,126.78,126.78,126.78,,-0.98%
2020-09-08,128.03,128.03,128.03,128.03,,0.39%
2020-09-04,127.53,127.53,127.53,127.53,,-0.66%
2020-09-03,128.38,128.38,128.38,128.38,,1.84%
2020-09-02,126.06,126.06,126.06,126.06,,1.92%
2020-09-01,123.68,123.68,123.68,123.68,,0.94%
2020-08-31,122.53,122.53,122.53,122.53,,0.07%
2020-08-28,122.45,122.45,122.45,122.45,,0.05%
2020-08-27,122.39,122.39,122.39,122.39,,-0.06%
2020-08-26,122.46,122.46,122.46,122.46,,0.10%
2020-08-25,122.34,122.34,122.34,122.34,,-0.19%
2020-08-24,122.57,122.57,122.57,122.57,,-0.18%
2020-08-21,122.79,122.79,122.79,122.79,,-0.77%
2020-08-20,123.74,123.74,123.74,123.74,,1.04%
2020-08-19,122.47,122.47,122.47,122.47,,-0.23%
2020-08-18,122.75,122.75,122.75,122.75,,1.90%
2020-08-17,120.46,120.46,120.46,120.46,,0.27%
2020-08-14,120.14,120.14,120.14,120.14,,0.23%
2020-08-13,119.86,119.86,119.86,119.86,,-0.27%
2020-08-12,120.19,120.19,120.19,120.19,,0.76%
2020-08-11,119.28,119.28,119.28,119.28,,0.79%
2020-08-10,118.34,118.34,118.34,118.34,,0.23%
2020-08-07,118.07,118.07,118.07,118.07,,-0.69%
2020-08-06,118.89,118.89,118.89,118.89,,2.25%
2020-08-05,116.27,116.27,116.27,116.27,,0.62%
2020-08-04,115.55,115.55,115.55,115.55,,1.17%
2020-08-03,114.21,114.21,114.21,114.21,,4.88%
2020-07-31,108.9,108.9,108.9,108.9,,0.79%
2020-07-30,108.05,108.05,108.05,108.05,,0.16%
2020-07-29,107.88,107.88,107.88,107.88,,0.15%
2020-07-28,107.72,107.72,107.72,107.72,,0.24%
2020-07-27,107.46,107.46,107.46,107.46,,-0.21%
2020-07-24,107.69,107.69,107.69,107.69,,-0.08%
2020-07-23,107.78,107.78,107.78,107.78,,-0.24%
2020-07-22,108.04,108.04,108.04,108.04,,0.43%
2020-07-21,107.58,107.58,107.58,107.58,,0.37%
2020-07-20,107.18,107.18,107.18,107.18,,-0.04%
2020-07-17,107.22,107.22,107.22,107.22,,0.02%
2020-07-16,107.2,107.2,107.2,107.2,,-0.34%
2020-07-15,107.57,107.57,107.57,107.57,,0.11%
2020-07-14,107.45,107.45,107.45,107.45,,0.49%
2020-07-13,106.93,106.93,106.93,106.93,,1.27%
2020-07-10,105.59,105.59,105.59,105.59,,0.94%
2020-07-09,104.61,104.61,104.61,104.61,,-0.40%
2020-07-08,105.03,105.03,105.03,105.03,,1.93%
2020-07-07,103.04,103.04,103.04,103.04,,1.48%
2020-07-06,101.54,101.54,101.54,101.54,,2.63%
2020-07-02,98.94,98.94,98.94,98.94,,0.95%
2020-07-01,98.01,98.01,98.01,98.01,,-4.80%
2020-06-30,102.95,102.95,102.95,102.95,,-0.11%
2020-06-29,103.06,103.06,103.06,103.06,,-0.16%
2020-06-26,103.23,103.23,103.23,103.23,,0.15%
2020-06-25,103.08,103.08,103.08,103.08,,-0.04%
2020-06-24,103.12,103.12,103.12,103.12,,0.26%
2020-06-23,102.85,102.85,102.85,102.85,,-0.08%
2020-06-22,102.93,102.93,102.93,102.93,,-0.11%
2020-06-19,103.04,103.04,103.04,103.04,,-0.01%
2020-06-18,103.05,103.05,103.05,103.05,,-0.13%
2020-06-17,103.18,103.18,103.18,103.18,,-0.27%
2020-06-16,103.46,103.46,103.46,103.46,,0.38%
2020-06-15,103.07,103.07,103.07,103.07,,-0.50%
2020-06-12,103.59,103.59,103.59,103.59,,0.82%
2020-06-11,102.75,102.75,102.75,102.75,,-0.14%
2020-06-10,102.89,102.89,102.89,102.89,,-0.09%
2020-06-09,102.98,102.98,102.98,102.98,,-0.42%
2020-06-08,103.41,103.41,103.41,103.41,,3.14%
2020-06-05,100.26,100.26,100.26,100.26,,1.43%
2020-06-04,98.85,98.85,98.85,98.85,,-1.54%
2020-06-03,100.4,100.4,100.4,100.4,,-0.27%
2020-06-02,100.67,100.67,100.67,100.67,,1.52%
2020-06-01,99.16,99.16,99.16,99.16,0.00K,7.15%
2020-05-29,92.54,92.54,92.54,92.54,,0.53%
2020-05-28,92.05,92.05,92.05,92.05,,0.26%
2020-05-27,91.81,91.81,91.81,91.81,,0.19%
2020-05-26,91.64,91.64,91.64,91.64,,0.24%
2020-05-22,91.42,91.42,91.42,91.42,,0.24%
2020-05-21,91.2,91.2,91.2,91.2,,0.08%
2020-05-20,91.13,91.13,91.13,91.13,,0.53%
2020-05-19,90.65,90.65,90.65,90.65,,-0.92%
2020-05-18,91.49,91.49,91.49,91.49,,2.22%
2020-05-15,89.5,89.5,89.5,89.5,,0.86%
2020-05-14,88.74,88.74,88.74,88.74,,0.44%
2020-05-13,88.35,88.35,88.35,88.35,,0.61%
2020-05-12,87.81,87.81,87.81,87.81,,1.29%
2020-05-11,86.69,86.69,86.69,86.69,,-0.17%
2020-05-08,86.84,86.84,86.84,86.84,,1.06%
2020-05-07,85.93,85.93,85.93,85.93,,3.17%
2020-05-06,83.29,83.29,83.29,83.29,,0.28%
2020-05-05,83.06,83.06,83.06,83.06,,1.11%
2020-05-04,82.15,82.15,82.15,82.15,,-0.42%
2020-05-01,82.5,82.5,82.5,82.5,,-1.60%
2020-04-30,83.84,83.84,83.84,83.84,,0.01%
2020-04-29,83.83,83.83,83.83,83.83,,-0.06%
2020-04-28,83.88,83.88,83.88,83.88,,-0.10%
2020-04-27,83.96,83.96,83.96,83.96,,-0.02%
2020-04-24,83.98,83.98,83.98,83.98,,-0.07%
2020-04-23,84.04,84.04,84.04,84.04,,-0.11%
2020-04-22,84.13,84.13,84.13,84.13,,0.25%
2020-04-21,83.92,83.92,83.92,83.92,,-0.60%
2020-04-20,84.43,84.43,84.43,84.43,,0.31%
2020-04-17,84.17,84.17,84.17,84.17,,0.15%
2020-04-16,84.04,84.04,84.04,84.04,,-0.21%
2020-04-15,84.22,84.22,84.22,84.22,,-0.04%
2020-04-14,84.25,84.25,84.25,84.25,,0.49%
2020-04-13,83.84,83.84,83.84,83.84,,0.59%
2020-04-09,83.35,83.35,83.35,83.35,,0.58%
2020-04-08,82.87,82.87,82.87,82.87,,1.18%
2020-04-07,81.9,81.9,81.9,81.9,,-0.72%
2020-04-06,82.49,82.49,82.49,82.49,,0.13%
2020-04-03,82.38,82.38,82.38,82.38,,0.80%
2020-04-02,81.73,81.73,81.73,81.73,,1.73%
2020-04-01,80.34,80.34,80.34,80.34,0.14K,-8.73%
2020-03-31,88.02,88.02,88.02,88.02,,-0.23%
2020-03-30,88.22,88.22,88.22,88.22,,-0.31%
2020-03-27,88.49,88.49,88.49,88.49,,-0.12%
2020-03-26,88.6,88.6,88.6,88.6,,-0.19%
2020-03-25,88.77,88.77,88.77,88.77,,0.35%
2020-03-24,88.46,88.46,88.46,88.46,,-0.10%
2020-03-23,88.55,88.55,88.55,88.55,,-1.14%
2020-03-20,89.57,89.57,89.57,89.57,,-0.44%
2020-03-19,89.97,89.97,89.97,89.97,,-0.52%
2020-03-18,90.44,90.44,90.44,90.44,,0.54%
2020-03-17,89.95,89.95,89.95,89.95,,-0.04%
2020-03-16,89.99,89.99,89.99,89.99,,-0.16%
2020-03-13,90.13,90.13,90.13,90.13,,0.73%
2020-03-12,89.48,89.48,89.48,89.48,,-0.12%
2020-03-11,89.59,89.59,89.59,89.59,,-0.62%
2020-03-10,90.15,90.15,90.15,90.15,,2.36%
2020-03-09,88.07,88.07,88.07,88.07,,-1.24%
2020-03-06,89.18,89.18,89.18,89.18,,-1.04%
2020-03-05,90.12,90.12,90.12,90.12,0.18K,0.55%
2020-03-04,89.63,89.63,89.63,89.63,,2.86%
2020-03-03,87.14,87.14,87.14,87.14,,0.05%
2020-03-02,87.1,87.1,87.1,87.1,,0.74%
2020-02-28,86.46,86.46,86.46,86.46,,-0.14%
2020-02-27,86.58,86.58,86.58,86.58,,-0.10%
2020-02-26,86.67,86.67,86.67,86.67,,-0.07%
2020-02-25,86.73,86.73,86.73,86.73,,0.20%
2020-02-24,86.56,86.56,86.56,86.56,,0.16%
2020-02-21,86.42,86.42,86.42,86.42,,0.31%
2020-02-20,86.15,86.15,86.15,86.15,,0.53%
2020-02-19,85.7,85.7,85.7,85.7,,0.32%
2020-02-18,85.43,85.43,85.43,85.43,,0.67%
2020-02-14,84.86,84.86,84.86,84.86,,-0.33%
2020-02-13,85.14,85.14,85.14,85.14,,0.79%
2020-02-12,84.47,84.47,84.47,84.47,,1.33%
2020-02-11,83.36,83.36,83.36,83.36,,2.60%
2020-02-10,81.25,81.25,81.25,81.25,,-0.49%
2020-02-07,81.65,81.65,81.65,81.65,,0.85%
2020-02-06,80.96,80.96,80.96,80.96,,1.36%
2020-02-05,79.87,79.87,79.87,79.87,,-2.16%
2020-02-04,81.63,81.63,81.63,81.63,,4.21%
2020-02-03,78.33,78.33,78.33,78.33,0.02K,-15.26%
2020-01-31,92.44,92.44,92.44,92.44,,-0.50%
2020-01-30,92.9,92.9,92.9,92.9,,-0.47%
2020-01-29,93.34,93.34,93.34,93.34,,-0.28%
2020-01-28,93.6,93.6,93.6,93.6,,-0.44%
2020-01-27,94.01,94.01,94.01,94.01,,-0.36%
2020-01-24,94.35,94.35,94.35,94.35,,-0.05%
2020-01-23,94.4,94.4,94.4,94.4,,-0.38%
2020-01-22,94.76,94.76,94.76,94.76,,-0.04%
2020-01-21,94.8,94.8,94.8,94.8,,-0.01%
2020-01-17,94.81,94.81,94.81,94.81,,0.27%
2020-01-16,94.55,94.55,94.55,94.55,,-0.04%
2020-01-15,94.59,94.59,94.59,94.59,,-0.25%
2020-01-14,94.83,94.83,94.83,94.83,,0.85%
2020-01-13,94.03,94.03,94.03,94.03,,0.50%
2020-01-10,93.56,93.56,93.56,93.56,,-0.01%
2020-01-09,93.57,93.57,93.57,93.57,,-1.10%
2020-01-08,94.61,94.61,94.61,94.61,,0.94%
2020-01-07,93.73,93.73,93.73,93.73,,-0.13%
2020-01-06,93.85,93.85,93.85,93.85,,0.47%
2020-01-03,93.41,93.41,93.41,93.41,,0.90%
2020-01-02,92.58,92.58,92.58,92.58,,1.15%
2019-12-31,91.53,91.53,91.53,91.53,,0.01%
2019-12-30,91.52,91.52,91.52,91.52,,-0.03%
2019-12-27,91.55,91.55,91.55,91.55,,-0.07%
2019-12-26,91.61,91.61,91.61,91.61,,-0.10%
2019-12-24,91.7,91.7,91.7,91.7,,-0.02%
2019-12-23,91.72,91.72,91.72,91.72,,-0.02%
2019-12-20,91.74,91.74,91.74,91.74,,-0.28%
2019-12-19,92.0,92.0,92.0,92.0,,0.01%
2019-12-18,91.99,91.99,91.99,91.99,,-0.11%
2019-12-17,92.09,92.09,92.09,92.09,,-0.01%
2019-12-16,92.1,92.1,92.1,92.1,,-0.18%
2019-12-13,92.27,92.27,92.27,92.27,,0.25%
2019-12-12,92.04,92.04,92.04,92.04,,-0.01%
2019-12-11,92.05,92.05,92.05,92.05,,0.76%
2019-12-10,91.36,91.36,91.36,91.36,0.02K,-0.74%
2019-12-09,92.04,92.04,92.04,92.04,,3.93%
2019-12-06,88.56,88.56,88.56,88.56,,0.25%
2019-12-05,88.34,88.34,88.34,88.34,,0.08%
2019-12-04,88.27,88.27,88.27,88.27,,0.71%
2019-12-03,87.65,87.65,87.65,87.65,,-0.52%
2019-12-02,88.11,88.11,88.11,88.11,,4.05%
2019-11-29,84.68,84.68,84.68,84.68,,0.31%
2019-11-27,84.42,84.42,84.42,84.42,,0.08%
2019-11-26,84.35,84.35,84.35,84.35,,0.07%
2019-11-25,84.29,84.29,84.29,84.29,,0.60%
2019-11-22,83.79,83.79,83.79,83.79,,0.29%
2019-11-21,83.55,83.55,83.55,83.55,,0.24%
2019-11-20,83.35,83.35,83.35,83.35,,0.19%
2019-11-19,83.19,83.19,83.19,83.19,,0.31%
2019-11-18,82.93,82.93,82.93,82.93,,0.16%
2019-11-15,82.8,82.8,82.8,82.8,,0.34%
2019-11-14,82.52,82.52,82.52,82.52,,1.55%
2019-11-13,81.26,81.26,81.26,81.26,,-0.12%
2019-11-12,81.36,81.36,81.36,81.36,,1.32%
2019-11-11,80.3,80.3,80.3,80.3,,-0.07%
2019-11-08,80.36,80.36,80.36,80.36,,-2.65%
2019-11-07,82.55,82.55,82.55,82.55,,-0.52%
2019-11-06,82.98,82.98,82.98,82.98,,0.16%
2019-11-05,82.85,82.85,82.85,82.85,,0.00%
2019-11-04,82.85,82.85,82.85,82.85,,-0.84%
2019-11-01,83.55,83.55,83.55,83.55,,-6.70%
2019-10-31,89.55,89.55,89.55,89.55,,-0.28%
2019-10-30,89.8,89.8,89.8,89.8,,-0.26%
2019-10-29,90.03,90.03,90.03,90.03,,-0.22%
2019-10-28,90.23,90.23,90.23,90.23,,0.01%
2019-10-25,90.22,90.22,90.22,90.22,,0.12%
2019-10-24,90.11,90.11,90.11,90.11,,-0.38%
2019-10-23,90.45,90.45,90.45,90.45,0.02K,-0.09%
2019-10-22,90.53,90.53,90.53,90.53,,-0.06%
2019-10-21,90.58,90.58,90.58,90.58,,-0.20%
2019-10-18,90.76,90.76,90.76,90.76,,0.83%
2019-10-17,90.01,90.01,90.01,90.01,,-1.52%
2019-10-16,91.4,91.4,91.4,91.4,,-1.32%
2019-10-15,92.62,92.62,92.62,92.62,,0.42%
2019-10-14,92.23,92.23,92.23,92.23,,-0.68%
2019-10-11,92.86,92.86,92.86,92.86,,-0.16%
2019-10-10,93.01,93.01,93.01,93.01,,1.55%
2019-10-09,91.59,91.59,91.59,91.59,0.02K,-2.07%
2019-10-08,93.53,93.53,93.53,93.53,,1.06%
2019-10-07,92.55,92.55,92.55,92.55,,0.40%
2019-10-04,92.18,92.18,92.18,92.18,,-0.09%
2019-10-03,92.26,92.26,92.26,92.26,,0.00%
2019-10-02,92.26,92.26,92.26,92.26,,0.11%
2019-10-01,92.16,92.16,92.16,92.16,,-0.81%
2019-09-30,92.91,92.91,92.91,92.91,,0.02%
2019-09-27,92.89,92.89,92.89,92.89,,-0.06%
2019-09-26,92.95,92.95,92.95,92.95,,-0.02%
2019-09-25,92.97,92.97,92.97,92.97,,-0.26%
2019-09-24,93.21,93.21,93.21,93.21,,-0.30%
2019-09-23,93.49,93.49,93.49,93.49,,0.12%
2019-09-20,93.38,93.38,93.38,93.38,,-0.09%
2019-09-19,93.46,93.46,93.46,93.46,,-0.54%
2019-09-18,93.97,93.97,93.97,93.97,,-0.06%
2019-09-17,94.03,94.03,94.03,94.03,,-0.36%
2019-09-16,94.37,94.37,94.37,94.37,,-0.42%
2019-09-13,94.77,94.77,94.77,94.77,,0.67%
2019-09-12,94.14,94.14,94.14,94.14,,1.95%
2019-09-11,92.34,92.34,92.34,92.34,,1.06%
2019-09-10,91.37,91.37,91.37,91.37,0.04K,0.15%
2019-09-09,91.23,91.23,91.23,91.23,,2.00%
2019-09-06,89.44,89.44,89.44,89.44,,-1.41%
2019-09-05,90.72,90.72,90.72,90.72,0.01K,-0.93%
2019-09-04,91.57,91.57,91.57,91.57,0.02K,2.26%
2019-09-03,89.55,89.55,89.55,89.55,,-1.50%
2019-08-30,90.91,90.91,90.91,90.91,,-0.27%
2019-08-29,91.16,91.16,91.16,91.16,,-0.51%
2019-08-28,91.63,91.63,91.63,91.63,,-0.47%
2019-08-27,92.06,92.06,92.06,92.06,,-0.42%
2019-08-26,92.45,92.45,92.45,92.45,,-0.46%
2019-08-23,92.88,92.88,92.88,92.88,,0.16%
2019-08-22,92.73,92.73,92.73,92.73,,0.78%
2019-08-21,92.01,92.01,92.01,92.01,,-2.14%
2019-08-20,94.02,94.02,94.02,94.02,,-0.36%
2019-08-19,94.36,94.36,94.36,94.36,,0.80%
2019-08-16,93.61,93.61,93.61,93.61,,-0.16%
2019-08-15,93.76,93.76,93.76,93.76,,-2.04%
2019-08-14,95.71,95.71,95.71,95.71,,0.63%
2019-08-13,95.11,95.11,95.11,95.11,0.04K,0.11%
2019-08-12,95.01,95.01,95.01,95.01,,1.50%
2019-08-09,93.61,93.61,93.61,93.61,,-3.86%
2019-08-08,97.37,97.37,97.37,97.37,,0.84%
2019-08-07,96.56,96.56,96.56,96.56,,-2.96%
2019-08-06,99.51,99.51,99.51,99.51,,-0.83%
2019-08-05,100.34,100.34,100.34,100.34,0.01K,-5.79%
2019-08-02,106.51,106.51,106.51,106.51,,-4.92%
2019-08-01,112.02,112.02,112.02,112.02,,-6.67%
2019-07-31,120.02,120.02,120.02,120.02,,-0.06%
2019-07-30,120.09,120.09,120.09,120.09,,0.06%
2019-07-29,120.02,120.02,120.02,120.02,,-0.07%
2019-07-26,120.11,120.11,120.11,120.11,,0.02%
2019-07-25,120.09,120.09,120.09,120.09,,-0.13%
2019-07-24,120.25,120.25,120.25,120.25,,-0.14%
2019-07-23,120.42,120.42,120.42,120.42,,0.34%
2019-07-22,120.01,120.01,120.01,120.01,,-0.81%
2019-07-19,120.99,120.99,120.99,120.99,,0.10%
2019-07-18,120.87,120.87,120.87,120.87,,-0.22%
2019-07-17,121.14,121.14,121.14,121.14,,-0.04%
2019-07-16,121.19,121.19,121.19,121.19,,0.01%
2019-07-15,121.18,121.18,121.18,121.18,,0.77%
2019-07-12,120.25,120.25,120.25,120.25,,-0.06%
2019-07-11,120.32,120.32,120.32,120.32,,-0.43%
2019-07-10,120.84,120.84,120.84,120.84,,-0.42%
2019-07-09,121.35,121.35,121.35,121.35,,1.83%
2019-07-08,119.17,119.17,119.17,119.17,,1.77%
2019-07-05,117.1,117.1,117.1,117.1,,-4.92%
2019-07-03,123.16,123.16,123.16,123.16,,-0.02%
2019-07-02,123.19,123.19,123.19,123.19,,3.13%
2019-07-01,119.45,119.45,119.45,119.45,,9.41%
2019-06-28,109.18,109.18,109.18,109.18,,0.42%
2019-06-27,108.72,108.72,108.72,108.72,0.03K,-0.43%
2019-06-26,109.19,109.19,109.19,109.19,,1.17%
2019-06-25,107.93,107.93,107.93,107.93,,-0.97%
2019-06-24,108.99,108.99,108.99,108.99,,1.35%
2019-06-21,107.54,107.54,107.54,107.54,,0.31%
2019-06-20,107.21,107.21,107.21,107.21,,0.95%
2019-06-19,106.2,106.2,106.2,106.2,0.08K,0.39%
2019-06-18,105.79,105.79,105.79,105.79,,1.56%
2019-06-17,104.17,104.17,104.17,104.17,,-0.15%
2019-06-14,104.33,104.33,104.33,104.33,,-1.84%
2019-06-13,106.29,106.29,106.29,106.29,,3.20%
2019-06-12,102.99,102.99,102.99,102.99,,0.22%
2019-06-11,102.76,102.76,102.76,102.76,,3.53%
2019-06-10,99.26,99.26,99.26,99.26,,1.51%
2019-06-07,97.78,97.78,97.78,97.78,,0.02%
2019-06-06,97.76,97.76,97.76,97.76,,-0.57%
2019-06-05,98.32,98.32,98.32,98.32,,-0.07%
2019-06-04,98.39,98.39,98.39,98.39,,2.19%
2019-06-03,96.28,96.28,96.28,96.28,,-2.51%
2019-05-31,98.76,98.76,98.76,98.76,,0.04%
2019-05-30,98.72,98.72,98.72,98.72,,0.13%
2019-05-29,98.59,98.59,98.59,98.59,,0.21%
2019-05-28,98.38,98.38,98.38,98.38,,0.24%
2019-05-24,98.14,98.14,98.14,98.14,,0.85%
2019-05-23,97.31,97.31,97.31,97.31,,0.28%
2019-05-22,97.04,97.04,97.04,97.04,,0.50%
2019-05-21,96.56,96.56,96.56,96.56,,0.19%
2019-05-20,96.38,96.38,96.38,96.38,,0.04%
2019-05-17,96.34,96.34,96.34,96.34,,0.22%
2019-05-16,96.13,96.13,96.13,96.13,,1.38%
2019-05-15,94.82,94.82,94.82,94.82,,1.00%
2019-05-14,93.88,93.88,93.88,93.88,,-0.53%
2019-05-13,94.38,94.38,94.38,94.38,,-0.74%
2019-05-10,95.08,95.08,95.08,95.08,,0.89%
2019-05-09,94.24,94.24,94.24,94.24,,0.05%
2019-05-08,94.19,94.19,94.19,94.19,,-0.59%
2019-05-07,94.75,94.75,94.75,94.75,,1.33%
2019-05-06,93.51,93.51,93.51,93.51,,-0.32%
2019-05-03,93.81,93.81,93.81,93.81,,0.22%
2019-05-02,93.6,93.6,93.6,93.6,,-0.05%
2019-05-01,93.65,93.65,93.65,93.65,,0.44%
2019-04-30,93.24,93.24,93.24,93.24,,0.08%
2019-04-29,93.17,93.17,93.17,93.17,,0.01%
2019-04-26,93.16,93.16,93.16,93.16,,0.02%
2019-04-25,93.14,93.14,93.14,93.14,,0.20%
2019-04-24,92.95,92.95,92.95,92.95,,-0.36%
2019-04-23,93.29,93.29,93.29,93.29,,0.10%
2019-04-22,93.2,93.2,93.2,93.2,,0.31%
2019-04-18,92.91,92.91,92.91,92.91,,-0.05%
2019-04-17,92.96,92.96,92.96,92.96,,-0.51%
2019-04-16,93.44,93.44,93.44,93.44,,-0.56%
2019-04-15,93.97,93.97,93.97,93.97,,0.19%
2019-04-12,93.79,93.79,93.79,93.79,,0.20%
2019-04-11,93.6,93.6,93.6,93.6,,1.08%
2019-04-10,92.6,92.6,92.6,92.6,,-0.13%
2019-04-09,92.72,92.72,92.72,92.72,,-0.97%
2019-04-08,93.63,93.63,93.63,93.63,,1.98%
2019-04-05,91.81,91.81,91.81,91.81,,-0.78%
2019-04-04,92.53,92.53,92.53,92.53,,0.41%
2019-04-03,92.15,92.15,92.15,92.15,,2.96%
2019-04-02,89.5,89.5,89.5,89.5,,2.26%
2019-04-01,87.52,87.52,87.52,87.52,,2.12%
2019-03-29,85.7,85.7,85.7,85.7,,0.07%
2019-03-28,85.64,85.64,85.64,85.64,,-0.09%
2019-03-27,85.72,85.72,85.72,85.72,,-0.09%
2019-03-26,85.8,85.8,85.8,85.8,,-0.02%
2019-03-25,85.82,85.82,85.82,85.82,,-0.08%
2019-03-22,85.89,85.89,85.89,85.89,,0.28%
2019-03-21,85.65,85.65,85.65,85.65,,0.28%
2019-03-20,85.41,85.41,85.41,85.41,,-0.95%
2019-03-19,86.23,86.23,86.23,86.23,,-0.06%
2019-03-18,86.28,86.28,86.28,86.28,,0.19%
2019-03-15,86.12,86.12,86.12,86.12,,0.16%
2019-03-14,85.98,85.98,85.98,85.98,,1.14%
2019-03-13,85.01,85.01,85.01,85.01,,-0.35%
2019-03-12,85.31,85.31,85.31,85.31,,0.92%
2019-03-11,84.53,84.53,84.53,84.53,,-0.73%
2019-03-08,85.15,85.15,85.15,85.15,,-1.86%
2019-03-07,86.76,86.76,86.76,86.76,,1.13%
2019-03-06,85.79,85.79,85.79,85.79,,-0.83%
2019-03-05,86.51,86.51,86.51,86.51,0.01K,1.28%
2019-03-04,85.42,85.42,85.42,85.42,0.01K,-0.65%
2019-03-01,85.98,85.98,85.98,85.98,0.01K,-1.55%
2019-02-28,87.33,87.33,87.33,87.33,,-0.16%
2019-02-27,87.47,87.47,87.47,87.47,,-0.26%
2019-02-26,87.7,87.7,87.7,87.7,,-0.27%
2019-02-25,87.94,87.94,87.94,87.94,,-0.25%
2019-02-22,88.16,88.16,88.16,88.16,,0.15%
2019-02-21,88.03,86.99,86.99,86.99,0.00K,-0.49%
2019-02-20,88.46,88.46,88.46,88.46,,-0.08%
2019-02-19,88.53,88.53,88.53,88.53,,-0.03%
2019-02-15,88.56,88.56,88.56,88.56,,0.24%
2019-02-14,88.35,88.35,88.35,88.35,,0.37%
2019-02-13,88.02,88.02,88.02,88.02,,-0.47%
2019-02-12,88.44,88.44,88.44,88.44,,-2.62%
2019-02-11,90.82,90.82,90.82,90.82,,-1.42%
2019-02-08,92.13,92.13,92.13,92.13,,-0.17%
2019-02-07,92.29,92.29,92.29,92.29,,3.72%
2019-02-06,88.98,88.98,88.98,88.98,,0.93%
2019-02-05,88.16,88.16,88.16,88.16,,1.88%
2019-02-04,86.53,86.53,86.53,86.53,,-0.46%
2019-02-01,86.93,86.93,86.93,86.93,,14.34%
2019-01-31,76.03,76.03,76.03,76.03,,0.57%
2019-01-30,75.6,75.6,75.6,75.6,,0.15%
2019-01-29,75.49,75.49,75.49,75.49,,0.25%
2019-01-28,75.3,75.3,75.3,75.3,0.08K,0.88%
2019-01-25,74.64,74.64,74.64,74.64,,0.04%
2019-01-24,74.61,74.61,74.61,74.61,,0.04%
2019-01-23,74.58,74.58,74.58,74.58,,0.04%
2019-01-22,74.55,74.55,74.55,74.55,,-0.80%
2019-01-18,75.15,75.15,75.15,75.15,,0.86%
2019-01-17,74.51,74.51,74.51,74.51,,0.11%
2019-01-16,74.43,74.43,74.43,74.43,,0.16%
2019-01-15,74.31,74.31,74.31,74.31,0.39K,0.13%
2019-01-14,74.21,74.21,74.21,74.21,0.39K,-0.01%
2019-01-11,74.22,74.22,74.22,74.22,0.18K,0.32%
2019-01-10,73.98,73.98,73.98,73.98,,-0.11%
2019-01-09,74.06,74.06,74.06,74.06,,-0.20%
2019-01-08,74.21,74.21,74.21,74.21,,0.08%
2019-01-07,74.15,74.15,74.15,74.15,,1.45%
2019-01-04,73.09,73.09,73.09,73.09,0.18K,1.19%
2019-01-03,72.23,72.23,72.23,72.23,0.16K,1.65%
2019-01-02,71.06,71.06,71.06,71.06,0.62K,2.69%
2018-12-31,69.2,69.2,69.2,69.2,,0.00%
2018-12-28,69.2,69.2,69.2,69.2,,0.29%
2018-12-27,69.0,69.0,69.0,69.0,,0.25%
2018-12-26,68.83,68.83,68.83,68.83,,0.06%
2018-12-24,68.79,68.79,68.79,68.79,,-0.29%
2018-12-21,68.99,68.99,68.99,68.99,,-0.19%
2018-12-20,69.12,69.12,69.12,69.12,,0.63%
2018-12-19,68.69,68.69,68.69,68.69,,0.29%
2018-12-18,68.49,68.49,68.49,68.49,,0.54%
2018-12-17,68.12,68.12,68.12,68.12,,0.34%
2018-12-14,67.89,67.89,67.89,67.89,,0.94%
2018-12-13,67.26,67.26,67.26,67.26,,0.66%
2018-12-12,66.82,66.82,66.82,66.82,,0.12%
2018-12-11,66.74,66.74,66.74,66.74,,0.35%
2018-12-10,66.51,66.51,66.51,66.51,,-0.37%
2018-12-07,66.76,66.77,66.81,66.77,0.00K,1.15%
2018-12-06,66.0,66.0,66.0,66.0,,-2.29%
2018-12-05,67.55,67.55,67.55,67.55,,1.08%
2018-12-04,66.83,66.83,66.83,66.83,,1.92%
2018-12-03,65.57,65.57,65.57,65.57,,-9.28%
2018-11-30,72.28,72.28,72.28,72.28,,-0.44%
2018-11-29,72.6,72.6,72.6,72.6,,-0.44%
2018-11-28,72.92,72.92,72.92,72.92,,-0.30%
2018-11-27,73.14,73.14,73.14,73.14,,-0.60%
2018-11-26,73.58,73.58,73.58,73.58,,-0.85%
2018-11-23,74.21,74.21,74.21,74.21,,-0.87%
2018-11-21,74.86,74.86,74.86,74.86,,-0.03%
2018-11-20,74.88,74.88,74.88,74.88,,-0.56%
2018-11-19,75.3,75.3,75.3,75.3,,0.29%
2018-11-16,75.08,75.08,75.08,75.08,,0.17%
2018-11-15,74.95,74.95,74.95,74.95,,0.19%
2018-11-14,74.81,74.81,74.81,74.81,0.01K,-0.23%
2018-11-13,74.98,74.98,74.98,74.98,,-0.39%
2018-11-12,75.27,75.27,75.27,75.27,,-0.41%
2018-11-09,75.58,75.58,75.58,75.58,,0.76%
2018-11-08,75.01,75.01,75.01,75.01,,1.12%
2018-11-07,74.18,74.18,74.18,74.18,,0.00%
2018-11-06,74.18,74.18,74.18,74.18,,0.38%
2018-11-05,73.9,73.9,73.9,73.9,,1.34%
2018-11-02,72.92,72.92,72.92,72.92,0.01K,-0.10%
2018-11-01,72.99,72.99,72.99,72.99,0.01K,0.25%
2018-10-31,72.81,72.81,72.81,72.81,,0.15%
2018-10-30,72.7,72.7,72.7,72.7,,0.17%
2018-10-29,72.58,72.58,72.58,72.58,,0.23%
2018-10-26,72.41,72.41,72.41,72.41,,0.26%
2018-10-25,72.22,72.22,72.22,72.22,,0.24%
2018-10-24,72.05,72.05,72.05,72.05,,0.36%
2018-10-23,71.79,71.79,71.79,71.79,,0.11%
2018-10-22,71.71,71.71,71.71,71.71,,0.43%
2018-10-19,71.4,71.4,71.4,71.4,,0.00%
2018-10-18,71.4,71.4,71.4,71.4,,0.00%
2018-10-17,71.4,71.4,71.4,71.4,,1.16%
2018-10-16,70.58,70.58,70.58,70.58,,0.03%
2018-10-15,70.56,70.56,70.56,70.56,,0.10%
2018-10-12,70.49,70.49,70.49,70.49,,0.36%
2018-10-11,70.24,70.24,70.24,70.24,,-0.21%
2018-10-10,70.39,70.39,70.39,70.39,,0.43%
2018-10-09,70.09,70.09,70.09,70.09,0.01K,1.15%
2018-10-08,69.29,69.29,69.29,69.29,0.01K,0.07%
2018-10-05,69.24,69.24,69.24,69.24,0.01K,1.07%
2018-10-04,68.51,68.51,68.51,68.51,0.01K,-0.83%
2018-10-03,69.08,69.08,69.08,69.08,0.19K,0.35%
2018-10-02,68.84,68.84,68.84,68.84,,0.64%
2018-10-01,68.4,68.4,68.4,68.4,,-0.48%
2018-09-28,68.73,68.73,68.73,68.73,,0.06%
2018-09-27,68.69,68.69,68.69,68.69,,0.04%
2018-09-26,68.66,68.66,68.66,68.66,,0.06%
2018-09-25,68.62,68.62,68.62,68.62,,-0.09%
2018-09-24,68.68,68.68,68.68,68.68,,-0.01%
2018-09-21,68.69,68.69,68.69,68.69,,0.03%
2018-09-20,68.67,68.67,68.67,68.67,,0.00%
2018-09-19,68.67,68.67,68.67,68.67,,0.12%
2018-09-18,68.59,68.59,68.59,68.59,,0.03%
2018-09-17,68.57,68.57,68.57,68.57,,0.20%
2018-09-14,68.43,68.43,68.43,68.43,,0.18%
2018-09-13,68.31,68.31,68.31,68.31,,0.49%
2018-09-12,67.98,67.98,67.98,67.98,,0.30%
2018-09-11,67.78,67.78,67.78,67.78,,-0.57%
2018-09-10,68.17,68.17,68.17,68.17,,0.15%
2018-09-07,68.07,68.07,68.07,68.07,,-0.09%
2018-09-06,68.13,68.13,68.13,68.13,0.01K,1.35%
2018-09-05,67.22,67.22,67.22,67.22,0.05K,0.87%
2018-09-04,66.64,66.64,66.64,66.64,,-0.77%
2018-08-31,67.16,67.16,67.16,67.16,,-0.07%
2018-08-30,67.21,67.21,67.21,67.21,,-0.10%
2018-08-29,67.28,67.28,67.28,67.28,,-0.10%
2018-08-28,67.35,67.35,67.35,67.35,,-0.10%
2018-08-27,67.42,67.42,67.42,67.42,,-0.09%
2018-08-24,67.48,67.48,67.48,67.48,,-0.09%
2018-08-23,67.54,67.54,67.54,67.54,,-0.22%
2018-08-22,67.69,67.69,67.69,67.69,,0.06%
2018-08-21,67.65,67.65,67.65,67.65,,-0.44%
2018-08-20,67.95,67.95,67.95,67.95,,-0.06%
2018-08-17,67.99,67.99,67.99,67.99,,0.59%
2018-08-16,67.59,67.59,67.59,67.59,,-0.19%
2018-08-15,67.72,67.72,67.72,67.72,0.01K,-0.35%
2018-08-14,67.96,67.96,67.96,67.96,,-0.86%
2018-08-13,68.55,68.55,68.55,68.55,,-0.04%
2018-08-10,68.58,68.58,68.58,68.58,,-0.52%
2018-08-09,68.94,68.94,68.94,68.94,,0.19%
2018-08-08,68.81,68.81,68.81,68.81,,-0.78%
2018-08-07,69.35,69.35,69.35,69.35,,0.39%
2018-08-06,69.08,69.08,69.08,69.08,0.01K,1.23%
2018-08-03,68.24,68.24,68.24,68.24,,2.06%
2018-08-02,66.86,66.86,66.86,66.86,,0.30%
2018-08-01,66.66,66.66,66.66,66.66,,3.59%
2018-07-31,64.35,64.35,64.35,64.35,,0.23%
2018-07-30,64.2,64.2,64.2,64.2,,0.19%
2018-07-27,64.08,64.08,64.08,64.08,,0.23%
2018-07-26,63.93,63.93,63.93,63.93,,0.09%
2018-07-25,63.87,63.87,63.87,63.87,,0.06%
2018-07-24,63.83,63.83,63.83,63.83,,0.16%
2018-07-23,63.73,63.73,63.73,63.73,,0.19%
2018-07-20,63.61,63.61,63.61,63.61,,0.05%
2018-07-19,63.58,63.58,63.58,63.58,,0.44%
2018-07-18,63.3,63.3,63.3,63.3,0.02K,0.32%
2018-07-17,63.1,63.1,63.1,63.1,,-0.36%
2018-07-16,63.33,63.33,63.33,63.33,,0.14%
2018-07-13,63.24,63.24,63.24,63.24,,0.05%
2018-07-12,63.21,63.21,63.21,63.21,,0.05%
2018-07-11,63.18,63.18,63.18,63.18,,-0.02%
2018-07-10,63.19,63.19,63.19,63.19,0.04K,0.10%
2018-07-09,63.13,63.13,63.13,63.13,0.01K,0.22%
2018-07-06,62.99,62.99,62.99,62.99,,-0.11%
2018-07-05,63.06,63.06,63.06,63.06,0.01K,-1.61%
2018-07-03,64.09,64.09,64.09,64.09,,-0.06%
2018-07-02,64.13,64.13,64.13,64.13,0.01K,-1.03%
2018-06-29,64.8,64.8,64.8,64.8,,-0.02%
2018-06-28,64.81,64.81,64.81,64.81,,-0.06%
2018-06-27,64.85,64.85,64.85,64.85,,-0.09%
2018-06-26,64.91,64.91,64.91,64.91,,0.05%
2018-06-25,64.88,64.88,64.88,64.88,,-0.02%
2018-06-22,64.89,64.89,64.89,64.89,,-0.06%
2018-06-21,64.93,64.93,64.93,64.93,,-0.12%
2018-06-20,65.01,65.01,65.01,65.01,,0.00%
2018-06-19,65.01,65.01,65.01,65.01,,-0.44%
2018-06-18,65.3,65.3,65.3,65.3,,-0.14%
2018-06-15,65.39,65.39,65.39,65.39,,-0.26%
2018-06-14,65.56,65.56,65.56,65.56,,0.34%
2018-06-13,65.34,65.34,65.34,65.34,,-0.09%
2018-06-12,65.4,65.4,65.4,65.4,0.06K,0.34%
2018-06-11,65.18,65.18,65.18,65.18,0.01K,0.68%
2018-06-08,64.74,64.74,64.74,64.74,0.02K,-0.66%
2018-06-07,65.17,65.17,65.17,65.17,0.01K,0.00%
2018-06-06,65.17,65.17,65.17,65.17,,0.60%
2018-06-05,64.78,64.78,64.78,64.78,0.00K,0.34%
2018-06-04,64.56,64.56,64.56,64.56,0.00K,0.05%
2018-06-01,64.53,64.53,64.53,64.53,,-2.15%
2018-05-31,65.95,65.95,65.95,65.95,0.05K,-0.11%
2018-05-30,66.02,66.02,66.02,66.02,,-0.38%
2018-05-29,66.27,66.27,66.27,66.27,,0.02%
2018-05-25,66.26,66.26,66.26,66.26,,-0.15%
2018-05-24,66.36,66.36,66.36,66.36,,0.02%
2018-05-23,66.35,66.35,66.35,66.35,,-0.24%
2018-05-22,66.51,66.51,66.51,66.51,,-0.51%
2018-05-21,66.85,66.85,66.85,66.85,,-0.27%
2018-05-18,67.03,67.03,67.03,67.03,,-0.34%
2018-05-17,67.26,67.26,67.26,67.26,,-0.06%
2018-05-16,67.3,67.3,67.3,67.3,,-0.41%
2018-05-15,67.58,67.58,67.58,67.58,,-0.01%
2018-05-14,67.59,67.59,67.59,67.59,,0.15%
2018-05-11,67.49,67.49,67.49,67.49,,1.50%
2018-05-10,66.49,66.49,66.49,66.49,,0.44%
2018-05-09,66.2,66.2,66.2,66.2,,-1.18%
2018-05-08,66.99,66.99,66.99,66.99,,0.45%
2018-05-07,66.69,66.69,66.69,66.69,,-0.43%
2018-05-04,66.98,66.98,66.98,66.98,,0.39%
2018-05-03,66.72,66.72,66.72,66.72,0.04K,-1.07%
2018-05-02,67.44,67.44,67.44,67.44,0.03K,2.98%
2018-05-01,65.49,65.49,65.49,65.49,,0.34%
2018-04-30,65.27,65.27,65.27,65.27,,0.00%
2018-04-27,65.27,65.27,65.27,65.27,,-0.03%
2018-04-26,65.29,65.29,65.29,65.29,,0.11%
2018-04-25,65.22,65.22,65.22,65.22,,-0.05%
2018-04-24,65.25,65.25,65.25,65.25,,0.09%
2018-04-23,65.19,65.19,65.19,65.19,,0.22%
2018-04-20,65.05,65.05,65.05,65.05,,-0.67%
2018-04-19,65.49,65.49,65.49,65.49,,1.24%
2018-04-18,64.69,64.69,64.69,64.69,,0.65%
2018-04-17,64.27,64.27,64.27,64.27,,0.25%
2018-04-16,64.11,64.11,64.11,64.11,,-0.79%
2018-04-13,64.62,64.62,64.62,64.62,,0.67%
2018-04-12,64.19,64.19,64.19,64.19,,-0.14%
2018-04-11,64.28,64.28,64.28,64.28,,-1.55%
2018-04-10,65.29,65.29,65.29,65.29,0.12K,2.14%
2018-04-09,63.92,63.92,63.92,63.92,0.01K,0.92%
2018-04-06,63.34,63.34,63.34,63.34,,1.07%
2018-04-05,62.67,62.67,62.67,62.67,,-0.43%
2018-04-04,62.94,62.94,62.94,62.94,,-2.19%
2018-04-03,64.35,64.35,64.35,64.35,,-2.82%
2018-04-02,66.22,66.22,66.22,66.22,0.04K,-4.99%
2018-03-29,69.7,69.7,69.7,69.7,,-0.23%
2018-03-28,69.86,69.86,69.86,69.86,,-0.70%
2018-03-27,70.35,70.35,70.35,70.35,,-0.23%
2018-03-26,70.51,70.51,70.51,70.51,,0.36%
2018-03-23,70.26,70.26,70.26,70.26,,-0.99%
2018-03-22,70.96,70.96,70.96,70.96,,-0.82%
2018-03-21,71.55,71.55,71.55,71.55,,-0.11%
2018-03-20,71.63,71.63,71.63,71.63,,-0.29%
2018-03-19,71.84,71.84,71.84,71.84,,-1.13%
2018-03-16,72.66,72.66,72.66,72.66,,-0.48%
2018-03-15,73.01,73.01,73.01,73.01,,0.34%
2018-03-14,72.76,72.76,72.76,72.76,,0.59%
2018-03-13,72.33,72.33,72.33,72.33,,1.29%
2018-03-12,71.41,71.41,71.41,71.41,,-0.83%
2018-03-09,72.01,72.01,72.01,72.01,,-1.37%
2018-03-08,73.01,73.01,73.01,73.01,,-2.01%
2018-03-07,74.51,74.51,74.51,74.51,,-1.36%
2018-03-06,75.54,75.54,75.54,75.54,,0.24%
2018-03-05,75.36,75.36,75.36,75.36,,-1.31%
2018-03-02,76.36,76.52,76.52,76.52,0.00K,-2.63%
2018-03-01,78.42,78.42,78.42,78.42,0.09K,1.24%
2018-02-28,77.46,77.46,77.46,77.46,,0.12%
2018-02-27,77.37,77.37,77.37,77.37,,-0.09%
2018-02-26,77.44,77.44,77.44,77.44,,0.43%
2018-02-23,77.11,77.11,77.11,77.11,,0.06%
2018-02-22,77.06,77.06,77.06,77.06,,-0.16%
2018-02-21,77.18,77.18,77.18,77.18,,0.27%
2018-02-20,76.97,76.97,76.97,76.97,,0.10%
2018-02-16,76.89,76.89,76.89,76.89,,0.17%
2018-02-15,76.76,76.76,76.76,76.76,,0.12%
2018-02-14,76.67,76.67,76.67,76.67,,0.24%
2018-02-13,76.49,76.49,76.49,76.49,0.02K,1.11%
2018-02-12,75.65,75.65,75.65,75.65,,1.01%
2018-02-09,74.89,74.89,74.89,74.89,,-1.06%
2018-02-08,75.69,75.69,75.69,75.69,,0.65%
2018-02-07,75.2,74.55,74.55,74.55,0.00K,1.03%
2018-02-06,74.43,74.43,74.43,74.43,,0.12%
2018-02-05,74.34,74.34,74.34,74.34,,1.92%
2018-02-02,72.94,72.94,72.94,72.94,,1.32%
2018-02-01,71.99,71.99,71.99,71.99,,-5.10%
2018-01-31,75.86,75.86,75.86,75.86,,-0.17%
2018-01-30,75.99,75.99,75.99,75.99,,-0.14%
2018-01-29,76.1,76.1,76.1,76.1,,-0.14%
2018-01-26,76.21,76.21,76.21,76.21,,0.00%
2018-01-25,76.21,76.21,76.21,76.21,,0.00%
2018-01-24,76.21,76.21,76.21,76.21,,0.33%
2018-01-23,75.96,75.96,75.96,75.96,,-0.84%
2018-01-22,76.6,76.6,76.6,76.6,,-0.10%
2018-01-19,76.68,76.68,76.68,76.68,,0.66%
2018-01-18,76.18,76.18,76.18,76.18,,-0.12%
2018-01-17,76.27,76.27,76.27,76.27,,-0.31%
2018-01-16,76.51,76.51,76.51,76.51,,-1.11%
2018-01-12,77.37,77.37,77.37,77.37,,-0.45%
2018-01-11,77.72,77.72,77.72,77.72,,0.41%
2018-01-10,77.4,77.4,77.4,77.4,,-0.28%
2018-01-09,77.62,77.62,77.62,77.62,0.03K,0.82%
2018-01-08,76.99,76.99,76.99,76.99,0.01K,2.12%
2018-01-05,75.39,75.39,75.39,75.39,0.01K,1.05%
2018-01-04,74.61,74.61,74.61,74.61,0.01K,1.61%
2018-01-03,73.43,73.43,73.43,73.43,,-0.64%
2018-01-02,73.9,73.9,73.9,73.9,0.11K,3.68%
2017-12-29,71.28,71.28,71.28,71.28,,0.00%
2017-12-28,71.28,71.28,71.28,71.28,,0.22%
2017-12-27,71.12,71.12,71.12,71.12,,0.15%
2017-12-26,71.01,71.01,71.01,71.01,,0.20%
2017-12-22,70.87,70.87,70.87,70.87,,0.23%
2017-12-21,70.71,70.71,70.71,70.71,,0.37%
2017-12-20,70.45,70.45,70.45,70.45,,0.07%
2017-12-19,70.4,70.4,70.4,70.4,,-0.10%
2017-12-18,70.47,70.47,70.47,70.47,,2.00%
2017-12-15,69.09,69.09,69.09,69.09,,0.14%
2017-12-14,68.99,68.99,68.99,68.99,,-0.50%
2017-12-13,69.34,69.34,69.34,69.34,,0.54%
2017-12-12,68.97,68.97,68.97,68.97,,0.52%
2017-12-11,68.61,68.61,68.61,68.61,,0.20%
2017-12-08,68.47,68.47,68.47,68.47,,1.57%
2017-12-07,67.41,67.41,67.41,67.41,,-0.07%
2017-12-06,67.46,67.46,67.46,67.46,,-3.46%
2017-12-05,69.88,69.88,69.88,69.88,,-1.61%
2017-12-04,71.02,71.02,71.02,71.02,,0.84%
2017-12-01,70.43,70.43,70.43,70.43,,11.16%
2017-11-30,63.36,63.36,63.36,63.36,,0.33%
2017-11-29,63.15,63.15,63.15,63.15,,0.02%
2017-11-28,63.14,63.14,63.14,63.14,,0.08%
2017-11-27,63.09,63.09,63.09,63.09,,0.86%
2017-11-24,62.55,62.55,62.55,62.55,,-0.70%
2017-11-22,62.99,62.99,62.99,62.99,,1.51%
2017-11-21,62.05,62.05,62.05,62.05,,0.45%
2017-11-20,61.77,61.77,61.77,61.77,,0.46%
2017-11-17,61.49,61.49,61.49,61.49,,-0.18%
2017-11-16,61.6,61.6,61.6,61.6,,0.62%
2017-11-15,61.22,61.22,61.22,61.22,,-0.92%
2017-11-14,61.79,61.79,61.79,61.79,,-0.32%
2017-11-13,61.99,61.99,61.99,61.99,,0.32%
2017-11-10,61.79,61.79,61.79,61.79,,0.62%
2017-11-09,61.41,61.41,61.41,61.41,,-1.89%
2017-11-08,62.59,62.59,62.59,62.59,0.20K,1.62%
2017-11-07,61.59,61.59,61.59,61.59,,-1.83%
2017-11-06,62.74,62.74,62.74,62.74,,5.34%
2017-11-03,59.56,59.56,59.56,59.56,,0.19%
2017-11-02,59.45,59.45,59.45,59.45,,1.42%
2017-11-01,58.62,58.62,58.62,58.62,,-2.80%
2017-10-31,60.31,60.31,60.31,60.31,,-0.15%
2017-10-30,60.4,60.4,60.4,60.4,,-0.21%
2017-10-27,60.53,60.53,60.53,60.53,,-0.23%
2017-10-26,60.67,60.67,60.67,60.67,,-0.08%
2017-10-25,60.72,60.72,60.72,60.72,,-0.02%
2017-10-24,60.73,60.73,60.73,60.73,,0.05%
2017-10-23,60.7,60.7,60.7,60.7,,0.02%
2017-10-20,60.69,60.69,60.69,60.69,,0.50%
2017-10-19,60.39,60.39,60.39,60.39,,-1.16%
2017-10-18,61.1,61.1,61.1,61.1,0.00K,0.34%
2017-10-17,60.89,60.89,60.89,60.89,,-0.44%
2017-10-16,61.16,61.16,61.16,61.16,,0.87%
2017-10-13,60.63,60.63,60.63,60.63,,1.34%
2017-10-12,59.83,59.83,59.83,59.83,0.01K,0.96%
2017-10-11,59.26,59.26,59.26,59.26,0.01K,-1.53%
2017-10-10,60.18,60.18,60.18,60.18,0.02K,-1.76%
2017-10-09,61.26,61.26,61.26,61.26,0.03K,-3.18%
2017-10-06,63.27,63.27,63.27,63.27,,0.68%
2017-10-05,62.84,62.84,62.84,62.84,,-0.17%
2017-10-04,62.95,62.95,62.95,62.95,,0.14%
2017-10-03,62.86,62.86,62.86,62.86,,0.69%
2017-10-02,62.43,62.43,62.43,62.43,0.01K,-10.52%
2017-09-29,69.77,69.77,69.77,69.77,,-0.33%
2017-09-28,70.0,70.0,70.0,70.0,,-0.79%
2017-09-27,70.56,70.56,70.56,70.56,,-0.54%
2017-09-26,70.94,70.94,70.94,70.94,,0.62%
2017-09-25,70.5,70.5,70.5,70.5,,-1.47%
2017-09-22,71.55,72.0,72.0,70.15,0.01K,-0.71%
2017-09-21,72.06,72.06,72.06,72.06,,0.14%
2017-09-20,71.96,71.96,71.96,71.96,,0.22%
2017-09-19,71.8,71.8,71.8,71.8,,-2.76%
2017-09-18,73.84,73.84,73.84,73.84,,0.46%
2017-09-15,73.5,73.5,73.5,73.5,0.03K,-0.27%
2017-09-14,73.7,73.7,73.7,73.7,0.08K,-1.65%
2017-09-13,74.94,74.94,74.94,74.94,,-0.37%
2017-09-12,75.22,75.22,75.22,75.22,,0.59%
2017-09-11,74.78,74.78,74.78,74.78,,0.09%
2017-09-08,74.71,74.71,74.71,74.71,0.08K,-0.86%
2017-09-07,75.36,75.36,75.36,75.36,0.04K,-1.19%
2017-09-06,76.27,76.27,76.27,76.27,0.12K,-1.82%
2017-09-05,77.68,77.68,77.68,77.68,0.07K,-0.12%
2017-09-01,77.77,77.77,77.77,77.77,0.02K,3.54%
2017-08-31,75.11,75.11,75.11,75.11,,0.04%
2017-08-30,75.08,75.08,75.08,75.08,,0.04%
2017-08-29,75.05,75.05,75.05,75.05,,0.03%
2017-08-28,75.03,75.03,75.03,75.03,,0.08%
2017-08-25,74.97,74.97,74.97,74.97,,-0.03%
2017-08-24,74.99,74.99,74.99,74.99,,0.23%
2017-08-23,74.82,74.82,74.82,74.82,,-0.09%
2017-08-22,74.89,74.89,74.89,74.89,,0.67%
2017-08-21,74.39,74.39,74.39,74.39,,-0.01%
2017-08-18,74.4,74.4,74.4,74.4,,0.35%
2017-08-17,74.14,74.14,74.14,74.14,,1.06%
2017-08-16,73.36,73.36,73.36,73.36,0.11K,0.01%
2017-08-15,73.35,73.35,73.35,73.35,,-0.14%
2017-08-14,73.45,73.45,73.45,73.45,,-0.42%
2017-08-11,73.76,73.76,73.76,73.76,,-1.50%
2017-08-10,74.88,74.88,74.88,74.88,0.05K,0.11%
2017-08-09,74.8,74.8,74.8,74.8,0.01K,-0.76%
2017-08-08,75.37,75.37,75.37,75.37,,0.96%
2017-08-07,74.65,74.65,74.65,74.65,0.02K,1.59%
2017-08-04,73.48,73.62,74.25,73.62,0.02K,1.53%
2017-08-03,72.37,72.37,72.37,72.37,0.03K,0.43%
2017-08-02,72.06,72.06,72.06,72.06,0.10K,0.68%
2017-08-01,71.57,71.57,71.57,71.57,0.18K,8.08%
2017-07-31,66.22,66.22,66.22,66.22,,0.53%
2017-07-28,65.87,65.87,65.87,65.87,,0.20%
2017-07-27,65.74,65.74,65.74,65.74,,0.31%
2017-07-26,65.54,65.54,65.54,65.54,,-0.08%
2017-07-25,65.59,65.59,65.59,65.59,,0.31%
2017-07-24,65.39,65.39,65.39,65.39,,0.31%
2017-07-21,65.19,65.19,65.19,65.19,,-0.46%
2017-07-20,65.49,65.49,65.49,65.49,,-0.76%
2017-07-19,65.99,65.99,65.99,65.99,,0.38%
2017-07-18,65.74,65.74,65.74,65.74,,-0.38%
2017-07-17,65.99,65.99,65.99,65.99,0.02K,1.65%
2017-07-14,64.92,64.92,64.92,64.92,,1.18%
2017-07-13,64.16,64.16,64.16,64.16,0.00K,0.11%
2017-07-12,64.09,64.09,64.09,64.09,0.03K,-0.60%
2017-07-11,64.48,64.48,64.48,64.48,,2.17%
2017-07-10,63.11,63.11,63.11,63.11,,0.41%
2017-07-07,62.85,62.28,62.28,62.28,0.30K,1.19%
2017-07-06,62.11,62.11,62.11,62.11,0.09K,-1.46%
2017-07-05,63.03,63.03,63.03,63.03,0.92K,-3.03%
2017-07-03,65.0,65.0,65.0,65.0,0.40K,16.05%
2017-06-30,56.01,56.01,56.01,56.01,,0.39%
2017-06-29,55.79,55.79,55.79,55.79,0.01K,0.16%
2017-06-28,55.7,55.7,55.7,55.7,0.01K,0.81%
2017-06-27,55.25,55.25,55.25,55.25,0.02K,0.91%
2017-06-26,54.75,54.75,54.75,54.75,,0.04%
2017-06-23,54.73,54.73,54.73,54.73,,0.13%
2017-06-22,54.66,54.66,54.66,54.66,,0.02%
2017-06-21,54.65,54.65,54.65,54.65,,-0.11%
2017-06-20,54.71,54.71,54.71,54.71,,-0.16%
2017-06-19,54.8,54.8,54.8,54.8,,0.18%
2017-06-16,54.7,54.7,54.7,54.7,0.02K,0.35%
2017-06-15,54.51,54.51,54.51,54.51,,0.02%
2017-06-14,54.5,54.5,54.5,54.5,,0.91%
2017-06-13,54.01,54.01,54.01,54.01,,-1.39%
2017-06-12,54.77,54.77,54.77,54.77,,0.46%
2017-06-09,54.52,54.52,54.52,54.52,0.02K,-0.69%
2017-06-08,54.9,54.9,54.9,54.9,0.07K,-0.42%
2017-06-07,55.13,55.13,55.13,55.13,0.01K,-0.97%
2017-06-06,55.67,55.67,55.67,55.67,0.04K,0.32%
2017-06-05,55.49,55.49,55.49,55.49,0.01K,-1.39%
2017-06-02,56.27,56.27,56.27,56.27,0.07K,1.59%
2017-06-01,55.39,55.39,55.39,55.39,0.04K,-8.76%
2017-05-31,60.71,60.71,60.71,60.71,,-0.36%
2017-05-30,60.93,60.93,60.93,60.93,,-0.52%
2017-05-26,61.25,61.25,61.25,61.25,,-0.24%
2017-05-25,61.4,61.4,61.4,61.4,,-0.16%
2017-05-24,61.5,61.5,61.5,61.5,,-0.65%
2017-05-23,61.9,61.9,61.9,61.9,,-0.06%
2017-05-22,61.94,61.94,61.94,61.94,,0.05%
2017-05-19,61.91,61.91,61.91,61.91,,0.65%
2017-05-18,61.51,61.51,61.51,61.51,,-0.85%
2017-05-17,62.04,62.04,62.04,62.04,,0.91%
2017-05-16,61.48,61.48,61.48,61.48,,0.46%
2017-05-15,61.2,61.2,61.2,61.2,0.09K,-0.41%
2017-05-12,61.45,61.45,61.45,61.45,,-0.90%
2017-05-11,62.01,62.01,62.01,62.01,,-0.99%
2017-05-10,62.63,62.63,62.63,62.63,,2.05%
2017-05-09,61.37,61.37,61.37,61.37,0.10K,1.07%
2017-05-08,60.72,60.72,60.72,60.72,0.02K,-2.83%
2017-05-05,62.49,62.49,62.49,62.49,0.01K,-2.18%
2017-05-04,63.88,63.88,63.88,63.88,0.04K,-5.12%
2017-05-03,67.33,67.33,67.33,67.33,0.18K,-2.02%
2017-05-02,68.72,68.72,68.72,68.72,0.08K,1.06%
2017-05-01,68.0,68.0,68.0,68.0,,-2.82%
2017-04-28,69.97,69.97,69.97,69.97,,-0.19%
2017-04-27,70.1,70.1,70.1,70.1,,-0.23%
2017-04-26,70.26,70.26,70.26,70.26,,-0.26%
2017-04-25,70.44,70.44,70.44,70.44,,-0.33%
2017-04-24,70.67,70.67,70.67,70.67,0.02K,-0.37%
2017-04-21,70.93,70.93,70.93,70.93,,0.06%
2017-04-20,70.89,70.89,70.89,70.89,0.01K,-0.08%
2017-04-19,70.95,70.95,70.95,70.95,0.03K,0.30%
2017-04-18,70.74,70.74,70.74,70.74,0.00K,-1.86%
2017-04-17,72.08,72.08,72.08,72.08,,-1.29%
2017-04-13,73.02,73.02,73.02,73.02,,-0.56%
2017-04-12,73.43,73.43,73.43,73.43,,-1.95%
2017-04-11,74.89,74.89,74.89,74.89,0.03K,-0.52%
2017-04-10,75.28,75.28,75.28,75.28,0.04K,-2.12%
2017-04-07,76.91,76.91,76.91,76.91,0.28K,-2.55%
2017-04-06,78.92,78.92,78.92,78.92,0.05K,-0.65%
2017-04-05,79.44,79.44,79.44,79.44,0.06K,0.10%
2017-04-04,79.36,79.36,79.36,79.36,0.09K,1.16%
2017-04-03,78.45,78.45,78.45,78.45,,-9.66%
2017-03-31,86.84,86.84,86.84,86.84,,-0.40%
2017-03-30,87.19,87.19,87.19,87.19,,-0.29%
2017-03-29,87.44,87.44,87.44,87.44,,-0.22%
2017-03-28,87.63,87.63,87.63,87.63,,-0.32%
2017-03-27,87.91,87.91,87.91,87.91,,-0.50%
2017-03-24,88.35,88.35,88.35,88.35,,-0.18%
2017-03-23,88.51,88.51,88.51,88.51,,-0.09%
2017-03-22,88.59,88.59,88.59,88.59,,-0.45%
2017-03-21,88.99,88.99,88.99,88.99,0.02K,-0.48%
2017-03-20,89.42,89.42,89.42,89.42,0.01K,-0.06%
2017-03-17,89.47,89.62,89.62,89.62,0.01K,-0.03%
2017-03-16,89.5,89.5,89.5,89.5,0.06K,0.53%
2017-03-15,89.03,89.03,89.03,89.03,0.01K,1.12%
2017-03-14,88.04,88.04,88.04,88.04,0.02K,0.61%
2017-03-13,87.51,87.51,87.51,87.51,0.28K,1.24%
2017-03-10,86.44,84.8,84.8,84.8,0.01K,0.10%
2017-03-09,86.35,84.45,84.45,84.42,0.41K,-0.23%
2017-03-08,86.55,86.55,86.55,86.55,0.14K,-0.39%
2017-03-07,86.89,85.91,85.91,85.9,0.01K,0.18%
2017-03-06,86.73,86.04,86.04,85.86,0.02K,-0.96%
2017-03-03,87.57,86.58,86.58,86.58,0.06K,-1.12%
2017-03-02,88.56,88.56,88.56,88.56,0.18K,1.07%
2017-03-01,87.62,86.8,87.65,86.8,0.37K,-0.51%
2017-02-28,88.07,88.07,88.07,88.07,,0.20%
2017-02-27,87.89,87.89,87.89,87.89,,0.37%
2017-02-24,87.57,87.57,87.57,87.57,,0.18%
2017-02-23,87.41,87.41,87.41,87.41,,-0.08%
2017-02-22,87.48,87.48,87.48,87.48,,0.23%
2017-02-21,87.28,87.28,87.28,87.28,,1.02%
2017-02-17,86.4,87.35,87.35,87.35,0.01K,0.79%
2017-02-16,85.72,86.46,86.46,86.23,0.01K,-0.16%
2017-02-15,85.86,85.86,85.86,85.86,,-0.06%
2017-02-14,85.91,87.47,87.47,87.47,0.01K,-0.02%
2017-02-13,85.93,85.93,85.93,85.93,0.20K,2.16%
2017-02-10,84.11,83.52,83.52,83.52,0.06K,2.67%
2017-02-09,81.92,81.92,81.92,81.92,0.07K,0.05%
2017-02-08,81.88,81.88,81.88,81.88,,1.06%
2017-02-07,81.02,81.02,81.02,81.02,0.01K,2.36%
2017-02-06,79.15,79.15,79.15,79.15,0.14K,-1.25%
2017-02-03,80.15,79.96,79.96,79.57,0.26K,-4.38%
2017-02-02,83.82,84.0,84.0,84.0,0.01K,0.84%
2017-02-01,83.12,83.12,83.12,83.12,0.15K,3.38%
2017-01-31,80.4,80.4,80.4,80.4,,0.12%
2017-01-30,80.3,80.3,80.3,80.3,,0.00%
2017-01-27,80.3,80.3,80.3,80.3,,0.10%
2017-01-26,80.22,80.22,80.22,80.22,,0.11%
2017-01-25,80.13,80.13,80.13,80.13,,0.10%
2017-01-24,80.05,80.05,80.05,80.05,,0.45%
2017-01-23,79.69,79.6,79.6,79.6,0.01K,0.23%
2017-01-20,79.51,79.51,79.51,79.51,,-0.16%
2017-01-19,79.64,79.64,79.64,79.64,,-0.03%
2017-01-18,79.66,79.66,79.66,79.66,,-0.21%
2017-01-17,79.83,82.0,82.0,80.65,0.05K,1.45%
2017-01-13,78.69,78.69,78.69,78.69,,-0.18%
2017-01-12,78.83,78.85,79.14,78.85,0.08K,0.23%
2017-01-11,78.65,78.4,78.6,78.4,0.05K,0.49%
2017-01-10,78.27,77.5,77.5,77.5,0.02K,1.53%
2017-01-09,77.09,76.35,76.98,76.05,0.07K,1.80%
2017-01-06,75.73,76.35,76.35,76.35,0.01K,-0.95%
2017-01-05,76.46,76.46,76.46,76.46,,2.41%
2017-01-04,74.66,74.66,74.66,74.66,0.21K,0.39%
2017-01-03,74.37,74.37,74.37,74.37,,-6.75%
2016-12-30,79.75,79.75,79.75,79.74,,-0.01%
2016-12-29,79.76,79.76,79.76,79.76,,0.01%
2016-12-28,79.75,79.75,79.75,79.75,,0.04%
2016-12-27,79.72,79.35,79.35,79.35,0.00K,-0.04%
2016-12-23,79.75,79.75,79.75,79.75,0.01K,-0.06%
2016-12-22,79.8,79.8,79.8,79.8,,-0.25%
2016-12-21,80.0,80.0,80.0,80.0,,0.04%
2016-12-20,79.97,79.05,79.05,79.05,0.01K,0.44%
2016-12-19,79.62,79.62,79.62,79.62,,-0.34%
2016-12-16,79.89,79.89,79.89,79.89,0.12K,-0.06%
2016-12-15,79.94,79.94,79.94,79.94,0.15K,0.45%
2016-12-14,79.58,79.58,79.58,79.58,0.12K,-1.11%
2016-12-13,80.47,80.47,80.47,80.47,0.02K,0.27%
2016-12-12,80.25,80.9,81.35,80.8,0.07K,1.72%
2016-12-09,78.89,77.42,77.42,76.73,0.05K,-0.69%
2016-12-08,79.44,78.2,79.07,77.89,0.11K,0.30%
2016-12-07,79.2,79.2,79.2,79.2,0.02K,3.23%
2016-12-06,76.72,76.15,77.1,76.15,0.01K,0.68%
2016-12-05,76.2,75.7,75.7,75.7,0.02K,2.19%
2016-12-02,74.57,74.84,74.84,71.12,0.14K,-1.28%
2016-12-01,75.54,71.1,71.1,71.1,0.12K,4.55%
2016-11-30,72.25,72.25,72.25,72.25,,-0.01%
2016-11-29,72.26,72.26,72.26,72.26,,0.15%
2016-11-28,72.15,72.15,72.15,72.15,,0.47%
2016-11-25,71.81,72.82,72.82,72.82,0.00K,0.83%
2016-11-23,71.22,71.22,71.22,71.22,0.01K,0.48%
2016-11-22,70.88,70.88,70.88,70.88,0.05K,1.26%
2016-11-21,70.0,70.0,70.0,70.0,0.04K,-0.28%
2016-11-18,70.2,69.6,69.6,68.78,0.28K,-0.18%
2016-11-17,70.33,70.33,70.33,70.33,0.12K,-0.11%
2016-11-16,70.41,70.41,70.41,70.41,0.05K,0.53%
2016-11-15,70.04,70.04,70.04,70.04,0.14K,-3.03%
2016-11-14,72.23,72.23,72.23,72.23,0.05K,-1.53%
2016-11-11,73.35,72.71,73.62,72.55,0.40K,5.18%
2016-11-10,69.74,69.74,69.74,69.74,0.31K,2.05%
2016-11-09,68.34,68.34,68.34,68.34,0.42K,3.56%
2016-11-08,65.99,65.99,65.99,65.99,0.08K,0.12%
2016-11-07,65.91,65.91,65.91,65.91,0.27K,3.52%
2016-11-04,63.67,63.67,63.67,63.67,0.09K,-0.19%
2016-11-03,63.79,63.79,63.79,63.79,0.21K,1.92%
2016-11-02,62.59,62.59,62.59,62.59,0.10K,-1.53%
2016-11-01,63.56,63.56,63.56,63.56,0.18K,1.26%
2016-10-31,62.77,62.77,62.77,62.77,0.39K,8.75%
2016-10-28,57.72,58.0,58.0,58.0,,0.44%
2016-10-27,57.47,57.47,57.47,57.47,,0.40%
2016-10-26,57.24,57.24,57.24,57.24,,0.49%
2016-10-25,56.96,56.96,56.96,56.96,,0.39%
2016-10-24,56.74,56.74,56.74,56.74,,0.25%
2016-10-21,56.6,56.6,56.6,56.6,,0.04%
2016-10-20,56.58,56.58,56.58,56.58,0.08K,0.21%
2016-10-19,56.46,56.46,56.46,56.46,0.11K,0.14%
2016-10-18,56.38,56.38,56.38,56.38,0.19K,0.09%
2016-10-17,56.33,56.33,56.33,56.33,0.10K,0.34%
2016-10-14,56.14,56.5,57.27,56.5,0.05K,0.63%
2016-10-13,55.79,55.79,55.79,55.79,0.01K,-0.09%
2016-10-12,55.84,55.84,55.84,55.84,0.05K,0.11%
2016-10-11,55.78,55.78,55.78,55.78,0.04K,0.20%
2016-10-10,55.67,55.67,55.67,55.67,0.20K,1.27%
2016-10-07,54.97,54.97,54.97,54.97,0.07K,-0.38%
2016-10-06,55.18,55.18,55.18,55.18,0.01K,-0.16%
2016-10-05,55.27,55.27,55.27,55.27,0.01K,0.22%
2016-10-04,55.15,55.15,55.15,55.15,,0.07%
2016-10-03,55.11,55.11,55.11,55.11,0.32K,-2.68%
2016-09-30,56.63,56.67,56.67,56.67,0.00K,-0.14%
2016-09-29,56.71,56.71,56.71,56.71,,-0.05%
2016-09-28,56.74,56.74,56.74,56.74,,-0.07%
2016-09-27,56.78,56.78,56.78,56.78,,-0.12%
2016-09-26,56.85,56.85,56.85,56.85,,-0.02%
2016-09-23,56.86,56.93,56.93,56.93,0.03K,-0.07%
2016-09-22,56.9,56.9,56.9,56.9,0.03K,0.04%
2016-09-21,56.88,56.88,56.88,56.88,0.01K,-0.21%
2016-09-20,57.0,57.0,57.0,57.0,0.06K,0.14%
2016-09-19,56.92,56.92,56.92,56.92,,-0.19%
2016-09-16,57.03,57.03,57.03,57.03,,-0.21%
2016-09-15,57.15,57.15,57.15,57.15,,-0.17%
2016-09-14,57.25,57.25,57.25,57.25,0.04K,-0.31%
2016-09-13,57.43,57.43,57.43,57.43,0.02K,-0.10%
2016-09-12,57.49,57.49,57.49,57.49,0.04K,-0.66%
2016-09-09,57.87,57.87,57.87,57.87,0.07K,0.35%
2016-09-08,57.67,57.67,57.67,57.67,0.08K,0.35%
2016-09-07,57.47,57.47,57.47,57.47,0.03K,-1.51%
2016-09-06,58.35,58.35,58.35,58.35,0.03K,0.52%
2016-09-02,58.05,58.05,58.05,58.05,,0.17%
2016-09-01,57.95,57.95,57.95,57.95,0.24K,-4.10%
2016-08-31,60.43,60.43,60.43,60.43,0.02K,-0.12%
2016-08-30,60.5,60.5,60.5,60.5,,-0.13%
2016-08-29,60.58,60.58,60.58,60.58,0.02K,-0.18%
2016-08-26,60.69,60.35,60.35,60.17,0.02K,-0.13%
2016-08-25,60.77,60.77,60.77,60.77,,-0.02%
2016-08-24,60.78,60.78,60.78,60.78,,0.00%
2016-08-23,60.78,60.78,60.78,60.78,0.05K,0.18%
2016-08-22,60.67,60.67,60.67,60.67,0.04K,0.13%
2016-08-19,60.59,59.68,60.63,59.68,0.02K,0.35%
2016-08-18,60.38,60.38,60.38,60.38,,0.38%
2016-08-17,60.15,60.15,60.15,60.15,,-0.50%
2016-08-16,60.45,60.45,60.45,60.45,0.02K,1.32%
2016-08-15,59.66,59.66,59.66,59.66,0.04K,-0.28%
2016-08-12,59.83,59.83,59.83,59.83,0.38K,0.17%
2016-08-11,59.73,59.73,59.73,59.73,0.39K,-0.86%
2016-08-10,60.25,60.25,60.25,60.25,0.23K,-0.12%
2016-08-09,60.32,60.32,60.32,60.32,,-1.10%
2016-08-08,60.99,60.99,60.99,60.99,0.03K,1.33%
2016-08-05,60.19,60.19,60.19,60.19,,1.93%
2016-08-04,59.05,59.05,59.05,59.05,,-0.72%
2016-08-03,59.48,59.48,59.48,59.48,0.04K,-0.67%
2016-08-02,59.88,59.88,59.88,59.88,0.22K,0.17%
2016-08-01,59.78,59.78,59.78,59.78,0.22K,5.60%
2016-07-29,56.61,56.61,56.61,56.61,,0.19%
2016-07-28,56.5,56.5,56.5,56.5,,0.28%
2016-07-27,56.34,56.34,56.34,56.34,0.01K,0.16%
2016-07-26,56.25,56.25,56.25,56.25,,0.18%
2016-07-25,56.15,56.15,56.15,56.15,0.01K,0.20%
2016-07-22,56.04,56.04,56.04,56.04,,-0.16%
2016-07-21,56.13,56.13,56.13,56.13,0.01K,0.63%
2016-07-20,55.78,55.78,55.78,55.78,0.11K,0.23%
2016-07-19,55.65,55.65,55.65,55.65,0.29K,-0.11%
2016-07-18,55.71,55.71,55.71,55.71,0.24K,-1.12%
2016-07-15,56.34,56.34,56.34,56.34,0.10K,0.41%
2016-07-14,56.11,56.11,56.11,56.11,0.45K,-0.44%
2016-07-13,56.36,56.36,56.36,56.36,0.08K,1.44%
2016-07-12,55.56,55.56,55.56,55.56,0.01K,1.89%
2016-07-11,54.53,54.53,54.53,54.53,,0.53%
2016-07-08,54.24,53.57,53.57,53.57,0.18K,0.97%
2016-07-07,53.72,53.72,53.72,53.72,0.03K,1.59%
2016-07-06,52.88,52.88,52.88,52.88,0.03K,-2.36%
2016-07-05,54.16,54.16,54.16,54.16,0.10K,2.71%
2016-07-01,52.73,52.6,52.6,52.6,0.04K,2.67%
2016-06-30,51.36,51.36,51.36,51.36,0.01K,0.25%
2016-06-29,51.23,51.23,51.23,51.23,0.04K,0.22%
2016-06-28,51.12,51.12,51.12,51.12,0.05K,0.18%
2016-06-27,51.03,51.03,51.03,51.03,,0.39%
2016-06-24,50.83,50.83,50.83,50.83,,-0.08%
2016-06-23,50.87,50.87,50.87,50.87,,0.08%
2016-06-22,50.83,50.83,50.83,50.83,0.10K,0.49%
2016-06-21,50.58,50.58,50.58,50.58,,0.08%
2016-06-20,50.54,50.54,50.54,50.54,0.01K,-0.02%
2016-06-17,50.55,50.15,50.15,50.15,0.02K,0.34%
2016-06-16,50.38,50.38,50.38,50.38,0.04K,0.22%
2016-06-15,50.27,50.27,50.27,50.27,0.20K,0.16%
2016-06-14,50.19,50.19,50.19,50.19,0.16K,-1.43%
2016-06-13,50.92,50.92,50.92,50.92,0.01K,0.12%
2016-06-10,50.86,50.86,50.86,50.86,,0.32%
2016-06-09,50.7,50.7,50.7,50.7,0.04K,0.80%
2016-06-08,50.3,50.3,50.3,50.3,0.08K,-0.14%
2016-06-07,50.37,50.37,50.37,50.37,0.04K,0.40%
2016-06-06,50.17,50.17,50.17,50.17,0.16K,4.11%
2016-06-03,48.19,48.19,48.19,48.19,,1.05%
2016-06-02,47.69,47.69,47.69,47.69,0.01K,0.48%
2016-06-01,47.46,47.46,47.46,47.46,0.20K,-12.90%
2016-05-31,54.49,54.49,54.49,54.49,,-0.82%
2016-05-27,54.94,54.94,54.94,54.94,,-0.34%
2016-05-26,55.13,55.13,55.13,55.13,,-0.52%
2016-05-25,55.42,55.42,55.42,55.42,,-0.41%
2016-05-24,55.65,55.65,55.65,55.65,0.01K,-0.23%
2016-05-23,55.78,55.78,55.78,55.78,,-0.39%
2016-05-20,56.0,56.0,56.0,56.0,,-0.20%
2016-05-19,56.11,56.11,56.11,56.11,,-0.18%
2016-05-18,56.21,56.21,56.21,56.21,,-0.60%
2016-05-17,56.55,56.55,56.55,56.55,,1.73%
2016-05-16,55.59,55.59,55.59,55.59,0.01K,0.18%
2016-05-13,55.49,55.49,55.49,55.49,,-0.31%
2016-05-12,55.66,55.66,55.66,55.66,,-1.50%
2016-05-11,56.51,56.51,56.51,56.51,,0.50%
2016-05-10,56.23,56.23,56.23,56.23,0.18K,0.70%
2016-05-09,55.84,55.84,55.84,55.84,0.11K,-4.22%
2016-05-06,58.3,58.3,58.3,58.3,0.08K,-0.05%
2016-05-05,58.33,58.33,58.33,58.33,0.09K,-1.67%
2016-05-04,59.32,59.32,59.32,59.32,0.13K,-2.16%
2016-05-03,60.63,60.63,60.63,60.63,0.17K,-5.27%
2016-05-02,64.0,64.0,64.0,64.0,,7.42%
2016-04-29,59.58,59.58,59.58,59.58,,0.47%
2016-04-28,59.3,59.3,59.3,59.3,,0.29%
2016-04-27,59.13,59.13,59.13,59.13,,0.05%
2016-04-26,59.1,59.1,59.1,59.1,,0.25%
2016-04-25,58.95,58.95,58.95,58.95,,0.43%
2016-04-22,58.7,60.3,60.3,60.3,0.01K,0.34%
2016-04-21,58.5,58.5,58.5,58.5,0.08K,0.81%
2016-04-20,58.03,58.03,58.03,58.03,0.18K,1.08%
2016-04-19,57.41,57.41,57.41,57.41,,0.75%
2016-04-18,56.98,56.98,56.98,56.98,0.01K,1.59%
2016-04-15,56.09,56.09,56.09,56.09,,-0.14%
2016-04-14,56.17,56.17,56.17,56.17,0.10K,-0.76%
2016-04-13,56.6,56.6,56.6,56.6,0.03K,0.95%
2016-04-12,56.07,56.07,56.07,56.07,0.05K,2.32%
2016-04-11,54.8,54.8,54.8,54.8,0.19K,2.53%
2016-04-08,53.45,53.45,53.45,53.45,0.14K,0.34%
2016-04-07,53.27,53.27,53.27,53.27,0.05K,1.02%
2016-04-06,52.73,52.73,52.73,52.73,0.05K,-0.83%
2016-04-05,53.17,53.17,53.17,53.17,0.12K,-1.39%
2016-04-04,53.92,53.92,53.92,53.92,,1.41%
2016-04-01,53.17,52.65,52.65,52.65,0.18K,-4.23%
2016-03-31,55.52,55.52,55.52,55.52,,-0.22%
2016-03-30,55.64,55.64,55.64,55.64,,-0.20%
2016-03-29,55.75,55.75,55.75,55.75,,-0.07%
2016-03-28,55.79,55.79,55.79,55.79,,-0.05%
2016-03-24,55.82,55.82,55.82,55.82,,0.07%
2016-03-23,55.78,55.78,55.78,55.78,,0.02%
2016-03-22,55.77,55.77,55.77,55.77,,0.05%
2016-03-21,55.74,55.74,55.74,55.74,0.07K,0.36%
2016-03-18,55.54,55.54,55.54,55.54,,0.58%
2016-03-17,55.22,55.22,55.22,55.22,,0.55%
2016-03-16,54.92,54.92,54.92,54.92,0.01K,0.97%
2016-03-15,54.39,54.39,54.39,54.39,0.02K,-1.29%
2016-03-14,55.1,55.1,55.1,55.1,0.03K,-0.40%
2016-03-11,55.32,55.07,55.07,54.99,0.02K,-0.93%
2016-03-10,55.84,55.84,55.84,55.84,0.01K,0.34%
2016-03-09,55.65,55.65,55.65,55.65,0.09K,-1.15%
2016-03-08,56.3,56.3,56.3,56.3,0.01K,-4.27%
2016-03-07,58.81,58.81,58.81,58.81,0.07K,12.86%
2016-03-04,52.11,49.64,49.64,49.64,0.41K,3.41%
2016-03-03,50.39,50.39,50.39,50.39,0.41K,-0.89%
2016-03-02,50.84,50.84,50.84,50.84,0.05K,3.19%
2016-03-01,49.27,49.27,49.27,49.27,0.18K,6.35%
2016-02-29,46.33,46.33,46.33,46.33,,0.26%
2016-02-26,46.21,46.21,46.21,46.21,,0.33%
2016-02-25,46.06,46.06,46.06,46.06,,0.22%
2016-02-24,45.96,45.96,45.96,45.96,,0.39%
2016-02-23,45.78,45.78,45.78,45.78,,0.42%
2016-02-22,45.59,45.59,45.59,45.59,,0.89%
2016-02-19,45.19,45.01,45.01,45.01,0.05K,0.67%
2016-02-18,44.89,44.89,44.89,44.89,,0.79%
2016-02-17,44.54,44.54,44.54,44.54,,0.25%
2016-02-16,44.43,44.43,44.43,44.43,0.05K,2.33%
2016-02-12,43.42,43.42,43.42,43.42,,0.21%
2016-02-11,43.33,43.33,43.33,43.33,0.03K,0.02%
2016-02-10,43.32,43.32,43.32,43.32,,-1.01%
2016-02-09,43.76,43.76,43.76,43.76,,-0.64%
2016-02-08,44.04,44.04,44.04,44.04,,0.00%
2016-02-05,44.04,44.04,44.04,44.04,,0.00%
2016-02-04,44.04,44.04,44.04,44.04,0.01K,0.82%
2016-02-03,43.68,43.68,43.68,43.68,,1.16%
2016-02-02,43.18,43.18,43.18,43.18,,1.36%
2016-02-01,42.6,42.6,42.6,42.6,0.03K,3.47%
2016-01-29,41.17,41.14,41.14,41.14,0.01K,0.05%
2016-01-28,41.15,41.15,41.15,41.15,,0.05%
2016-01-27,41.13,41.13,41.13,41.13,,0.05%
2016-01-26,41.11,41.11,41.11,41.11,0.01K,0.00%
2016-01-25,41.11,41.11,41.11,41.11,,0.00%
2016-01-22,41.11,41.11,41.11,41.11,,0.05%
2016-01-21,41.09,41.09,41.09,41.09,,-0.24%
2016-01-20,41.19,41.19,41.19,41.19,0.02K,-0.31%
2016-01-19,41.32,41.32,41.32,41.32,0.12K,1.30%
2016-01-15,40.79,40.79,40.79,40.79,,0.49%
2016-01-14,40.59,40.59,40.59,40.59,0.07K,0.42%
2016-01-13,40.42,40.42,40.42,40.42,0.24K,0.22%
2016-01-12,40.33,40.33,40.33,40.33,0.04K,-0.35%
2016-01-11,40.47,40.47,40.47,40.47,0.07K,-1.44%
2016-01-08,41.06,41.06,41.06,41.06,0.09K,-0.19%
2016-01-07,41.14,41.14,41.14,41.14,0.01K,0.05%
2016-01-06,41.12,41.12,41.12,41.12,0.21K,-1.37%
2016-01-05,41.69,41.69,41.69,41.69,0.40K,-0.62%
2016-01-04,41.95,41.95,41.95,41.95,0.12K,5.99%
2015-12-31,39.58,39.58,39.58,39.58,,0.43%
2015-12-30,39.41,39.41,39.41,39.41,,0.36%
2015-12-29,39.27,39.27,39.27,39.27,,0.00%
2015-12-28,39.27,39.27,39.27,39.27,,0.49%
2015-12-24,39.08,39.08,39.08,39.08,,0.15%
2015-12-23,39.02,39.02,39.02,39.02,,0.10%
2015-12-22,38.98,38.98,38.98,38.98,0.03K,0.00%
2015-12-21,38.98,38.98,38.98,38.98,,0.03%
2015-12-18,38.97,38.97,38.97,38.97,,0.46%
2015-12-17,38.79,38.79,38.79,38.79,,0.34%
2015-12-16,38.66,38.66,38.66,38.66,0.01K,0.31%
2015-12-15,38.54,38.54,38.54,38.54,,-0.39%
2015-12-14,38.69,38.69,38.69,38.69,,0.10%
2015-12-11,38.65,38.65,38.65,38.65,0.02K,0.10%
2015-12-10,38.61,38.61,38.61,38.61,0.09K,-1.23%
2015-12-09,39.09,39.09,39.09,39.09,0.02K,-0.41%
2015-12-08,39.25,39.25,39.25,39.25,,-0.38%
2015-12-07,39.4,39.4,39.4,39.4,0.15K,0.64%
2015-12-04,39.15,39.0,39.0,39.0,0.10K,0.36%
2015-12-03,39.01,39.01,39.01,39.01,0.24K,-0.89%
2015-12-02,39.36,39.36,39.36,39.36,0.31K,-0.98%
2015-12-01,39.75,39.75,39.75,39.75,0.11K,-13.77%
2015-11-30,46.1,46.1,46.1,46.1,0.01K,-0.37%
2015-11-27,46.27,46.27,46.27,46.27,,-0.56%
2015-11-25,46.53,46.53,46.53,46.53,,-0.28%
2015-11-24,46.66,46.66,46.66,46.66,,-0.32%
2015-11-23,46.81,46.81,46.81,46.81,0.01K,-0.21%
2015-11-20,46.91,46.35,46.35,46.35,0.01K,0.00%
2015-11-19,46.91,46.91,46.91,46.91,,-0.36%
2015-11-18,47.08,47.08,47.08,47.08,,-0.30%
2015-11-17,47.22,47.22,47.22,47.22,,-0.80%
2015-11-16,47.6,47.6,47.6,47.6,,-0.13%
2015-11-13,47.66,47.66,47.66,47.66,0.09K,-0.17%
2015-11-12,47.74,47.74,47.74,47.74,0.08K,-0.17%
2015-11-11,47.82,47.82,47.82,47.82,0.18K,0.25%
2015-11-10,47.7,47.7,47.7,47.7,0.08K,-0.44%
2015-11-09,47.91,47.91,47.91,47.91,0.43K,1.76%
2015-11-06,47.08,47.45,47.45,47.45,0.42K,0.47%
2015-11-05,46.86,46.86,46.86,46.86,0.01K,-1.24%
2015-11-04,47.45,47.45,47.45,47.45,0.61K,1.85%
2015-11-03,46.59,46.59,46.59,46.59,0.06K,-1.52%
2015-11-02,47.31,47.31,47.31,47.31,0.14K,-10.57%
2015-10-29,52.9,52.9,52.9,52.9,,-0.36%
2015-10-28,53.09,53.09,53.09,53.09,,-0.36%
2015-10-27,53.28,53.28,53.28,53.28,,-0.22%
2015-10-26,53.4,53.4,53.4,53.4,,-0.13%
2015-10-23,53.47,53.47,53.47,53.47,,-0.19%
2015-10-22,53.57,53.57,53.57,53.57,0.02K,-0.17%
2015-10-21,53.66,53.66,53.66,53.66,0.02K,-0.43%
2015-10-20,53.89,53.89,53.89,53.89,0.04K,0.22%
2015-10-19,53.77,53.77,53.77,53.77,,0.22%
2015-10-16,53.65,52.98,53.0,52.98,0.09K,-0.41%
2015-10-15,53.87,53.87,53.87,53.87,0.04K,-0.24%
2015-10-14,54.0,54.0,54.0,54.0,0.25K,-0.07%
2015-10-13,54.04,54.04,54.04,54.04,0.06K,-0.72%
2015-10-12,54.43,54.43,54.43,54.43,0.04K,0.48%
2015-10-09,54.17,54.17,54.17,54.17,,0.69%
2015-10-08,53.8,53.8,53.8,53.8,0.14K,0.35%
2015-10-07,53.61,53.61,53.61,53.61,0.02K,-0.15%
2015-10-06,53.69,53.69,53.69,53.69,0.08K,0.19%
2015-10-05,53.59,53.59,53.59,53.59,,1.44%
2015-10-02,52.83,52.83,52.83,52.83,0.01K,0.09%
2015-10-01,52.78,52.78,52.78,52.78,0.16K,-6.34%
2015-09-30,56.35,56.35,56.35,56.35,,-0.19%
2015-09-29,56.46,56.46,56.46,56.46,,-0.14%
2015-09-28,56.54,56.54,56.54,56.54,,-0.05%
2015-09-25,56.57,56.57,56.57,56.57,,-0.04%
2015-09-24,56.59,56.59,56.59,56.59,,0.00%
2015-09-23,56.59,56.59,56.59,56.59,,0.09%
2015-09-22,56.54,56.54,56.54,56.54,,-0.04%
2015-09-21,56.56,56.56,56.56,56.56,,0.25%
2015-09-18,56.42,56.42,56.42,56.42,,0.11%
2015-09-17,56.36,56.36,56.36,56.36,,0.23%
2015-09-16,56.23,56.23,56.23,56.23,,0.43%
2015-09-15,55.99,55.99,55.99,55.99,0.01K,-0.78%
2015-09-14,56.43,56.43,56.43,56.43,0.06K,-0.69%
2015-09-11,56.82,56.82,56.82,56.82,,-0.92%
2015-09-10,57.35,57.35,57.35,57.35,,1.34%
2015-09-09,56.59,56.59,56.59,56.59,0.10K,2.06%
2015-09-08,55.45,55.45,55.45,55.45,0.13K,-0.11%
2015-09-04,55.51,55.51,55.51,55.51,,0.07%
2015-09-03,55.47,55.47,55.47,55.47,,0.98%
2015-09-02,54.93,54.93,54.93,54.93,0.02K,-0.04%
2015-09-01,54.95,54.95,54.95,54.95,0.13K,-0.60%
2015-08-31,55.28,55.28,55.28,55.28,,0.05%
2015-08-28,55.25,55.25,55.25,55.25,,0.05%
2015-08-27,55.22,55.22,55.22,55.22,,-0.11%
2015-08-26,55.28,55.28,55.28,55.28,,-0.16%
2015-08-25,55.37,55.37,55.37,55.37,0.03K,-0.20%
2015-08-24,55.48,55.48,55.48,55.48,,-0.41%
2015-08-21,55.71,55.71,55.71,55.71,,0.11%
2015-08-20,55.65,55.65,55.65,55.65,,0.04%
2015-08-19,55.63,55.63,55.63,55.63,,0.14%
2015-08-18,55.55,55.55,55.55,55.55,0.10K,0.42%
2015-08-17,55.32,55.32,55.32,55.32,0.01K,-0.36%
2015-08-14,55.52,55.52,55.52,55.52,,0.38%
2015-08-13,55.31,55.31,55.31,55.31,0.20K,1.65%
2015-08-12,54.41,54.41,54.41,54.41,0.11K,0.85%
2015-08-11,53.95,53.95,53.95,53.95,0.06K,-0.41%
2015-08-10,54.17,54.17,54.17,54.17,0.03K,-0.07%
2015-08-07,54.21,54.21,54.21,54.21,0.04K,-1.35%
2015-08-06,54.95,54.95,54.95,54.95,0.15K,-0.63%
2015-08-05,55.3,55.3,55.3,55.3,0.10K,2.73%
2015-08-04,53.83,53.83,53.83,53.83,,0.45%
2015-08-03,53.59,53.59,53.59,53.59,0.14K,4.04%
2015-07-30,51.51,51.51,51.51,51.51,,0.29%
2015-07-29,51.36,51.36,51.36,51.36,,0.27%
2015-07-28,51.22,51.22,51.22,51.22,,0.18%
2015-07-27,51.13,51.13,51.13,51.13,,0.10%
2015-07-24,51.08,51.08,51.08,51.08,,-0.18%
2015-07-23,51.17,51.17,51.17,51.17,,0.16%
2015-07-22,51.09,51.09,51.09,51.09,,-0.37%
2015-07-21,51.28,51.28,51.28,51.28,,0.06%
2015-07-20,51.25,51.25,51.25,51.25,0.04K,1.03%
2015-07-17,50.73,50.73,50.35,50.5,,0.24%
2015-07-16,50.61,50.61,50.61,50.61,,-0.14%
2015-07-15,50.68,50.68,50.68,50.68,,-0.02%
2015-07-14,50.69,50.69,50.69,50.69,,0.30%
2015-07-13,50.54,50.54,50.54,50.54,,0.08%
2015-07-10,50.5,50.5,50.5,50.5,,1.26%
2015-07-09,49.87,49.87,49.87,49.87,,4.44%
2015-07-08,47.75,47.75,47.75,47.75,0.08K,-4.44%
2015-07-07,49.97,49.97,49.97,49.97,0.16K,-2.42%
2015-07-06,51.21,51.21,51.21,51.21,0.17K,-5.20%
2015-07-02,54.02,54.02,54.02,54.02,0.32K,-2.00%
2015-07-01,55.12,55.12,55.12,55.12,,-11.57%
2015-06-30,62.33,62.33,62.33,62.33,,-0.22%
2015-06-29,62.47,62.47,62.47,62.47,,-0.10%
2015-06-26,62.53,62.53,62.53,62.53,,-0.16%
2015-06-25,62.63,62.63,62.63,62.63,,-0.14%
2015-06-24,62.72,62.72,62.72,62.72,,-0.06%
2015-06-23,62.76,62.76,62.76,62.76,,0.30%
2015-06-22,62.57,62.57,62.57,62.57,,-0.06%
2015-06-19,62.61,62.61,62.61,62.61,,-0.06%
2015-06-18,62.65,62.65,62.65,62.65,,0.48%
2015-06-17,62.35,62.35,62.35,62.35,,-0.94%
2015-06-16,62.94,62.94,62.94,62.94,0.01K,-0.62%
2015-06-15,63.33,63.33,63.33,63.33,0.02K,-0.55%
2015-06-12,63.68,63.68,63.68,63.68,,-0.84%
2015-06-11,64.22,64.22,64.22,64.22,0.05K,1.21%
2015-06-10,63.45,63.45,63.45,63.45,0.08K,1.73%
2015-06-09,62.37,62.37,62.37,62.37,0.08K,1.02%
2015-06-08,61.74,61.74,61.74,61.74,,-0.40%
2015-06-05,61.99,61.99,61.99,61.99,0.08K,-0.18%
2015-06-04,62.1,62.1,62.1,62.1,0.03K,0.11%
2015-06-03,62.03,62.03,62.03,62.03,0.12K,-0.34%
2015-06-02,62.24,62.24,62.24,62.24,0.04K,4.61%
2015-06-01,59.5,59.5,59.5,59.5,,-1.47%
2015-05-29,60.39,60.39,60.39,60.39,,0.25%
2015-05-28,60.24,60.24,60.24,60.24,,0.43%
2015-05-27,59.98,59.98,59.98,59.98,,0.54%
2015-05-26,59.66,59.66,59.66,59.66,,0.07%
2015-05-22,59.62,59.62,59.62,59.62,,0.08%
2015-05-21,59.57,59.57,59.57,59.57,0.04K,-1.05%
2015-05-20,60.2,60.2,60.2,60.2,0.02K,0.43%
2015-05-19,59.94,59.94,59.94,59.94,0.02K,0.82%
2015-05-18,59.45,59.45,59.45,59.45,,-0.45%
2015-05-15,59.72,59.72,59.72,59.72,,2.19%
2015-05-14,58.44,58.44,58.44,58.44,0.08K,-1.30%
2015-05-13,59.21,59.21,59.21,59.21,0.02K,-0.79%
2015-05-12,59.68,59.68,59.68,59.68,0.05K,-0.47%
2015-05-11,59.96,59.96,59.96,59.96,,1.59%
2015-05-08,59.02,59.02,59.02,59.02,0.01K,1.15%
2015-05-07,58.35,58.35,58.35,58.35,0.06K,-1.62%
2015-05-06,59.31,59.31,59.31,59.31,0.06K,3.17%
2015-05-05,57.49,57.49,57.49,57.49,0.03K,1.72%
2015-05-04,56.52,56.52,56.52,56.52,,4.90%
2015-05-01,53.88,53.88,53.88,53.88,0.04K,4.91%
2015-04-30,51.36,51.36,51.36,51.36,,0.45%
2015-04-29,51.13,51.13,51.13,51.13,,-0.95%
2015-04-28,51.62,51.62,51.62,51.62,,2.26%
2015-04-27,50.48,50.48,50.48,50.48,,1.00%
2015-04-24,49.98,49.98,49.98,49.98,,0.99%
2015-04-23,49.49,49.49,49.49,49.49,,0.39%
2015-04-22,49.3,49.3,49.3,49.3,,0.82%
2015-04-21,48.9,48.9,48.9,48.9,,-0.20%
2015-04-20,49.0,49.0,49.0,49.0,,-1.19%
2015-04-17,49.59,49.59,49.59,49.59,0.02K,1.68%
2015-04-16,48.77,48.77,48.77,48.77,0.01K,0.35%
2015-04-15,48.6,48.6,48.6,48.6,0.01K,-0.51%
2015-04-14,48.85,48.85,48.85,48.85,0.02K,0.70%
2015-04-13,48.51,48.51,48.51,48.51,0.10K,2.80%
2015-04-10,47.19,47.19,47.19,47.19,0.04K,0.02%
2015-04-09,47.18,47.18,47.18,47.18,0.02K,-1.89%
2015-04-08,48.09,48.09,48.09,48.09,0.01K,0.59%
2015-04-07,47.81,47.81,47.81,47.81,0.01K,1.57%
2015-04-06,47.07,47.07,47.07,47.07,,-0.02%
2015-04-03,47.08,47.08,47.08,47.08,,0.00%
2015-04-02,47.08,47.08,47.08,47.08,0.08K,-3.13%
2015-04-01,48.6,48.6,48.6,48.6,0.18K,-14.65%
2015-03-31,56.94,56.94,56.94,56.94,,-0.49%
2015-03-30,57.22,57.22,57.22,57.22,,-0.33%
2015-03-27,57.41,57.41,57.41,57.41,,-0.28%
2015-03-26,57.57,57.57,57.57,57.57,,-0.26%
2015-03-25,57.72,57.72,57.72,57.72,,-0.12%
2015-03-24,57.79,57.79,57.79,57.79,,0.05%
2015-03-23,57.76,57.76,57.76,57.76,,-0.14%
2015-03-20,57.84,57.84,57.84,57.84,,-0.33%
2015-03-19,58.03,58.03,58.03,58.03,,-0.46%
2015-03-18,58.3,58.3,58.3,58.3,,-0.99%
2015-03-17,58.88,58.88,58.88,58.88,,-0.12%
2015-03-16,58.95,58.95,58.95,58.95,,0.14%
2015-03-13,58.87,58.87,58.87,58.87,,-0.56%
2015-03-12,59.2,59.2,59.2,59.2,,0.61%
2015-03-11,58.84,58.84,58.84,58.84,,-0.10%
2015-03-10,58.9,58.9,58.9,58.9,,-0.91%
2015-03-09,59.44,59.44,59.44,59.44,,0.00%
2015-03-06,59.44,59.44,59.44,59.44,,-1.75%
2015-03-05,60.5,60.5,60.5,60.5,,-1.19%
2015-03-04,61.23,61.23,61.23,61.23,,-1.86%
2015-03-03,62.39,62.39,62.39,62.39,,0.34%
2015-03-02,62.18,62.18,62.18,62.18,,-0.69%
2015-02-27,62.61,62.61,62.61,62.61,,0.06%
2015-02-26,62.57,62.57,62.57,62.57,,-0.03%
2015-02-25,62.59,62.59,62.59,62.59,,-0.06%
2015-02-24,62.63,62.63,62.63,62.63,,0.10%
2015-02-23,62.57,62.57,62.57,62.57,,0.22%
2015-02-20,62.43,62.43,62.43,62.43,,-0.26%
2015-02-19,62.59,62.59,62.59,62.59,,-0.05%
2015-02-18,62.62,62.62,62.62,62.62,,0.03%
2015-02-17,62.6,62.6,62.6,62.6,,0.29%
2015-02-13,62.42,62.42,62.42,62.42,,0.24%
2015-02-12,62.27,62.27,62.27,62.27,,0.00%
2015-02-11,62.27,62.27,62.27,62.27,,0.40%
2015-02-10,62.02,62.02,62.02,62.02,,0.42%
2015-02-09,61.76,61.76,61.76,61.76,,-0.76%
2015-02-06,62.23,62.23,62.23,62.23,,0.55%
2015-02-05,61.89,61.89,61.89,61.89,,-1.59%
2015-02-04,62.89,62.89,62.89,62.89,,0.03%
2015-02-03,62.87,62.87,62.87,62.87,,1.45%
2015-02-02,61.97,61.97,61.97,61.97,,-7.78%
2015-01-30,67.2,67.2,67.2,67.2,,-0.43%
2015-01-29,67.49,67.49,67.49,67.49,,-0.38%
2015-01-28,67.75,67.75,67.75,67.75,,-0.35%
2015-01-27,67.99,67.99,67.99,67.99,,-0.28%
2015-01-26,68.18,68.18,68.18,68.18,,-0.41%
2015-01-23,68.46,68.46,68.46,68.46,0.01K,-0.26%
2015-01-22,68.64,68.64,68.64,68.64,,-0.09%
2015-01-21,68.7,68.7,68.7,68.7,,-0.30%
2015-01-20,68.91,68.91,68.91,68.91,,-0.32%
2015-01-16,69.13,69.13,69.13,69.13,,-0.20%
2015-01-15,69.27,69.27,69.27,69.27,,0.39%
2015-01-14,69.0,69.0,69.0,69.0,,-0.36%
2015-01-13,69.25,69.25,69.25,69.25,,-0.47%
2015-01-12,69.58,69.58,69.58,69.58,,-1.53%
2015-01-09,70.66,70.66,70.66,70.66,0.04K,-0.41%
2015-01-08,70.95,70.95,70.95,70.95,,-0.41%
2015-01-07,71.24,71.24,71.24,71.24,,-0.46%
2015-01-06,71.57,71.57,71.57,71.57,,2.27%
2015-01-05,69.98,69.98,69.98,69.98,,-0.11%
2015-01-02,70.06,70.06,70.06,70.06,,1.65%
2014-12-31,68.92,68.92,68.92,68.92,,0.16%
2014-12-30,68.81,68.81,68.81,68.81,,0.15%
2014-12-29,68.71,68.71,68.71,68.71,,0.01%
2014-12-26,68.7,68.7,68.7,68.7,,-0.10%
2014-12-24,68.77,68.77,68.77,68.77,,-0.15%
2014-12-23,68.87,68.87,68.87,68.87,,-0.26%
2014-12-22,69.05,69.05,69.05,69.05,,-0.52%
2014-12-19,69.41,69.41,69.41,69.41,,0.38%
2014-12-18,69.15,69.15,69.15,69.15,,0.14%
2014-12-17,69.05,69.05,69.05,69.05,,0.04%
2014-12-16,69.02,69.02,69.02,69.02,,-0.50%
2014-12-15,69.37,69.37,69.37,69.37,,-0.43%
2014-12-12,69.67,69.67,69.67,69.67,,0.01%
2014-12-11,69.66,69.66,69.66,69.66,,-0.20%
2014-12-10,69.8,69.8,69.8,69.8,,-0.14%
2014-12-09,69.9,69.9,69.9,69.9,,-0.63%
2014-12-08,70.34,70.34,70.34,70.34,,-1.01%
2014-12-05,71.06,71.06,71.06,71.06,,0.32%
2014-12-04,70.83,70.83,70.83,70.83,,1.40%
2014-12-03,69.85,69.85,69.85,69.85,,-0.01%
2014-12-02,69.86,69.86,69.86,69.86,0.04K,0.16%
2014-12-01,69.75,69.75,69.75,69.75,,-4.62%
2014-11-28,73.13,73.13,73.13,73.13,,-0.42%
2014-11-26,73.44,73.44,73.44,73.44,,-0.34%
2014-11-25,73.69,73.69,73.69,73.69,,-0.45%
2014-11-24,74.02,74.02,74.02,74.02,,-0.11%
2014-11-21,74.1,74.1,74.1,74.0,,-0.23%
2014-11-20,74.27,74.27,74.27,74.27,,-0.44%
2014-11-19,74.6,74.6,74.6,74.6,,-0.41%
2014-11-18,74.91,74.91,74.91,74.91,0.20K,-0.85%
2014-11-17,75.55,75.55,75.55,75.55,,-0.16%
2014-11-14,75.67,75.67,75.67,75.67,,-0.34%
2014-11-13,75.93,75.93,75.93,75.93,,-0.03%
2014-11-12,75.95,75.95,75.95,75.95,,0.05%
2014-11-11,75.91,75.91,75.91,75.91,,-0.18%
2014-11-10,76.05,76.05,76.05,76.05,,-0.39%
2014-11-07,76.35,76.35,76.35,76.35,,0.77%
2014-11-06,75.77,75.77,75.77,75.77,,-0.59%
2014-11-05,76.22,76.22,76.22,76.22,,-1.55%
2014-11-04,77.42,77.42,77.42,77.42,,-0.83%
2014-11-03,78.07,78.07,78.07,78.07,,-2.51%
2014-10-31,80.08,80.08,80.08,80.08,,-0.10%
2014-10-30,80.16,80.16,80.16,80.16,,-0.10%
2014-10-29,80.24,80.24,80.24,80.24,,-0.04%
2014-10-28,80.27,80.27,80.27,80.27,,-0.10%
2014-10-27,80.35,80.35,80.35,80.35,,-0.12%
2014-10-24,80.45,80.45,80.45,80.45,,0.05%
2014-10-23,80.41,80.41,80.41,80.41,,-0.14%
2014-10-22,80.52,80.52,80.52,80.52,,0.00%
2014-10-21,80.52,80.52,80.52,80.52,,-0.07%
2014-10-20,80.58,80.58,80.58,80.58,,0.19%
2014-10-17,80.43,80.43,80.43,80.43,,0.01%
2014-10-16,80.42,80.42,80.42,80.42,,-0.47%
2014-10-15,80.8,80.8,80.8,80.8,,-0.99%
2014-10-14,81.61,81.61,81.61,81.61,,-0.07%
2014-10-13,81.67,81.67,81.67,81.67,,1.93%
2014-10-10,80.12,80.12,80.12,80.12,,1.84%
2014-10-09,78.67,78.67,78.67,78.67,,0.43%
2014-10-08,78.33,78.33,78.33,78.33,,-1.40%
2014-10-07,79.44,79.44,79.44,79.44,,0.34%
2014-10-06,79.17,79.17,79.17,79.17,,0.00%
2014-10-03,79.17,79.17,79.17,79.17,,-0.03%
2014-10-02,79.19,79.19,79.19,79.19,0.10K,0.43%
2014-10-01,78.85,78.85,78.85,78.85,0.30K,-4.16%
2014-09-30,82.27,82.27,82.27,82.27,,0.00%
2014-09-29,82.27,82.27,82.27,82.27,,-0.27%
2014-09-26,82.49,82.49,82.49,82.49,,-0.25%
2014-09-25,82.7,82.7,82.7,82.7,,-0.29%
2014-09-24,82.94,82.94,82.94,82.94,,-0.17%
2014-09-23,83.08,83.08,83.08,83.08,,0.00%
2014-09-22,83.08,83.08,83.08,83.08,,-0.51%
2014-09-19,83.51,83.51,83.51,83.51,0.01K,-0.36%
2014-09-18,83.81,83.81,83.81,83.81,,-0.34%
2014-09-17,84.1,84.1,84.1,84.1,,-0.08%
2014-09-16,84.17,84.17,84.17,84.17,,-0.64%
2014-09-15,84.71,84.71,84.71,84.71,,0.77%
2014-09-12,84.06,84.06,83.5,84.06,,0.77%
2014-09-11,83.42,83.42,83.42,83.42,,-0.17%
2014-09-10,83.56,83.56,83.56,83.56,0.04K,-0.17%
2014-09-09,83.7,83.7,83.7,83.7,0.02K,-1.13%
2014-09-08,84.66,84.66,84.66,84.66,,0.98%
2014-09-05,83.84,83.84,83.84,84.0,,-1.03%
2014-09-04,84.71,84.71,84.71,84.71,,-0.66%
2014-09-03,85.27,85.27,85.27,85.27,,-1.65%
2014-09-02,86.7,86.7,86.7,86.7,,-6.61%
2014-08-28,92.84,92.84,92.84,92.84,,-0.28%
2014-08-27,93.1,93.1,93.1,93.1,,-0.24%
2014-08-26,93.32,93.32,93.32,93.32,,-0.12%
2014-08-25,93.43,93.43,93.43,93.43,,-0.29%
2014-08-22,93.7,93.7,93.7,93.7,,-0.17%
2014-08-21,93.86,93.86,93.86,93.86,,-0.09%
2014-08-20,93.94,93.94,93.94,93.94,0.00K,-0.12%
2014-08-19,94.05,94.05,94.05,94.05,,0.02%
2014-08-18,94.03,94.03,94.03,94.03,,-0.56%
2014-08-15,94.56,94.56,94.56,94.56,,0.33%
2014-08-14,94.25,94.25,94.25,94.25,,-0.22%
2014-08-13,94.46,94.46,94.46,94.46,,-0.20%
2014-08-12,94.65,94.65,94.65,94.65,,-0.48%
2014-08-11,95.11,95.11,95.11,95.11,,-0.25%
2014-08-08,95.35,95.35,95.35,95.35,,-0.05%
2014-08-07,95.4,95.4,95.4,95.4,,-0.31%
2014-08-06,95.7,95.7,95.7,95.7,,-0.29%
2014-08-05,95.98,95.98,95.98,95.98,,-0.03%
2014-08-04,96.01,96.01,96.01,96.01,0.01K,1.39%
2014-08-01,94.69,94.69,94.69,95.5,,-1.42%
2014-07-31,96.05,96.05,96.05,96.05,,-0.01%
2014-07-30,96.06,96.06,96.06,96.06,,0.02%
2014-07-29,96.04,96.04,96.04,96.04,,-0.03%
2014-07-28,96.07,96.07,96.07,96.07,,0.05%
2014-07-25,96.02,96.02,96.02,96.02,,0.03%
2014-07-24,95.99,95.99,95.99,95.99,,-0.08%
2014-07-23,96.07,96.07,96.07,96.07,,-0.15%
2014-07-22,96.21,96.21,96.21,96.21,,0.01%
2014-07-21,96.2,96.2,96.2,96.2,,-0.03%
2014-07-18,96.23,96.23,96.23,96.23,,-0.39%
2014-07-17,96.61,96.61,96.61,96.61,,-0.28%
2014-07-16,96.88,96.88,96.88,96.88,,-0.04%
2014-07-15,96.92,96.92,96.92,96.92,,-0.09%
2014-07-14,97.01,97.01,97.01,97.01,,0.57%
2014-07-11,96.46,96.46,96.46,96.46,,0.21%
2014-07-10,96.26,96.26,96.26,96.26,,0.44%
2014-07-09,95.84,95.84,95.84,95.84,,-0.45%
2014-07-08,96.27,96.27,96.27,96.27,0.10K,1.00%
2014-07-07,95.32,95.32,95.32,95.32,,-1.11%
2014-07-03,96.39,96.39,96.39,96.39,,0.03%
2014-07-02,96.36,96.36,96.36,96.36,,1.30%
2014-07-01,95.12,95.12,95.12,95.12,,2.57%
2014-06-30,92.74,92.74,92.74,92.74,,0.04%
2014-06-27,92.7,92.7,92.7,92.7,,0.10%
2014-06-26,92.61,92.61,92.61,92.61,,0.12%
2014-06-25,92.5,92.5,92.5,92.5,,0.10%
2014-06-24,92.41,92.41,92.41,92.41,,0.08%
2014-06-23,92.34,92.34,92.34,92.34,,0.16%
2014-06-20,92.19,92.19,92.19,92.19,,0.20%
2014-06-19,92.01,92.01,92.01,92.01,0.02K,0.23%
2014-06-18,91.8,91.8,91.8,91.8,,0.01%
2014-06-17,91.79,91.79,91.79,91.79,0.00K,0.17%
2014-06-16,91.63,91.63,91.63,91.63,0.01K,-0.68%
2014-06-13,92.26,92.26,92.26,91.25,,-0.13%
2014-06-12,92.38,92.38,92.38,92.38,,-0.94%
2014-06-11,93.26,93.26,93.26,93.26,,-0.09%
2014-06-10,93.34,93.34,93.34,93.34,,-0.71%
2014-06-09,94.01,94.01,94.01,94.01,,-0.90%
2014-06-06,94.86,94.86,94.86,94.86,,0.68%
2014-06-05,94.22,94.22,94.22,94.22,0.02K,-1.35%
2014-06-04,95.51,95.51,95.51,95.51,0.02K,1.78%
2014-06-03,93.84,93.84,93.84,93.84,0.02K,-0.07%
2014-06-02,93.91,93.91,93.91,93.91,,-6.92%
2014-05-29,100.89,100.89,100.89,100.89,,-0.26%
2014-05-28,101.15,101.15,101.15,101.15,,-0.34%
2014-05-27,101.5,101.5,101.5,101.5,,-0.29%
2014-05-23,101.8,101.8,101.8,101.5,,-0.43%
2014-05-22,102.24,102.24,102.24,102.24,,-0.07%
2014-05-21,102.31,102.31,102.31,102.31,,0.33%
2014-05-20,101.97,101.97,101.97,101.97,,-0.37%
2014-05-19,102.35,102.35,102.35,102.35,,-0.44%
2014-05-16,102.8,102.8,102.8,102.5,,-1.07%
2014-05-15,103.91,103.91,103.91,103.91,,-0.52%
2014-05-14,104.45,104.45,104.45,104.45,,0.22%
2014-05-13,104.22,104.22,104.22,104.22,0.01K,-0.52%
2014-05-12,104.77,104.77,104.77,104.77,,0.95%
2014-05-09,103.78,103.48,103.75,103.38,0.01K,-0.21%
2014-05-08,104.0,104.0,104.0,104.0,0.01K,-0.90%
2014-05-07,104.94,104.94,104.94,104.94,,-1.46%
2014-05-06,106.5,106.5,106.5,106.5,,-0.16%
2014-05-05,106.67,106.67,106.67,106.67,,0.10%
2014-05-02,106.56,106.56,106.25,106.56,,0.77%
2014-05-01,105.75,105.75,105.75,105.75,,-7.71%
2014-04-30,114.58,114.58,114.58,114.58,,-0.39%
2014-04-29,115.03,115.03,115.03,115.03,,-0.30%
2014-04-28,115.38,115.38,115.38,115.38,,-0.29%
2014-04-25,115.72,115.72,115.72,115.75,,-0.17%
2014-04-24,115.92,115.92,115.92,115.92,,0.01%
2014-04-23,115.91,115.91,115.91,115.91,,-0.08%
2014-04-22,116.0,116.0,116.0,116.0,,-0.23%
2014-04-21,116.27,116.27,116.27,116.27,,-0.45%
2014-04-17,116.79,116.79,116.79,116.79,,0.02%
2014-04-16,116.77,116.77,116.77,116.77,,0.02%
2014-04-15,116.75,116.75,116.75,116.75,,-0.17%
2014-04-14,116.95,116.95,116.95,116.95,,-0.12%
2014-04-11,117.09,117.09,117.09,117.09,,-0.18%
2014-04-10,117.3,117.3,117.3,117.3,,-0.90%
2014-04-09,118.36,118.36,118.36,118.36,,-0.29%
2014-04-08,118.7,118.7,118.7,118.7,,0.46%
2014-04-07,118.16,118.16,118.16,118.16,,1.80%
2014-04-04,116.07,116.07,116.07,116.07,,0.51%
2014-04-03,115.48,115.48,115.48,115.48,,0.69%
2014-04-02,114.69,114.69,114.69,114.69,0.11K,-1.70%
2014-04-01,116.67,116.67,116.67,116.67,,4.33%
2014-03-31,111.83,111.83,111.83,111.83,,0.22%
2014-03-28,111.58,111.58,111.58,111.58,,0.04%
2014-03-27,111.54,111.54,111.54,111.54,,-0.06%
2014-03-26,111.61,111.61,111.61,111.61,,0.05%
2014-03-25,111.55,111.55,111.55,111.55,,0.11%
2014-03-24,111.43,111.43,111.43,111.43,,0.00%
2014-03-21,111.43,111.43,111.43,111.43,,-0.12%
2014-03-20,111.56,111.56,111.56,111.56,,0.00%
2014-03-19,111.56,111.56,111.56,111.56,,-0.01%
2014-03-18,111.57,111.57,111.57,111.57,,0.40%
2014-03-17,111.13,111.13,111.13,111.13,,-0.27%
2014-03-14,111.43,111.43,111.43,111.0,,-1.09%
2014-03-13,112.66,112.66,112.66,112.66,0.00K,1.61%
2014-03-12,110.87,110.87,110.87,110.87,0.02K,0.24%
2014-03-11,110.6,110.6,110.6,110.6,0.03K,1.28%
2014-03-10,109.2,109.2,109.2,109.2,0.01K,-4.01%
2014-03-07,113.76,113.27,113.27,113.27,0.07K,-1.52%
2014-03-06,115.52,115.52,115.52,115.52,,-0.11%
2014-03-05,115.65,115.65,115.65,115.65,0.02K,0.71%
2014-03-04,114.84,114.84,114.84,114.84,0.07K,-0.14%
2014-03-03,115.0,115.0,115.0,115.0,,-5.25%
2014-02-28,121.37,121.37,121.37,121.37,,-0.14%
2014-02-27,121.54,121.54,121.54,121.54,,-0.05%
2014-02-26,121.6,121.6,121.6,121.6,,-0.09%
2014-02-25,121.71,121.71,121.71,121.71,,-0.09%
2014-02-24,121.82,121.82,121.82,121.82,,-0.37%
2014-02-21,122.27,122.27,122.27,122.27,,0.08%
2014-02-20,122.17,122.17,122.17,122.17,,-0.18%
2014-02-19,122.39,122.39,122.39,122.39,,0.05%
2014-02-18,122.33,122.33,122.33,122.33,,-0.05%
2014-02-14,122.39,122.39,122.5,122.39,,0.29%
2014-02-13,122.04,122.04,122.04,122.04,,0.72%
2014-02-12,121.17,121.17,121.17,121.17,,0.41%
2014-02-11,120.68,120.68,120.68,120.68,,-0.16%
2014-02-10,120.87,120.87,120.87,120.87,,-0.14%
2014-02-07,121.04,121.04,121.04,121.75,0.06K,-0.81%
2014-02-06,122.03,122.03,122.03,122.03,0.02K,0.13%
2014-02-05,121.87,121.87,121.87,121.87,0.00K,-0.34%
2014-02-04,122.29,122.29,122.4,122.29,,-0.18%
2014-02-03,122.51,122.51,122.51,122.51,,-0.10%
2014-01-31,122.63,122.63,122.63,122.63,,-4.29%
2014-01-30,128.12,128.12,128.12,128.12,,-0.26%
2014-01-29,128.46,128.46,128.46,128.46,,-0.07%
2014-01-28,128.55,128.55,128.55,128.55,0.03K,-0.20%
2014-01-27,128.81,128.81,128.81,128.81,,-0.13%
2014-01-24,128.98,128.98,128.98,128.5,,-0.14%
2014-01-23,129.16,129.16,129.16,129.16,,-0.05%
2014-01-22,129.23,129.23,129.23,129.23,,0.04%
2014-01-21,129.18,129.18,129.18,129.18,0.05K,-0.42%
2014-01-17,129.73,129.73,129.73,128.75,,-0.50%
2014-01-16,130.38,130.38,130.38,130.38,,-0.39%
2014-01-15,130.89,130.89,130.89,130.89,,-0.09%
2014-01-14,131.01,131.01,131.01,131.01,,0.29%
2014-01-13,130.63,130.63,130.63,130.63,,-0.15%
2014-01-10,130.82,130.82,130.82,130.82,,-0.07%
2014-01-09,130.91,130.91,130.91,130.91,,-0.77%
2014-01-08,131.93,131.93,131.93,131.93,0.04K,-0.07%
2014-01-07,132.02,132.02,132.02,132.02,0.04K,-0.12%
2014-01-06,132.18,132.18,132.18,132.18,0.04K,-0.40%
2014-01-03,132.71,132.71,132.71,133.0,0.08K,-0.47%
2014-01-02,133.33,133.33,133.33,133.33,,-1.81%
2013-12-31,135.79,135.79,135.79,135.79,,-0.07%
2013-12-30,135.88,135.88,135.88,135.88,,-0.04%
2013-12-27,135.93,135.93,135.93,135.93,,-0.15%
2013-12-26,136.13,136.13,136.13,136.13,,-0.10%
2013-12-24,136.27,136.27,136.27,136.27,,-0.01%
2013-12-23,136.28,136.28,136.28,136.28,,-0.24%
2013-12-20,136.61,136.61,136.61,136.5,,-0.11%
2013-12-19,136.76,136.76,136.76,136.76,,-0.15%
2013-12-18,136.97,136.97,136.97,136.97,0.03K,-0.06%
2013-12-17,137.05,137.05,137.05,137.05,0.02K,-0.31%
2013-12-16,137.48,137.48,137.48,137.48,,0.06%
2013-12-13,137.4,137.4,137.4,137.0,,-0.09%
2013-12-12,137.52,137.52,137.52,137.52,,-0.38%
2013-12-11,138.04,138.04,138.04,138.04,,-0.27%
2013-12-10,138.41,138.41,138.41,138.41,,-0.21%
2013-12-09,138.7,138.7,138.7,138.7,,0.43%
2013-12-06,138.1,138.1,138.1,138.1,,0.04%
2013-12-05,138.05,138.05,138.05,138.05,,-0.34%
2013-12-04,138.52,138.52,138.52,138.52,0.02K,0.82%
2013-12-03,137.39,137.39,137.39,137.39,,0.90%
2013-12-02,136.16,136.16,136.16,136.16,,-0.12%
2013-11-27,136.32,136.32,136.32,136.32,,-0.03%
2013-11-26,136.36,136.36,136.36,136.36,,-0.01%
2013-11-25,136.37,136.37,136.37,136.37,,0.03%
2013-11-22,136.33,136.33,136.33,136.33,,0.07%
2013-11-21,136.23,136.23,136.23,136.23,0.01K,0.10%
2013-11-20,136.1,136.1,136.1,136.1,,0.11%
2013-11-19,135.95,135.95,135.95,135.95,,0.10%
2013-11-18,135.82,135.82,135.82,135.82,,0.08%
2013-11-15,135.71,135.71,135.71,135.71,,-0.01%
2013-11-14,135.72,135.72,135.72,135.72,,0.05%
2013-11-13,135.65,135.65,135.65,135.65,,-0.12%
2013-11-12,135.81,135.81,135.81,135.81,,0.51%
2013-11-11,135.12,135.12,135.12,135.12,,-0.10%
2013-11-08,135.25,135.25,135.25,135.25,,0.01%
2013-11-07,135.23,135.23,135.23,135.23,0.21K,-0.12%
2013-11-06,135.39,135.39,135.39,135.39,0.01K,0.29%
2013-11-05,135.0,135.0,135.0,135.0,,0.58%
2013-11-04,134.22,134.22,134.22,134.22,0.02K,0.30%
2013-11-01,133.82,133.82,133.0,133.82,0.01K,0.94%
2013-10-31,132.57,132.57,132.57,132.57,,-0.02%
2013-10-30,132.59,132.59,132.59,132.59,,-0.02%
2013-10-29,132.61,132.61,132.61,132.61,0.03K,-0.09%
2013-10-28,132.73,132.73,132.73,132.73,,-0.02%
2013-10-25,132.76,132.76,132.76,132.76,,0.06%
2013-10-24,132.68,132.68,132.68,132.68,,0.06%
2013-10-23,132.6,132.6,132.6,132.6,0.01K,-0.05%
2013-10-22,132.67,132.67,132.67,132.67,,-0.02%
2013-10-21,132.69,132.69,132.69,132.69,,0.03%
2013-10-18,132.65,132.65,132.65,132.65,,0.05%
2013-10-17,132.59,132.59,132.59,132.59,0.05K,0.19%
2013-10-16,132.34,132.34,132.34,132.34,0.09K,-0.16%
2013-10-15,132.55,132.55,132.55,132.55,0.03K,0.20%
2013-10-14,132.29,132.29,132.29,132.29,0.02K,0.27%
2013-10-11,131.94,131.94,131.94,131.94,0.02K,0.41%
2013-10-10,131.4,131.4,131.4,131.4,0.04K,0.49%
2013-10-09,130.76,130.76,130.76,130.76,,0.44%
2013-10-08,130.19,130.19,130.19,130.19,0.02K,0.22%
2013-10-07,129.91,129.91,129.91,129.91,,0.14%
2013-10-04,129.73,129.73,129.73,129.73,,0.15%
2013-10-03,129.53,129.53,129.53,129.53,,0.16%
2013-10-02,129.32,129.32,129.32,129.32,,1.48%
2013-10-01,127.43,127.43,127.43,127.43,0.01K,-5.04%
2013-09-30,134.19,134.19,134.19,134.19,,-0.10%
2013-09-27,134.33,134.33,134.33,134.33,,-0.09%
2013-09-26,134.45,134.45,134.45,134.45,,0.00%
2013-09-25,134.45,134.45,134.45,134.45,,-0.02%
2013-09-24,134.48,134.48,134.48,134.48,,-0.05%
2013-09-23,134.55,134.55,134.55,134.55,,-0.07%
2013-09-20,134.64,134.64,134.64,134.64,,-0.02%
2013-09-19,134.67,134.67,134.67,134.67,,-0.04%
2013-09-18,134.73,134.73,134.73,134.73,,0.04%
2013-09-17,134.67,134.67,134.67,134.67,,-0.09%
2013-09-16,134.79,134.79,134.79,134.79,,-0.21%
2013-09-13,135.08,135.08,135.08,134.75,,-0.15%
2013-09-12,135.28,135.28,135.28,135.28,,0.02%
2013-09-11,135.25,135.25,135.25,135.25,,0.27%
2013-09-10,134.89,134.89,134.89,134.89,,-0.35%
2013-09-09,135.36,135.36,135.36,135.36,,0.99%
2013-09-06,134.03,134.03,134.03,133.0,,-0.04%
2013-09-05,134.08,134.08,134.08,134.08,,-0.89%
2013-09-04,135.28,135.28,135.28,135.28,0.01K,0.84%
2013-09-03,134.15,134.15,134.15,134.15,0.01K,-2.12%
2013-08-30,137.05,137.05,137.05,137.05,,0.04%
2013-08-29,137.0,137.0,137.0,137.0,,0.04%
2013-08-28,136.94,136.94,136.94,136.94,,0.04%
2013-08-27,136.89,136.89,136.89,136.89,,-0.02%
2013-08-26,136.92,136.92,136.92,136.92,,0.04%
2013-08-23,136.87,137.5,137.5,137.5,0.02K,0.32%
2013-08-22,136.43,136.43,136.43,136.43,,0.08%
2013-08-21,136.32,136.32,136.32,136.32,,0.04%
2013-08-20,136.26,136.26,136.26,136.26,,0.18%
2013-08-19,136.01,136.01,136.01,136.01,,0.12%
2013-08-16,135.85,135.85,135.0,135.85,,0.68%
2013-08-15,134.93,134.93,134.93,134.93,,-0.63%
2013-08-14,135.79,135.79,135.79,135.79,,-0.37%
2013-08-13,136.29,136.29,136.29,136.29,,0.28%
2013-08-12,135.91,135.91,135.91,135.91,0.04K,1.30%
2013-08-09,134.16,134.16,134.16,134.16,,0.42%
2013-08-08,133.6,133.6,133.6,133.6,0.01K,0.52%
2013-08-07,132.91,132.91,132.91,132.91,,0.77%
2013-08-06,131.9,131.9,131.9,131.9,0.01K,1.80%
2013-08-05,129.57,129.57,129.57,129.57,,0.61%
2013-08-02,128.78,128.78,128.0,128.78,0.01K,1.31%
2013-08-01,127.12,127.12,127.12,127.12,,-0.24%
2013-07-31,127.43,127.43,127.43,127.43,,-0.03%
2013-07-30,127.47,127.47,127.47,127.47,,-0.06%
2013-07-29,127.55,127.55,127.55,127.55,,-0.09%
2013-07-26,127.67,127.67,127.67,127.67,,0.07%
2013-07-25,127.58,127.58,127.58,127.58,,0.00%
2013-07-24,127.58,127.58,127.58,127.58,,0.05%
2013-07-23,127.52,127.52,127.52,127.52,,0.09%
2013-07-22,127.4,127.4,127.4,127.4,,-0.05%
2013-07-19,127.47,127.47,127.47,127.47,0.02K,2.35%
2013-07-18,124.54,124.54,124.54,124.54,,0.49%
2013-07-17,123.93,123.93,123.93,123.93,0.04K,0.48%
2013-07-16,123.34,123.34,123.34,123.34,,0.46%
2013-07-15,122.77,122.77,122.77,122.77,,0.38%
2013-07-12,122.31,122.31,125.25,122.31,0.30K,0.46%
2013-07-11,121.75,121.75,121.75,121.75,,0.40%
2013-07-10,121.26,121.26,121.26,121.26,,0.36%
2013-07-09,120.82,120.82,120.82,120.82,0.02K,0.48%
2013-07-08,120.24,120.24,120.24,120.24,0.06K,-0.56%
2013-07-05,120.92,124.5,124.5,121.0,0.05K,0.62%
2013-07-03,120.17,120.17,120.17,120.17,0.01K,0.70%
2013-07-02,119.33,119.33,119.33,119.33,0.01K,2.21%
2013-07-01,116.75,116.75,116.75,116.75,0.02K,1.74%
2013-06-27,114.75,114.75,114.75,114.75,,0.07%
2013-06-26,114.67,114.67,114.67,114.67,,-0.14%
2013-06-25,114.83,114.83,114.83,114.83,,-0.15%
2013-06-24,115.0,115.0,115.0,115.0,,-0.15%
2013-06-21,115.17,115.17,115.75,115.17,,0.00%
2013-06-20,115.17,115.17,115.17,115.17,,-1.21%
2013-06-19,116.58,116.58,116.58,116.58,0.02K,0.43%
2013-06-18,116.08,116.08,116.08,116.08,0.01K,0.35%
2013-06-17,115.67,115.67,115.67,115.67,0.01K,0.87%
2013-06-14,114.67,114.5,114.5,114.5,0.01K,2.08%
2013-06-13,112.33,112.33,112.33,112.33,,-0.19%
2013-06-12,112.54,112.54,112.54,112.54,0.05K,-0.04%
2013-06-11,112.58,112.58,112.58,112.58,0.02K,0.29%
2013-06-10,112.25,112.25,112.25,112.25,0.00K,0.38%
2013-06-07,111.83,111.75,112.0,111.5,0.08K,0.52%
2013-06-06,111.25,111.25,111.25,111.25,0.01K,-2.84%
2013-06-05,114.5,114.5,114.5,114.5,0.03K,-3.24%
2013-06-04,118.33,118.33,118.33,118.33,0.01K,0.92%
2013-06-03,117.25,117.25,117.25,117.25,0.02K,-5.94%
2013-05-30,124.66,124.66,124.66,124.66,,-0.52%
2013-05-29,125.31,125.31,125.31,125.31,,-0.94%
2013-05-28,126.5,126.5,126.5,126.5,,-0.18%
2013-05-24,126.73,126.73,126.73,126.0,,0.02%
2013-05-23,126.71,126.71,126.71,126.71,0.01K,-0.29%
2013-05-22,127.08,127.08,127.08,127.08,,-0.20%
2013-05-21,127.34,127.34,127.34,127.34,,0.03%
2013-05-20,127.3,127.3,127.3,127.3,,-0.13%
2013-05-17,127.47,127.47,127.47,126.0,,-0.26%
2013-05-16,127.8,127.8,127.8,127.8,0.01K,-0.10%
2013-05-15,127.93,127.93,127.93,127.93,,-0.52%
2013-05-14,128.6,128.6,128.6,128.6,,-0.60%
2013-05-13,129.38,129.38,129.38,129.38,,-0.61%
2013-05-09,130.18,130.18,130.18,130.18,,-0.60%
2013-05-08,130.97,130.97,130.97,130.97,,0.29%
2013-05-07,130.59,130.59,130.59,130.59,0.01K,2.42%
2013-05-06,127.5,127.5,127.5,127.5,,0.03%
2013-05-03,127.46,127.46,127.46,127.46,0.00K,1.04%
2013-05-02,126.15,126.15,126.15,126.15,0.04K,-2.21%
2013-05-01,129.0,129.0,129.0,129.0,,-6.14%
2013-04-30,137.44,137.44,137.44,137.44,,-0.26%
2013-04-29,137.8,137.8,137.8,137.8,,-0.07%
2013-04-26,137.89,137.89,137.89,137.89,,0.00%
2013-04-25,137.89,137.89,137.89,137.89,,-0.09%
2013-04-24,138.01,138.01,138.01,138.01,,-0.10%
2013-04-23,138.15,138.15,138.15,138.15,,0.00%
2013-04-22,138.15,138.15,138.15,138.15,,-0.09%
2013-04-19,138.28,138.28,138.28,138.28,,0.02%
2013-04-18,138.25,138.25,138.25,138.25,,0.13%
2013-04-17,138.07,138.07,138.07,138.07,,-0.21%
2013-04-16,138.36,138.36,138.36,138.36,,-0.09%
2013-04-15,138.48,138.48,138.48,138.48,,-0.35%
2013-04-12,138.96,138.96,138.96,138.96,,-0.03%
2013-04-11,139.0,139.0,139.0,139.0,0.02K,0.23%
2013-04-10,138.68,138.68,138.68,138.68,,0.33%
2013-04-09,138.23,138.23,138.23,138.23,,0.52%
2013-04-08,137.52,137.52,137.52,137.52,,0.72%
2013-04-05,136.54,136.54,136.54,136.54,,-0.48%
2013-04-04,137.2,137.2,137.2,137.2,,0.29%
2013-04-03,136.8,136.8,136.8,136.8,,0.15%
2013-04-02,136.59,136.59,136.59,136.59,,-0.08%
2013-04-01,136.7,136.7,136.7,136.7,,-2.27%
2013-03-28,139.87,139.87,139.87,139.87,,-0.12%
2013-03-27,140.04,140.04,140.04,140.04,,-0.33%
2013-03-26,140.5,140.5,140.5,140.5,,-0.14%
2013-03-25,140.7,140.7,140.7,140.7,,-0.14%
2013-03-22,140.9,140.9,140.9,140.9,,0.07%
2013-03-21,140.8,140.8,140.8,140.8,,0.06%
2013-03-20,140.71,140.71,140.71,140.71,,-0.15%
2013-03-19,140.92,140.92,140.92,140.92,,-0.18%
2013-03-18,141.17,141.17,141.17,141.17,,-0.78%
2013-03-15,142.28,142.28,142.28,142.28,,1.02%
2013-03-14,140.84,140.84,140.84,140.84,,-0.90%
2013-03-13,142.12,142.12,142.12,142.12,,-0.34%
2013-03-12,142.61,142.61,142.61,142.61,,-0.90%
2013-03-11,143.91,143.91,143.91,143.91,,-0.93%
2013-03-08,145.26,145.26,145.26,145.26,,-0.21%
2013-03-07,145.56,145.56,145.56,145.56,,-0.30%
2013-03-06,146.0,146.0,146.0,146.0,,1.57%
2013-03-05,143.74,143.74,143.74,143.74,,0.55%
2013-03-04,142.96,142.96,142.96,142.96,,-2.65%
2013-03-01,146.85,146.85,146.85,146.85,,-5.04%
2013-02-28,154.64,154.64,154.64,154.64,,-0.12%
2013-02-27,154.82,154.82,154.82,154.82,,-0.12%
2013-02-26,155.01,155.01,155.01,155.01,,-0.13%
2013-02-25,155.21,155.21,155.21,155.21,,-0.06%
2013-02-22,155.3,155.3,155.3,155.3,,-0.14%
2013-02-21,155.52,155.52,155.52,155.52,,0.08%
2013-02-20,155.39,155.39,155.39,155.39,,-0.03%
2013-02-19,155.43,155.43,155.43,155.43,,0.10%
2013-02-15,155.28,155.28,155.28,155.28,,-0.70%
2013-02-14,156.37,156.37,156.37,156.37,,-0.16%
2013-02-13,156.62,156.62,156.62,156.62,,-0.13%
2013-02-12,156.83,156.83,156.83,156.83,,0.07%
2013-02-11,156.72,156.72,156.72,156.72,,-0.37%
2013-02-08,157.3,157.3,157.3,157.3,,0.41%
2013-02-07,156.65,156.65,156.65,156.65,,0.44%
2013-02-06,155.97,155.97,155.97,155.97,,0.74%
2013-02-05,154.83,154.83,154.83,154.83,,-0.85%
2013-02-04,156.15,156.15,156.15,156.15,,1.63%
2013-02-01,153.64,153.64,153.64,153.64,,1.84%
2013-01-31,150.86,150.86,150.86,150.86,,0.07%
2013-01-30,150.75,150.75,150.75,150.75,,0.03%
2013-01-29,150.7,150.7,150.7,150.7,,-0.07%
2013-01-28,150.8,150.8,150.8,150.8,,-0.05%
2013-01-25,150.88,150.88,150.88,150.88,,-0.10%
2013-01-24,151.03,151.03,151.03,151.03,,-0.13%
2013-01-23,151.23,151.23,151.23,151.23,,-0.08%
2013-01-22,151.35,151.35,151.35,151.35,,-0.15%
2013-01-18,151.57,151.57,151.57,151.57,,0.17%
2013-01-17,151.31,151.31,151.31,151.31,,-0.04%
2013-01-16,151.37,151.37,151.37,151.37,0.01K,-0.54%
2013-01-15,152.19,152.19,152.19,152.19,,-0.39%
2013-01-14,152.78,152.78,152.78,152.78,,1.07%
2013-01-11,151.16,151.16,151.16,151.16,,-0.33%
2013-01-10,151.66,151.66,151.66,151.66,,-0.22%
2013-01-09,151.99,151.99,151.99,151.99,,-0.26%
2013-01-08,152.39,152.39,152.39,152.39,,1.49%
2013-01-07,150.16,150.16,150.16,150.16,,0.84%
2013-01-04,148.91,148.91,148.91,148.91,,-1.54%
2013-01-03,151.24,151.24,151.24,151.24,0.06K,3.07%
2013-01-02,146.74,146.74,146.74,146.74,,14.15%
2012-12-31,128.55,128.55,128.55,128.55,,0.25%
2012-12-28,128.23,128.23,128.23,128.23,,-0.46%
2012-12-27,128.82,128.82,128.82,128.82,,-0.72%
2012-12-26,129.75,129.75,129.75,129.75,,0.00%
2012-12-24,129.75,129.75,129.75,129.75,,1.66%
2012-12-21,127.63,127.63,127.63,127.63,,0.04%
2012-12-20,127.58,127.58,127.58,127.58,,0.39%
2012-12-19,127.08,127.08,127.08,127.08,,0.46%
2012-12-18,126.5,126.5,126.5,126.5,,0.40%
2012-12-17,126.0,126.0,126.0,126.0,,1.34%
2012-12-14,124.33,124.33,124.33,124.33,,1.30%
2012-12-13,122.73,122.73,122.73,122.73,,0.34%
2012-12-12,122.31,122.31,122.31,122.31,,0.75%
2012-12-11,121.4,121.4,121.4,121.4,,0.00%
2012-12-10,121.4,121.4,121.4,121.4,,0.09%
2012-12-07,121.29,121.29,121.29,121.29,,2.36%
2012-12-06,118.49,118.49,118.49,118.49,,0.69%
2012-12-05,117.68,117.68,117.68,117.68,,2.70%
2012-12-04,114.59,114.59,114.59,114.59,0.02K,0.70%
2012-12-03,113.79,113.79,113.79,113.79,0.06K,-5.45%
2012-11-30,120.35,120.35,120.35,120.35,,0.32%
2012-11-29,119.97,119.97,119.97,119.97,,0.03%
2012-11-28,119.94,119.94,119.94,119.94,,-0.13%
2012-11-27,120.1,120.1,120.1,120.1,,-0.13%
2012-11-26,120.26,120.26,120.26,120.26,,0.00%
2012-11-23,120.26,120.26,120.26,120.26,,-0.02%
2012-11-21,120.28,120.28,120.28,120.28,,0.10%
2012-11-20,120.16,120.16,120.16,120.16,,-0.10%
2012-11-19,120.28,120.28,120.28,120.28,,-0.21%
2012-11-16,120.53,120.53,120.53,120.53,,-0.07%
2012-11-15,120.61,120.61,120.61,120.61,,0.37%
2012-11-14,120.17,120.17,120.17,120.17,,-0.01%
2012-11-13,120.18,120.18,120.18,120.18,,-0.38%
2012-11-12,120.64,120.64,120.64,120.64,,0.54%
2012-11-09,119.99,119.99,119.99,119.99,,1.08%
2012-11-08,118.71,118.71,118.71,118.71,,0.31%
2012-11-07,118.34,118.34,118.34,118.34,,0.47%
2012-11-06,117.79,117.79,117.79,117.79,,0.61%
2012-11-05,117.08,117.08,117.08,117.08,,-0.32%
2012-11-02,117.45,117.45,117.45,117.45,,0.00%
2012-11-01,117.45,117.45,117.45,117.45,0.02K,3.07%
2012-10-31,113.95,113.95,113.95,113.95,,0.22%
2012-10-30,113.7,113.7,113.7,113.7,,0.00%
2012-10-29,113.7,113.7,113.7,113.7,,0.48%
2012-10-26,113.16,113.16,113.16,113.16,,0.30%
2012-10-25,112.82,112.82,112.82,112.82,,0.27%
2012-10-24,112.52,112.52,112.52,112.52,,0.28%
2012-10-23,112.21,112.21,112.21,112.21,,0.04%
2012-10-22,112.17,112.17,112.17,112.17,,0.39%
2012-10-19,111.73,111.73,111.73,111.73,,-0.07%
2012-10-18,111.81,111.81,111.81,111.81,,0.42%
2012-10-17,111.34,111.34,111.34,111.34,,0.81%
2012-10-16,110.44,110.44,110.44,110.44,,0.45%
2012-10-15,109.94,109.94,109.94,109.94,,-0.11%
2012-10-12,110.06,110.06,110.06,110.06,,-0.24%
2012-10-11,110.33,110.33,110.33,110.33,,-0.24%
2012-10-10,110.6,110.6,110.6,110.6,,-0.66%
2012-10-09,111.33,111.33,111.33,111.33,0.01K,0.60%
2012-10-08,110.67,110.67,110.67,110.67,0.02K,0.99%
2012-10-05,109.59,109.59,109.59,109.59,,-0.21%
2012-10-04,109.82,109.82,109.82,109.82,0.00K,1.13%
2012-10-03,108.59,108.59,108.59,108.59,,1.87%
2012-10-02,106.6,106.6,106.6,106.6,,0.47%
2012-10-01,106.1,106.1,106.1,106.1,,6.96%
2012-09-27,99.2,99.2,99.2,99.2,,0.30%
2012-09-26,98.9,98.9,98.9,98.9,,0.20%
2012-09-25,98.7,98.7,98.7,98.7,,0.20%
2012-09-24,98.5,98.5,98.5,98.5,,0.31%
2012-09-21,98.2,98.2,98.2,98.2,,-0.61%
2012-09-20,98.8,98.8,98.8,98.8,,0.41%
2012-09-19,98.4,98.4,98.4,98.4,,0.72%
2012-09-18,97.7,97.7,97.7,97.7,,0.83%
2012-09-17,96.9,96.9,96.9,96.9,,1.15%
2012-09-14,95.8,95.8,95.8,95.8,,2.02%
2012-09-13,93.9,93.9,93.9,93.9,,-0.11%
2012-09-12,94.0,94.0,94.0,94.0,,-2.59%
2012-09-11,96.5,96.5,96.5,96.5,,1.47%
2012-09-10,95.1,95.1,95.1,95.1,,2.48%
2012-09-07,92.8,92.8,92.8,92.8,,6.06%
2012-09-06,87.5,87.5,87.5,87.5,,2.70%
2012-09-05,85.2,85.2,85.2,85.2,,-1.39%
2012-09-04,86.4,86.4,86.4,86.4,,-19.85%
2012-08-31,107.8,107.8,107.8,107.8,,-0.74%
2012-08-30,108.6,108.6,108.6,108.6,,-0.82%
2012-08-29,109.5,109.5,109.5,109.5,,-0.82%
2012-08-28,110.4,110.4,110.4,110.4,,-0.54%
2012-08-27,111.0,111.0,111.0,111.0,,0.09%
2012-08-24,110.9,110.9,110.9,110.9,,-0.18%
2012-08-23,111.1,111.1,111.1,111.1,,-0.71%
2012-08-22,111.9,111.9,111.9,111.9,,-0.53%
2012-08-21,112.5,112.5,112.5,112.5,,-0.35%
2012-08-20,112.9,112.9,112.9,112.9,,-0.27%
2012-08-17,113.2,113.2,113.2,113.2,,-0.61%
2012-08-16,113.9,113.9,113.9,113.9,,-0.18%
2012-08-15,114.1,114.1,114.1,114.1,,0.09%
2012-08-14,114.0,114.0,114.0,114.0,,-0.52%
2012-08-13,114.6,114.6,114.6,114.6,,-0.17%
2012-08-10,114.8,114.8,114.8,114.8,,-0.78%
2012-08-09,115.7,115.7,115.7,115.7,,-0.09%
2012-08-08,115.8,115.8,115.8,115.8,,-1.11%
2012-08-07,117.1,117.1,117.1,117.1,,0.95%
2012-08-06,116.0,116.0,116.0,116.0,,1.31%
2012-08-03,114.5,114.5,114.5,114.5,,0.09%
2012-08-02,114.4,114.4,114.4,114.4,0.00K,-1.63%
2012-08-01,116.3,116.3,116.3,116.3,,-9.07%
2012-07-31,127.9,127.9,127.9,127.9,,-0.47%
2012-07-30,128.5,128.5,128.5,128.5,,-0.46%
2012-07-27,129.1,129.1,129.1,129.1,,-0.39%
2012-07-26,129.6,129.6,129.6,129.6,,-0.77%
2012-07-25,130.6,130.6,130.6,130.6,,-0.08%
2012-07-24,130.7,130.7,130.7,130.7,,-0.23%
2012-07-23,131.0,131.0,131.0,131.0,,-0.38%
2012-07-20,131.5,131.5,131.5,131.5,,-0.38%
2012-07-19,132.0,132.0,132.0,132.0,,-0.30%
2012-07-18,132.4,132.4,132.4,132.4,,-0.30%
2012-07-17,132.8,132.8,132.8,132.8,,-0.23%
2012-07-16,133.1,133.1,133.1,133.1,,-0.15%
2012-07-13,133.3,133.3,133.3,133.3,,-0.22%
2012-07-12,133.6,133.6,133.6,133.6,,0.07%
2012-07-11,133.5,133.5,133.5,133.5,,0.07%
2012-07-10,133.4,133.4,133.4,133.4,,-0.67%
2012-07-09,134.3,134.3,134.3,134.3,,0.15%
2012-07-06,134.1,134.1,134.1,134.1,,-0.45%
2012-07-05,134.7,134.7,134.7,134.7,,0.52%
2012-07-03,134.0,134.0,134.0,134.0,,1.67%
2012-07-02,131.8,131.8,131.8,131.8,,-2.08%
2012-06-29,134.6,134.6,134.6,134.6,,0.00%
2012-06-28,134.6,134.6,134.6,134.6,,0.00%
2012-06-27,134.6,134.6,134.6,134.6,,0.00%
2012-06-26,134.6,134.6,134.6,134.6,,0.00%
2012-06-25,134.6,134.6,134.6,134.6,,0.07%
2012-06-22,134.5,134.5,134.5,134.5,,0.00%
2012-06-21,134.5,134.5,134.5,134.5,,0.00%
2012-06-20,134.5,134.5,134.5,134.5,,0.07%
2012-06-19,134.4,134.4,134.4,134.4,,0.07%
2012-06-18,134.3,134.3,134.3,134.3,,0.45%
2012-06-15,133.7,133.7,133.7,133.7,,0.07%
2012-06-14,133.6,133.6,133.6,133.6,,0.23%
2012-06-13,133.3,133.3,133.3,133.3,,0.83%
2012-06-12,132.2,132.2,132.2,132.2,,0.23%
2012-06-11,131.9,131.9,131.9,131.9,,0.53%
2012-06-08,131.2,131.2,131.2,131.2,,-0.46%
2012-06-07,131.8,131.8,131.8,131.8,,1.54%
2012-06-06,129.8,129.8,129.8,129.8,,-1.67%
2012-06-05,132.0,132.0,132.0,132.0,,0.00%
2012-06-04,132.0,132.0,132.0,132.0,,0.00%
2012-06-01,132.0,132.0,132.0,132.0,,-3.15%
2012-05-31,136.3,136.3,136.3,136.3,,-0.07%
2012-05-30,136.4,136.4,136.4,136.4,,0.00%
2012-05-29,136.4,136.4,136.4,136.4,,-0.44%
2012-05-25,137.0,137.0,137.0,137.0,,-0.15%
2012-05-24,137.2,137.2,137.2,137.2,,-0.15%
2012-05-23,137.4,137.4,137.4,137.4,,-0.29%
2012-05-22,137.8,137.8,137.8,137.8,,-0.14%
2012-05-21,138.0,138.0,138.0,138.0,,0.07%
2012-05-18,137.9,137.9,137.9,137.9,,-0.36%
2012-05-17,138.4,138.4,138.4,138.4,,-0.14%
2012-05-16,138.6,138.6,138.6,138.6,,-0.22%
2012-05-15,138.9,138.9,138.9,138.9,,-0.14%
2012-05-14,139.1,139.1,139.1,139.1,,-0.78%
2012-05-11,140.2,140.2,140.2,140.2,,-0.43%
2012-05-10,140.8,140.8,140.8,140.8,,-0.42%
2012-05-09,141.4,141.4,141.4,141.4,,0.00%
2012-05-08,141.4,141.4,141.4,141.4,,-0.91%
2012-05-07,142.7,142.7,142.7,142.7,,0.00%
2012-05-04,142.7,142.7,142.7,142.7,,0.14%
2012-05-03,142.5,142.5,142.5,142.5,,0.00%
2012-05-02,142.5,142.5,142.5,142.5,,-0.49%
2012-05-01,143.2,143.2,143.2,143.2,,-2.98%
2012-04-30,147.6,147.6,147.6,147.6,,-0.14%
2012-04-27,147.8,147.8,147.8,147.8,,-0.07%
2012-04-26,147.9,147.9,147.9,147.9,,-0.14%
2012-04-25,148.1,148.1,148.1,148.1,,-0.07%
2012-04-24,148.2,148.2,148.2,148.2,,0.00%
2012-04-23,148.2,148.2,148.2,148.2,,-0.07%
2012-04-20,148.3,148.3,148.3,148.3,,0.20%
2012-04-19,148.0,148.0,148.0,148.0,,-0.13%
2012-04-18,148.2,148.2,148.2,148.2,,-0.13%
2012-04-17,148.4,148.4,148.4,148.4,,0.20%
2012-04-16,148.1,148.1,148.1,148.1,,-0.34%
2012-04-13,148.6,148.6,148.6,148.6,,-0.20%
2012-04-12,148.9,148.9,148.9,148.9,,-0.13%
2012-04-11,149.1,149.1,149.1,149.1,,-0.20%
2012-04-10,149.4,149.4,149.4,149.4,,1.56%
2012-04-09,147.1,147.1,147.1,147.1,,0.00%
2012-04-05,147.1,147.1,147.1,147.1,,-0.14%
2012-04-04,147.3,147.3,147.3,147.3,,0.14%
2012-04-03,147.1,147.1,147.1,147.1,,0.82%
2012-04-02,145.9,145.9,145.9,145.9,,0.90%
2012-03-29,144.6,144.6,144.6,144.6,,0.07%
2012-03-28,144.5,144.5,144.5,144.5,,0.14%
2012-03-27,144.3,144.3,144.3,144.3,,0.14%
2012-03-26,144.1,144.1,144.1,144.1,,0.14%
2012-03-23,143.9,143.9,143.9,143.9,,0.07%
2012-03-22,143.8,143.8,143.8,143.8,,0.07%
2012-03-21,143.7,143.7,143.7,143.7,,0.00%
2012-03-20,143.7,143.7,143.7,143.7,,0.00%
2012-03-19,143.7,143.7,143.7,143.7,,0.07%
2012-03-16,143.6,143.6,143.6,143.6,,0.00%
2012-03-15,143.6,143.6,143.6,143.6,,0.35%
2012-03-14,143.1,143.1,143.1,143.1,,-0.28%
2012-03-13,143.5,143.5,143.5,143.5,,0.70%
2012-03-12,142.5,142.5,142.5,142.5,,1.79%
2012-03-09,140.0,140.0,140.0,140.0,,0.14%
2012-03-08,139.8,139.8,139.8,139.8,,0.72%
2012-03-07,138.8,138.8,138.8,138.8,,0.43%
2012-03-06,138.2,138.2,138.2,138.2,,0.22%
2012-03-05,137.9,137.9,137.9,137.9,,-1.15%
2012-03-02,139.5,139.5,139.5,139.5,,0.14%
2012-03-01,139.3,139.3,139.3,139.3,,-0.78%
2012-02-29,140.4,140.4,140.4,140.4,,0.21%
2012-02-28,140.1,140.1,140.1,140.1,,0.07%
2012-02-27,140.0,140.0,140.0,140.0,,0.07%
2012-02-24,139.9,139.9,139.9,139.9,,-0.07%
2012-02-23,140.0,140.0,140.0,140.0,,0.14%
2012-02-22,139.8,139.8,139.8,139.8,,-0.07%
2012-02-21,139.9,139.9,139.9,139.9,,0.00%
2012-02-17,139.9,139.9,139.9,139.9,,-0.14%
2012-02-16,140.1,140.1,140.1,140.1,,-0.43%
2012-02-15,140.7,140.7,140.7,140.7,,-0.21%
2012-02-14,141.0,141.0,141.0,141.0,,-0.84%
2012-02-13,142.2,142.2,142.2,142.2,,-0.42%
2012-02-10,142.8,142.8,142.8,142.8,,0.00%
2012-02-09,142.8,142.8,142.8,142.8,,0.00%
2012-02-08,142.8,142.8,142.8,142.8,,-0.56%
2012-02-07,143.6,143.6,143.6,143.6,,-0.69%
2012-02-06,144.6,144.6,144.6,144.6,,0.84%
2012-02-03,143.4,143.4,143.4,143.4,,-0.83%
2012-02-02,144.6,144.6,144.6,144.6,,-0.07%
2012-02-01,144.7,144.7,144.7,144.7,,3.06%
2012-01-31,140.4,140.4,140.4,140.4,,0.29%
2012-01-30,140.0,140.0,140.0,140.0,,0.14%
2012-01-27,139.8,139.8,139.8,139.8,,0.14%
2012-01-26,139.6,139.6,139.6,139.6,,0.14%
2012-01-25,139.4,139.4,139.4,139.4,,0.14%
2012-01-24,139.2,139.2,139.2,139.2,,0.14%
2012-01-23,139.0,139.0,139.0,139.0,,0.14%
2012-01-20,138.8,138.8,138.8,138.8,,0.14%
2012-01-19,138.6,138.6,138.6,138.6,,0.14%
2012-01-18,138.4,138.4,138.4,138.4,,0.14%
2012-01-17,138.2,138.2,138.2,138.2,,0.29%
2012-01-13,137.8,137.8,137.8,137.8,,0.29%
2012-01-12,137.4,137.4,137.4,137.4,,0.37%
2012-01-11,136.9,136.9,136.9,136.9,,0.07%
2012-01-10,136.8,136.8,136.8,136.8,,0.22%
2012-01-09,136.5,136.5,136.5,136.5,,0.15%
2012-01-06,136.3,136.3,136.3,136.3,,0.15%
2012-01-05,136.1,136.1,136.1,136.1,,0.15%
2012-01-04,135.9,135.9,135.9,135.9,,0.15%
2012-01-03,135.7,135.7,135.7,135.7,,-0.44%
2011-12-29,136.3,136.3,136.3,136.3,,0.07%
2011-12-28,136.2,136.2,136.2,136.2,,0.07%
2011-12-27,136.1,136.1,136.1,136.1,,0.00%
2011-12-23,136.1,136.1,136.1,136.1,,0.00%
2011-12-22,136.1,136.1,136.1,136.1,,0.00%
2011-12-21,136.1,136.1,136.1,136.1,,0.00%
2011-12-20,136.1,136.1,136.1,136.1,,-0.15%
2011-12-19,136.3,136.3,136.3,136.3,,-0.15%
2011-12-16,136.5,136.5,136.5,136.5,,-0.07%
2011-12-15,136.6,136.6,136.6,136.6,,-0.07%
2011-12-14,136.7,136.7,136.7,136.7,,0.00%
2011-12-13,136.7,136.7,136.7,136.7,,0.07%
2011-12-12,136.6,136.6,136.6,136.6,,0.07%
2011-12-09,136.5,136.5,136.5,136.5,,0.07%
2011-12-08,136.4,136.4,136.4,136.4,,0.15%
2011-12-07,136.2,136.2,136.2,136.2,,0.15%
2011-12-06,136.0,136.0,136.0,136.0,,0.15%
2011-12-05,135.8,135.8,135.8,135.8,,0.15%
2011-12-02,135.6,135.6,135.6,135.6,,0.07%
2011-12-01,135.5,135.5,135.5,135.5,,0.00%
2011-11-30,135.5,135.5,135.5,135.5,,-0.22%
2011-11-29,135.8,135.8,135.8,135.8,,-0.15%
2011-11-28,136.0,136.0,136.0,136.0,,-0.22%
2011-11-25,136.3,136.3,136.3,136.3,,0.37%
2011-11-23,135.8,135.8,135.8,135.8,,0.07%
2011-11-22,135.7,135.7,135.7,135.7,,0.30%
2011-11-21,135.3,135.3,135.3,135.3,,0.07%
2011-11-18,135.2,135.2,135.2,135.2,,0.30%
2011-11-17,134.8,134.8,134.8,134.8,,0.52%
2011-11-16,134.1,134.1,134.1,134.1,,0.52%
2011-11-15,133.4,133.4,133.4,133.4,,1.44%
2011-11-14,131.5,131.5,131.5,131.5,,0.15%
2011-11-11,131.3,131.3,131.3,131.3,,0.00%
2011-11-10,131.3,131.3,131.3,131.3,,-1.43%
2011-11-09,133.2,133.2,133.2,133.2,,2.07%
2011-11-08,130.5,130.5,130.5,130.5,,1.01%
2011-11-07,129.2,129.2,129.2,129.2,,-0.15%
2011-11-04,129.4,129.4,129.4,129.4,,1.33%
2011-11-03,127.7,127.7,127.7,127.7,,-0.16%
2011-11-02,127.9,127.9,127.9,127.9,,1.83%
2011-11-01,125.6,125.6,125.6,125.6,,-16.49%
2011-10-31,150.4,150.4,150.4,150.4,,-1.05%
2011-10-28,152.0,152.0,152.0,152.0,,-0.78%
2011-10-27,153.2,153.2,153.2,153.2,,-1.03%
2011-10-26,154.8,154.8,154.8,154.8,,-0.83%
2011-10-25,156.1,156.1,156.1,156.1,,-0.89%
2011-10-24,157.5,157.5,157.5,157.5,,-0.32%
2011-10-21,158.0,158.0,158.0,158.0,,-0.38%
2011-10-20,158.6,158.6,158.6,158.6,,-0.38%
2011-10-19,159.2,159.2,159.2,159.2,,-0.31%
2011-10-18,159.7,159.7,159.7,159.7,,-0.93%
2011-10-17,161.2,161.2,161.2,161.2,,-0.86%
2011-10-14,162.6,162.6,162.6,162.6,,0.12%
2011-10-13,162.4,162.4,162.4,162.4,,-0.49%
2011-10-12,163.2,163.2,163.2,163.2,,-0.67%
2011-10-11,164.3,164.3,164.3,164.3,,-0.96%
2011-10-10,165.9,165.9,165.9,165.9,,-0.72%
2011-10-07,167.1,167.1,167.1,167.1,,0.97%
2011-10-06,165.5,165.5,165.5,165.5,,0.61%
2011-10-05,164.5,164.5,164.5,164.5,,0.73%
2011-10-04,163.3,163.3,163.3,163.3,,2.96%
2011-10-03,158.6,158.6,158.6,158.6,,-10.65%
2011-09-29,177.5,177.5,177.5,177.5,,-0.17%
2011-09-28,177.8,177.8,177.8,177.8,,-0.06%
2011-09-27,177.9,177.9,177.9,177.9,,-0.11%
2011-09-26,178.1,178.1,178.1,178.1,,-0.11%
2011-09-23,178.3,178.3,178.3,178.3,,-0.11%
2011-09-22,178.5,178.5,178.5,178.5,,0.00%
2011-09-21,178.5,178.5,178.5,178.5,,-0.11%
2011-09-20,178.7,178.7,178.7,178.7,,0.11%
2011-09-19,178.5,178.5,178.5,178.5,,-0.17%
2011-09-16,178.8,178.8,178.8,178.8,,-0.06%
2011-09-15,178.9,178.9,178.9,178.9,,0.06%
2011-09-14,178.8,178.8,178.8,178.8,,-0.11%
2011-09-13,179.0,179.0,179.0,179.0,,0.45%
2011-09-12,178.2,178.2,178.2,178.2,,0.06%
2011-09-09,178.1,178.1,178.1,178.1,,-0.78%
2011-09-08,179.5,179.5,179.5,179.5,,0.06%
2011-09-07,179.4,179.4,179.4,179.4,,0.45%
2011-09-06,178.6,178.6,178.6,178.6,,-0.28%
2011-09-02,179.1,179.1,179.1,179.1,,0.34%
2011-09-01,178.5,178.5,178.5,178.5,,0.62%
2011-08-31,177.4,177.4,177.4,177.4,,0.06%
2011-08-30,177.3,177.3,177.3,177.3,,0.00%
2011-08-29,177.3,177.3,177.3,177.3,,0.00%
2011-08-26,177.3,177.3,177.3,177.3,,0.06%
2011-08-25,177.2,177.2,177.2,177.2,,0.00%
2011-08-24,177.2,177.2,177.2,177.2,,0.06%
2011-08-23,177.1,177.1,177.1,177.1,,0.06%
2011-08-22,177.0,177.0,177.0,177.0,,0.00%
2011-08-19,177.0,177.0,177.0,177.0,,0.00%
2011-08-18,177.0,177.0,177.0,177.0,,0.06%
2011-08-17,176.9,176.9,176.9,176.9,,0.11%
2011-08-16,176.7,176.7,176.7,176.7,,0.28%
2011-08-15,176.2,176.2,176.2,176.2,,0.23%
2011-08-12,175.8,175.8,175.8,175.8,,0.11%
2011-08-11,175.6,175.6,175.6,175.6,,-0.28%
2011-08-10,176.1,176.1,176.1,176.1,,0.74%
2011-08-09,174.8,174.8,174.8,174.8,,-0.23%
2011-08-08,175.2,175.2,175.2,175.2,,-0.06%
2011-08-05,175.3,175.3,175.3,175.3,,-1.41%
2011-08-04,177.8,177.8,177.8,177.8,,-0.06%
2011-08-03,177.9,177.9,177.9,177.9,,2.65%
2011-08-02,173.3,173.3,173.3,173.3,,0.12%
2011-08-01,173.1,173.1,173.1,173.1,,0.00%
2011-07-28,173.1,173.1,173.1,173.1,,0.06%
2011-07-27,173.0,173.0,173.0,173.0,,0.12%
2011-07-26,172.8,172.8,172.8,172.8,,0.06%
2011-07-25,172.7,172.7,172.7,172.7,,0.06%
2011-07-22,172.6,172.6,172.6,172.6,,0.06%
2011-07-21,172.5,172.5,172.5,172.5,,0.06%
2011-07-20,172.4,172.4,172.4,172.4,,0.06%
2011-07-19,172.3,172.3,172.3,172.3,,0.17%
2011-07-18,172.0,172.0,172.0,172.0,,0.23%
2011-07-15,171.6,171.6,171.6,171.6,,-0.35%
2011-07-14,172.2,172.2,172.2,172.2,,-0.12%
2011-07-13,172.4,172.4,172.4,172.4,,0.52%
2011-07-12,171.5,171.5,171.5,171.5,,1.12%
2011-07-11,169.6,169.6,169.6,169.6,,0.47%
2011-07-08,168.8,168.8,168.8,168.8,,-0.53%
2011-07-07,169.7,169.7,169.7,169.7,,-0.29%
2011-07-06,170.2,170.2,170.2,170.2,,0.00%
2011-07-05,170.2,170.2,170.2,170.2,,3.84%
2011-07-01,163.9,163.9,163.9,163.9,,-0.06%
2011-06-30,164.0,164.0,164.0,164.0,,-0.55%
2011-06-29,164.9,164.9,164.9,164.9,,0.37%
2011-06-28,164.3,164.3,164.3,164.3,,0.12%
2011-06-27,164.1,164.1,164.1,164.1,,-0.55%
2011-06-24,165.0,165.0,165.0,165.0,,-0.60%
2011-06-23,166.0,166.0,166.0,166.0,,0.61%
2011-06-22,165.0,165.0,165.0,165.0,,0.49%
2011-06-21,164.2,164.2,164.2,164.2,,-0.06%
2011-06-20,164.3,164.3,164.3,164.3,,-1.38%
2011-06-17,166.6,166.6,166.6,166.6,,-1.42%
2011-06-16,169.0,169.0,169.0,169.0,,-1.17%
2011-06-15,171.0,171.0,171.0,171.0,,0.41%
2011-06-14,170.3,170.3,170.3,170.3,,0.06%
2011-06-13,170.2,170.2,170.2,170.2,,-1.22%
2011-06-10,172.3,172.3,172.3,172.3,,-0.29%
2011-06-09,172.8,172.8,172.8,172.8,,0.23%
2011-06-08,172.4,172.4,172.4,172.4,,-0.23%
2011-06-07,172.8,172.8,172.8,172.8,,0.88%
2011-06-06,171.3,171.3,171.3,171.3,,1.78%
2011-06-03,168.3,168.3,168.3,168.3,,0.84%
2011-06-02,166.9,166.9,166.9,166.9,,-0.77%
2011-06-01,168.2,168.2,168.2,168.2,,-0.24%
2011-05-31,168.6,168.6,168.6,168.6,,1.75%
2011-05-27,165.7,165.7,165.7,165.7,,0.42%
2011-05-26,165.0,165.0,165.0,165.0,,-0.90%
2011-05-25,166.5,166.5,166.5,166.5,,0.67%
2011-05-24,165.4,165.4,165.4,165.4,,1.16%
2011-05-23,163.5,163.5,163.5,163.5,,-0.37%
2011-05-20,164.1,164.1,164.1,164.1,,-0.30%
2011-05-19,164.6,164.6,164.6,164.6,,-1.73%
2011-05-18,167.5,167.5,167.5,167.5,,-0.18%
2011-05-17,167.8,167.8,167.8,167.8,,-0.42%
2011-05-16,168.5,168.5,168.5,168.5,,-0.65%
2011-05-13,169.6,169.6,169.6,169.6,,0.47%
2011-05-12,168.8,168.8,168.8,168.8,,-0.76%
2011-05-11,170.1,170.1,170.1,170.1,,-1.39%
2011-05-10,172.5,172.5,172.5,172.5,,2.68%
2011-05-09,168.0,168.0,168.0,168.0,,-0.77%
2011-05-06,169.3,169.3,169.3,169.3,,-1.86%
2011-05-05,172.5,172.5,172.5,172.5,,-1.43%
2011-05-04,175.0,175.0,175.0,175.0,,-0.46%
2011-05-03,175.8,175.8,175.8,175.8,,2.81%
2011-05-02,171.0,171.0,171.0,171.0,,-4.52%
2011-04-28,179.1,179.1,179.1,179.1,,0.00%
2011-04-27,179.1,179.1,179.1,179.1,,-0.22%
2011-04-26,179.5,179.5,179.5,179.5,,0.00%
2011-04-25,179.5,179.5,179.5,179.5,,0.06%
2011-04-21,179.4,179.4,179.4,179.4,,0.00%
2011-04-20,179.4,179.4,179.4,179.4,,0.00%
2011-04-19,179.4,179.4,179.4,179.4,,0.11%
2011-04-18,179.2,179.2,179.2,179.2,,0.06%
2011-04-15,179.1,179.1,179.1,179.1,,0.06%
2011-04-14,179.0,179.0,179.0,179.0,,0.11%
2011-04-13,178.8,178.8,178.8,178.8,,-0.06%
2011-04-12,178.9,178.9,178.9,178.9,,-1.21%
2011-04-11,181.1,181.1,181.1,181.1,,0.06%
2011-04-08,181.0,181.0,181.0,181.0,,0.95%
2011-04-07,179.3,179.3,179.3,179.3,,2.46%
2011-04-06,175.0,175.0,175.0,175.0,,1.04%
2011-04-05,173.2,173.2,173.2,173.2,,-0.35%
2011-04-04,173.8,173.8,173.8,173.8,,1.11%
2011-04-01,171.9,171.9,171.9,171.9,,-1.21%
2011-03-31,174.0,174.0,174.0,174.0,,2.65%
2011-03-30,169.5,169.5,169.5,169.5,,0.12%
2011-03-29,169.3,169.3,169.3,169.3,,0.00%
2011-03-28,169.3,169.3,169.3,169.3,,-0.06%
2011-03-25,169.4,169.4,169.4,169.4,,0.00%
2011-03-24,169.4,169.4,169.4,169.4,,-0.35%
2011-03-23,170.0,170.0,170.0,170.0,,0.00%
2011-03-22,170.0,170.0,170.0,170.0,,0.41%
2011-03-21,169.3,169.3,169.3,169.3,,0.24%
2011-03-18,168.9,168.9,168.9,168.9,,-0.06%
2011-03-17,169.0,169.0,169.0,169.0,,0.78%
2011-03-16,167.7,167.7,167.7,167.7,,2.51%
2011-03-15,163.6,163.6,163.6,163.6,,0.31%
2011-03-14,163.1,163.1,163.1,163.1,,-0.55%
2011-03-11,164.0,164.0,164.0,164.0,,-2.26%
2011-03-10,167.8,167.8,167.8,167.8,,-0.59%
2011-03-09,168.8,168.8,168.8,168.8,,-1.57%
2011-03-08,171.5,171.5,171.5,171.5,,-0.06%
2011-03-07,171.6,171.6,171.6,171.6,,-1.66%
2011-03-04,174.5,174.5,174.5,174.5,,0.87%
2011-03-03,173.0,173.0,173.0,173.0,,0.58%
2011-03-02,172.0,172.0,172.0,172.0,,-0.81%
2011-03-01,173.4,173.4,173.4,173.4,,-7.37%
2011-02-28,187.2,187.2,187.2,187.2,,-0.16%
2011-02-25,187.5,187.5,187.5,187.5,,0.00%
2011-02-24,187.5,187.5,187.5,187.5,,-0.05%
2011-02-23,187.6,187.6,187.6,187.6,,-0.05%
2011-02-22,187.7,187.7,187.7,187.7,,0.11%
2011-02-18,187.5,187.5,187.5,187.5,,0.00%
2011-02-17,187.5,187.5,187.5,187.5,,-0.16%
2011-02-16,187.8,187.8,187.8,187.8,,-0.58%
2011-02-15,188.9,188.9,188.9,188.9,,0.21%
2011-02-14,188.5,188.5,188.5,188.5,,0.27%
2011-02-11,188.0,188.0,188.0,188.0,,0.00%
2011-02-10,188.0,188.0,188.0,188.0,,1.35%
2011-02-09,185.5,185.5,185.5,185.5,,0.00%
2011-02-08,185.5,185.5,185.5,185.5,,0.38%
2011-02-07,184.8,184.8,184.8,184.8,,0.71%
2011-02-04,183.5,183.5,183.5,183.5,,0.00%
2011-02-03,183.5,183.5,183.5,183.5,,-0.27%
2011-02-02,184.0,184.0,184.0,184.0,,0.55%
2011-02-01,183.0,183.0,183.0,183.0,,1.89%
2011-01-31,179.6,179.6,179.6,179.6,,0.06%
2011-01-28,179.5,179.5,179.5,179.5,,0.00%
2011-01-27,179.5,179.5,179.5,179.5,,0.28%
2011-01-26,179.0,179.0,179.0,179.0,,0.00%
2011-01-25,179.0,179.0,179.0,179.0,,0.00%
2011-01-24,179.0,179.0,179.0,179.0,,0.56%
2011-01-21,178.0,178.0,178.0,178.0,,0.00%
2011-01-20,178.0,178.0,178.0,178.0,,-0.56%
2011-01-19,179.0,179.0,179.0,179.0,,-0.28%
2011-01-14,179.5,179.5,179.5,179.5,,1.99%
2011-01-13,176.0,176.0,176.0,176.0,,0.00%
2011-01-12,176.0,176.0,176.0,176.0,,0.57%
2011-01-11,175.0,175.0,175.0,175.0,,0.86%
2011-01-10,173.5,173.5,173.5,173.5,,0.00%
2011-01-07,173.5,173.5,173.5,173.5,,0.00%
2011-01-06,173.5,173.5,173.5,173.5,,-0.57%
2011-01-05,174.5,174.5,174.5,174.5,,1.39%
2011-01-04,172.1,172.1,172.1,172.1,,1.24%
2011-01-03,170.0,170.0,170.0,170.0,,1.01%
