Date,Price,Open,High,Low,Vol.,Change %
2026-08-28,"3,186.00","3,186.00","3,186.00","3,186.00",,2.54%
2026-08-27,"3,107.00","3,107.00","3,107.00","3,107.00",,1.67%
2026-08-26,"3,056.00","3,056.00","3,056.00","3,056.00",,4.44%
2026-08-25,"2,926.00","2,926.00","2,926.00","2,926.00",,1.53%
2026-08-24,"2,882.00","2,882.00","2,882.00","2,882.00",,1.44%
2026-08-21,"2,841.00","2,841.00","2,841.00","2,841.00",,1.79%
2026-08-20,"2,791.00","2,791.00","2,791.00","2,791.00",,0.54%
2026-08-19,"2,776.00","2,776.00","2,776.00","2,776.00",,-1.39%
2026-08-18,"2,815.00","2,815.00","2,815.00","2,815.00",,-2.19%
2026-08-17,"2,878.00","2,878.00","2,878.00","2,878.00",,0.52%
2026-08-14,"2,863.00","2,863.00","2,863.00","2,863.00",,0.67%
2026-08-13,"2,844.00","2,844.00","2,844.00","2,844.00",,-3.23%
2026-08-12,"2,939.00","2,939.00","2,939.00","2,939.00",,-3.51%
2026-08-11,"3,046.00","3,046.00","3,046.00","3,046.00",,-1.20%
2026-08-10,"3,083.00","3,083.00","3,083.00","3,083.00",,-0.19%
2026-08-07,"3,089.00","3,089.00","3,089.00","3,089.00",,1.05%
2026-08-06,"3,057.00","3,057.00","3,057.00","3,057.00",,-0.20%
2026-08-05,"3,063.00","3,063.00","3,063.00","3,063.00",,4.33%
2026-08-04,"2,936.00","2,936.00","2,936.00","2,936.00",,3.27%
2026-08-03,"2,843.00","2,843.00","2,843.00","2,843.00",,4.06%
2026-07-31,"2,732.00","2,732.00","2,732.00","2,732.00",,2.21%
2026-07-30,"2,673.00","2,673.00","2,673.00","2,673.00",,1.56%
2026-07-29,"2,632.00","2,632.00","2,632.00","2,632.00",,-1.20%
2026-07-28,"2,664.00","2,664.00","2,664.00","2,664.00",,-1.19%
2026-07-27,"2,696.00","2,696.00","2,696.00","2,696.00",,-1.71%
2026-07-24,"2,743.00","2,743.00","2,743.00","2,743.00",,0.66%
2026-07-23,"2,725.00","2,725.00","2,725.00","2,725.00",,0.37%
2026-07-22,"2,715.00","2,715.00","2,715.00","2,715.00",,1.69%
2026-07-21,"2,670.00","2,670.00","2,670.00","2,670.00",,-0.04%
2026-07-20,"2,671.00","2,671.00","2,671.00","2,671.00",,-2.94%
2026-07-17,"2,752.00","2,752.00","2,752.00","2,752.00",,-3.10%
2026-07-16,"2,840.00","2,840.00","2,840.00","2,840.00",,-3.04%
2026-07-15,"2,929.00","2,929.00","2,929.00","2,929.00",,-1.71%
2026-07-14,"2,980.00","2,980.00","2,980.00","2,980.00",,0.68%
2026-07-13,"2,960.00","2,960.00","2,960.00","2,960.00",,0.54%
2026-07-10,"2,944.00","2,944.00","2,944.00","2,944.00",,1.17%
2026-07-09,"2,910.00","2,910.00","2,910.00","2,910.00",,1.36%
2026-07-08,"2,871.00","2,871.00","2,871.00","2,871.00",,-0.14%
2026-07-07,"2,875.00","2,875.00","2,875.00","2,875.00",,2.79%
2026-07-06,"2,797.00","2,797.00","2,797.00","2,797.00",,2.94%
2026-07-03,"2,717.00","2,717.00","2,717.00","2,717.00",,2.53%
2026-07-02,"2,650.00","2,650.00","2,650.00","2,650.00",,3.43%
2026-07-01,"2,562.00","2,562.00","2,562.00","2,562.00",,2.44%
2026-06-30,"2,501.00","2,501.00","2,501.00","2,501.00",,0.44%
2026-06-29,"2,490.00","2,490.00","2,490.00","2,490.00",,-1.35%
2026-06-26,"2,524.00","2,524.00","2,524.00","2,524.00",,-2.59%
2026-06-25,"2,591.00","2,591.00","2,591.00","2,591.00",,-1.63%
2026-06-24,"2,634.00","2,634.00","2,634.00","2,634.00",,-1.24%
2026-06-23,"2,667.00","2,667.00","2,667.00","2,667.00",,-0.63%
2026-06-22,"2,684.00","2,684.00","2,684.00","2,684.00",,-1.40%
2026-06-19,"2,722.00","2,722.00","2,722.00","2,722.00",,2.37%
2026-06-18,"2,659.00","2,659.00","2,659.00","2,659.00",,0.23%
2026-06-17,"2,653.00","2,653.00","2,653.00","2,653.00",,-0.64%
2026-06-16,"2,670.00","2,670.00","2,670.00","2,670.00",,-1.84%
2026-06-15,"2,720.00","2,729.00","2,729.00","2,720.00",,-3.48%
2026-06-09,"2,818.00","2,818.00","2,818.00","2,818.00",,-3.36%
2026-06-08,"2,916.00","2,916.00","2,916.00","2,916.00",,-2.18%
2026-06-05,"2,981.00","2,981.00","2,981.00","2,981.00",,-1.84%
2026-06-04,"3,037.00","3,037.00","3,037.00","3,037.00",,-2.78%
2026-06-03,"3,124.00","3,124.00","3,124.00","3,124.00",,-2.53%
2026-06-02,"3,205.00","3,205.00","3,205.00","3,205.00",,-0.53%
2026-06-01,"3,222.00","3,222.00","3,222.00","3,222.00",,-0.06%
2026-05-29,"3,224.00","3,224.00","3,224.00","3,224.00",,-0.06%
2026-05-28,"3,226.00","3,226.00","3,226.00","3,226.00",,3.27%
2026-05-27,"3,124.00","3,124.00","3,124.00","3,124.00",,1.26%
2026-05-26,"3,085.00","3,085.00","3,085.00","3,085.00",,3.14%
2026-05-22,"2,991.00","2,991.00","2,991.00","2,991.00",,0.91%
2026-05-21,"2,964.00","2,964.00","2,964.00","2,964.00",,-1.36%
2026-05-20,"3,005.00","3,005.00","3,005.00","3,005.00",,-1.60%
2026-05-19,"3,054.00","3,054.00","3,054.00","3,054.00",,-1.23%
2026-05-18,"3,092.00","3,092.00","3,092.00","3,092.00",,-1.87%
2026-05-15,"3,151.00","3,151.00","3,151.00","3,151.00",,-1.38%
2026-05-14,"3,195.00","3,195.00","3,195.00","3,195.00",,0.19%
2026-05-13,"3,189.00","3,189.00","3,189.00","3,189.00",,4.11%
2026-05-12,"3,063.00","3,063.00","3,063.00","3,063.00",,2.07%
2026-05-11,"3,001.00","3,001.00","3,001.00","3,001.00",,0.77%
2026-05-08,"2,978.00","2,978.00","2,978.00","2,978.00",,-1.85%
2026-05-07,"3,034.00","3,034.00","3,034.00","3,034.00",,1.44%
2026-05-06,"2,991.00","2,991.00","2,991.00","2,991.00",,5.61%
2026-05-05,"2,832.00","2,832.00","2,832.00","2,832.00",,3.74%
2026-05-01,"2,730.00","2,730.00","2,730.00","2,730.00",,1.64%
2026-04-30,"2,686.00","2,686.00","2,686.00","2,686.00",,0.60%
2026-04-29,"2,670.00","2,670.00","2,670.00","2,670.00",,-0.26%
2026-04-28,"2,677.00","2,677.00","2,677.00","2,677.00",,0.41%
2026-04-27,"2,666.00","2,666.00","2,666.00","2,666.00",,0.04%
2026-04-24,"2,665.00","2,665.00","2,665.00","2,665.00",,-0.30%
2026-04-23,"2,673.00","2,673.00","2,673.00","2,673.00",,-0.07%
2026-04-22,"2,675.00","2,675.00","2,675.00","2,675.00",,1.33%
2026-04-21,"2,640.00","2,640.00","2,640.00","2,640.00",,0.27%
2026-04-20,"2,633.00","2,633.00","2,633.00","2,633.00",,2.57%
2026-04-17,"2,567.00","2,567.00","2,567.00","2,567.00",,1.74%
2026-04-16,"2,523.00","2,523.00","2,523.00","2,523.00",,1.57%
2026-04-15,"2,484.00","2,484.00","2,484.00","2,484.00",,5.52%
2026-04-14,"2,354.00","2,354.00","2,354.00","2,354.00",,4.62%
2026-04-13,"2,250.00","2,250.00","2,250.00","2,250.00",,2.23%
2026-04-10,"2,201.00","2,201.00","2,201.00","2,201.00",,1.85%
2026-04-09,"2,161.00","2,161.00","2,161.00","2,161.00",,1.03%
2026-04-08,"2,139.00","2,139.00","2,139.00","2,139.00",,2.10%
2026-04-07,"2,095.00","2,095.00","2,095.00","2,095.00",,1.40%
2026-04-02,"2,066.00","2,066.00","2,066.00","2,066.00",,1.77%
2026-04-01,"2,030.00","2,030.00","2,030.00","2,030.00",,1.75%
2026-03-31,"1,995.00","1,995.00","1,995.00","1,995.00",,-1.09%
2026-03-30,"2,017.00","2,017.00","2,017.00","2,017.00",,-0.69%
2026-03-27,"2,031.00","2,031.00","2,031.00","2,031.00",,0.84%
2026-03-26,"2,014.00","2,014.00","2,014.00","2,014.00",,0.65%
2026-03-25,"2,001.00","2,001.00","2,001.00","2,001.00",,0.60%
2026-03-24,"1,989.00","1,989.00","1,989.00","1,989.00",,-2.36%
2026-03-23,"2,037.00","2,037.00","2,037.00","2,037.00",,-0.92%
2026-03-20,"2,056.00","2,056.00","2,056.00","2,056.00",,-0.05%
2026-03-19,"2,057.00","2,057.00","2,057.00","2,057.00",,-0.34%
2026-03-18,"2,064.00","2,064.00","2,064.00","2,064.00",,1.98%
2026-03-17,"2,024.00","2,024.00","2,024.00","2,024.00",,-0.69%
2026-03-16,"2,038.00","2,038.00","2,038.00","2,038.00",,0.49%
2026-03-13,"2,028.00","2,028.00","2,028.00","2,028.00",,2.84%
2026-03-12,"1,972.00","1,972.00","1,972.00","1,972.00",,2.39%
2026-03-11,"1,926.00","1,926.00","1,926.00","1,926.00",,0.36%
2026-03-10,"1,919.00","1,919.00","1,919.00","1,919.00",,-7.12%
2026-03-09,"2,066.00","2,066.00","2,066.00","2,066.00",,2.79%
2026-03-06,"2,010.00","2,010.00","2,010.00","2,010.00",,-5.99%
2026-03-05,"2,138.00","2,138.00","2,138.00","2,138.00",,-4.25%
2026-03-04,"2,233.00","2,233.00","2,233.00","2,233.00",,-0.40%
2026-03-03,"2,242.00","2,242.00","2,242.00","2,242.00",,2.51%
2026-03-02,"2,187.00","2,187.00","2,187.00","2,187.00",,2.20%
2026-02-27,"2,140.00","2,140.00","2,140.00","2,140.00",,1.09%
2026-02-26,"2,117.00","2,117.00","2,117.00","2,117.00",,-0.19%
2026-02-25,"2,121.00","2,121.00","2,121.00","2,121.00",,-0.38%
2026-02-24,"2,129.00","2,129.00","2,129.00","2,129.00",,0.80%
2026-02-23,"2,112.00","2,112.00","2,112.00","2,112.00",,3.38%
2026-02-20,"2,043.00","2,043.00","2,043.00","2,043.00",,1.19%
2026-02-19,"2,019.00","2,019.00","2,019.00","2,019.00",,-2.13%
2026-02-18,"2,063.00","2,063.00","2,063.00","2,063.00",,-1.53%
2026-02-17,"2,095.00","2,095.00","2,095.00","2,095.00",,-0.24%
2026-02-16,"2,100.00","2,100.00","2,100.00","2,100.00",,0.82%
2026-02-13,"2,083.00","2,083.00","2,083.00","2,083.00",,-0.57%
2026-02-12,"2,095.00","2,095.00","2,095.00","2,095.00",,7.00%
2026-02-11,"1,958.00","1,958.00","1,958.00","1,958.00",,4.04%
2026-02-10,"1,882.00","1,882.00","1,882.00","1,882.00",,-0.69%
2026-02-09,"1,895.00","1,895.00","1,895.00","1,895.00",,-1.46%
2026-02-06,"1,923.00","1,923.00","1,923.00","1,923.00",,-0.67%
2026-02-05,"1,936.00","1,936.00","1,936.00","1,936.00",,-0.97%
2026-02-04,"1,955.00","1,955.00","1,955.00","1,955.00",,-3.60%
2026-02-03,"2,028.00","2,028.00","2,028.00","2,028.00",,-4.52%
2026-02-02,"2,124.00","2,124.00","2,124.00","2,124.00",,-1.12%
2026-01-30,"2,148.00","2,148.00","2,148.00","2,148.00",,7.29%
2026-01-29,"2,002.00","2,002.00","2,002.00","2,002.00",,-0.69%
2026-01-28,"2,016.00","2,016.00","2,016.00","2,016.00",,0.85%
2026-01-27,"1,999.00","1,999.00","1,999.00","1,999.00",,12.30%
2026-01-26,"1,780.00","1,780.00","1,780.00","1,780.00",,1.02%
2026-01-23,"1,762.00","1,762.00","1,762.00","1,762.00",,0.06%
2026-01-22,"1,761.00","1,761.00","1,761.00","1,761.00",,-2.33%
2026-01-21,"1,803.00","1,803.00","1,803.00","1,803.00",,4.28%
2026-01-20,"1,729.00","1,729.00","1,729.00","1,729.00",,4.79%
2026-01-19,"1,650.00","1,650.00","1,650.00","1,650.00",,5.30%
2026-01-16,"1,567.00","1,567.00","1,567.00","1,567.00",,2.28%
2026-01-15,"1,532.00","1,532.00","1,532.00","1,532.00",,-2.17%
2026-01-14,"1,566.00","1,566.00","1,566.00","1,566.00",,-2.61%
2026-01-13,"1,608.00","1,608.00","1,608.00","1,608.00",,-3.07%
2026-01-12,"1,659.00","1,659.00","1,659.00","1,659.00",,-1.72%
2026-01-09,"1,688.00","1,688.00","1,688.00","1,688.00",,-1.75%
2026-01-08,"1,718.00","1,718.00","1,718.00","1,718.00",,-3.27%
2026-01-07,"1,776.00","1,776.00","1,776.00","1,776.00",,-2.95%
2026-01-06,"1,830.00","1,830.00","1,830.00","1,830.00",,-1.13%
2026-01-05,"1,851.00","1,851.00","1,851.00","1,851.00",,-1.65%
2026-01-02,"1,882.00","1,882.00","1,882.00","1,882.00",,0.27%
2025-12-24,"1,877.00","1,877.00","1,877.00","1,877.00",,-0.64%
2025-12-23,"1,889.00","1,889.00","1,889.00","1,889.00",,-4.55%
2025-12-22,"1,979.00","1,979.00","1,979.00","1,979.00",,-2.17%
2025-12-19,"2,023.00","2,023.00","2,023.00","2,023.00",,-2.32%
2025-12-18,"2,071.00","2,071.00","2,071.00","2,071.00",,-2.36%
2025-12-17,"2,121.00","2,121.00","2,121.00","2,121.00",,-3.77%
2025-12-16,"2,204.00","2,204.00","2,204.00","2,204.00",,0.50%
2025-12-15,"2,193.00","2,193.00","2,193.00","2,193.00",,-0.54%
2025-12-12,"2,205.00","2,205.00","2,205.00","2,205.00",,-3.88%
2025-12-11,"2,294.00","2,294.00","2,294.00","2,294.00",,-5.60%
2025-12-10,"2,430.00","2,430.00","2,430.00","2,430.00",,-4.97%
2025-12-09,"2,557.00","2,557.00","2,557.00","2,557.00",,-5.09%
2025-12-08,"2,694.00","2,694.00","2,694.00","2,694.00",,-1.21%
2025-12-05,"2,727.00","2,727.00","2,727.00","2,727.00",,-3.09%
2025-12-04,"2,814.00","2,814.00","2,814.00","2,814.00",,-1.09%
2025-12-03,"2,845.00","2,845.00","2,845.00","2,845.00",,9.42%
2025-12-02,"2,600.00","2,600.00","2,600.00","2,600.00",,0.66%
2025-12-01,"2,583.00","2,583.00","2,583.00","2,583.00",,0.90%
2025-11-28,"2,560.00","2,560.00","2,560.00","2,560.00",,3.23%
2025-11-27,"2,480.00","2,480.00","2,480.00","2,480.00",,3.29%
2025-11-26,"2,401.00","2,401.00","2,401.00","2,401.00",,3.98%
2025-11-25,"2,309.00","2,309.00","2,309.00","2,309.00",,0.61%
2025-11-24,"2,295.00","2,295.00","2,295.00","2,295.00",,0.88%
2025-11-21,"2,275.00","2,275.00","2,275.00","2,275.00",,0.22%
2025-11-20,"2,270.00","2,270.00","2,270.00","2,270.00",,0.44%
2025-11-19,"2,260.00","2,260.00","2,260.00","2,260.00",,1.99%
2025-11-18,"2,216.00","2,216.00","2,216.00","2,216.00",,2.93%
2025-11-17,"2,153.00","2,153.00","2,153.00","2,153.00",,1.32%
2025-11-14,"2,125.00","2,125.00","2,125.00","2,125.00",,2.31%
2025-11-13,"2,077.00","2,077.00","2,077.00","2,077.00",,2.32%
2025-11-12,"2,030.00","2,030.00","2,030.00","2,030.00",,-2.03%
2025-11-11,"2,072.00","2,072.00","2,072.00","2,072.00",,-0.58%
2025-11-10,"2,084.00","2,084.00","2,084.00","2,084.00",,-0.95%
2025-11-07,"2,104.00","2,104.00","2,104.00","2,104.00",,1.99%
2025-11-06,"2,063.00","2,063.00","2,063.00","2,063.00",,3.00%
2025-11-05,"2,003.00","2,003.00","2,003.00","2,003.00",,2.30%
2025-11-04,"1,958.00","1,958.00","1,958.00","1,958.00",,0.67%
2025-11-03,"1,945.00","1,945.00","1,945.00","1,945.00",,-1.07%
2025-10-31,"1,966.00","1,966.00","1,966.00","1,966.00",,-0.86%
2025-10-30,"1,983.00","1,983.00","1,983.00","1,983.00",,1.12%
2025-10-29,"1,961.00","1,961.00","1,961.00","1,961.00",,0.56%
2025-10-28,"1,950.00","1,950.00","1,950.00","1,950.00",,-1.32%
2025-10-27,"1,976.00","1,976.00","1,976.00","1,976.00",,-0.75%
2025-10-24,"1,991.00","1,991.00","1,991.00","1,991.00",,-3.21%
2025-10-23,"2,057.00","2,057.00","2,057.00","2,057.00",,-1.77%
2025-10-21,"2,094.00","2,094.00","2,094.00","2,094.00",,1.11%
2025-10-20,"2,071.00","2,069.00","2,071.00","2,069.00",,0.10%
2025-10-17,"2,069.00","2,069.00","2,069.00","2,069.00",,1.12%
2025-10-16,"2,046.00","2,046.00","2,046.00","2,046.00",,2.45%
2025-10-15,"1,997.00","1,997.00","1,997.00","1,997.00",,-1.24%
2025-10-14,"2,022.00","2,022.00","2,022.00","2,022.00",,-5.69%
2025-10-13,"2,144.00","2,144.00","2,144.00","2,144.00",,10.74%
2025-10-10,"1,936.00","1,936.00","1,936.00","1,936.00",,0.68%
2025-10-09,"1,923.00","1,923.00","1,923.00","1,923.00",,-2.04%
2025-10-08,"1,963.00","1,963.00","1,963.00","1,963.00",,0.82%
2025-10-07,"1,947.00","1,947.00","1,947.00","1,947.00",,0.78%
2025-10-06,"1,932.00","1,932.00","1,932.00","1,932.00",,1.63%
2025-10-03,"1,901.00","1,901.00","1,901.00","1,901.00",,-0.42%
2025-10-02,"1,909.00","1,909.00","1,909.00","1,909.00",,-3.59%
2025-10-01,"1,980.00","1,980.00","1,980.00","1,980.00",,-7.22%
2025-09-30,"2,134.00","2,134.00","2,134.00","2,134.00",,-3.87%
2025-09-29,"2,220.00","2,220.00","2,220.00","2,220.00",,-1.73%
2025-09-26,"2,259.00","2,259.00","2,259.00","2,259.00",,-0.31%
2025-09-25,"2,266.00","2,266.00","2,266.00","2,266.00",,1.16%
2025-09-24,"2,240.00","2,240.00","2,240.00","2,240.00",,1.82%
2025-09-23,"2,200.00","2,200.00","2,200.00","2,200.00",,1.29%
2025-09-22,"2,172.00","2,172.00","2,172.00","2,172.00",,-1.41%
2025-09-19,"2,203.00","2,203.00","2,203.00","2,203.00",,-0.09%
2025-09-18,"2,205.00","2,205.00","2,205.00","2,205.00",,1.15%
2025-09-17,"2,180.00","2,180.00","2,180.00","2,180.00",,1.21%
2025-09-16,"2,154.00","2,154.00","2,154.00","2,154.00",,0.05%
2025-09-15,"2,153.00","2,153.00","2,153.00","2,153.00",,1.27%
2025-09-12,"2,126.00","2,126.00","2,126.00","2,126.00",,0.71%
2025-09-11,"2,111.00","2,111.00","2,111.00","2,111.00",,-0.05%
2025-09-10,"2,112.00","2,112.00","2,112.00","2,112.00",,1.59%
2025-09-09,"2,079.00","2,079.00","2,079.00","2,079.00",,2.97%
2025-09-08,"2,019.00","2,019.00","2,019.00","2,019.00",,2.02%
2025-09-05,"1,979.00","1,979.00","1,979.00","1,979.00",,0.82%
2025-09-04,"1,963.00","1,963.00","1,963.00","1,963.00",,1.19%
2025-09-03,"1,940.00","1,940.00","1,940.00","1,940.00",,-2.32%
2025-09-02,"1,986.00","1,986.00","1,986.00","1,986.00",,-1.88%
2025-09-01,"2,024.00","2,024.00","2,024.00","2,024.00",,-0.05%
2025-08-29,"2,025.00","2,025.00","2,025.00","2,025.00",,0.40%
2025-08-28,"2,017.00","2,017.00","2,017.00","2,017.00",,-1.42%
2025-08-27,"2,046.00","2,046.00","2,046.00","2,046.00",,0.24%
2025-08-26,"2,041.00","2,041.00","2,041.00","2,041.00",,4.99%
2025-08-22,"1,944.00","1,944.00","1,944.00","1,944.00",,2.69%
2025-08-21,"1,893.00","1,893.00","1,893.00","1,893.00",,-1.76%
2025-08-20,"1,927.00","1,927.00","1,927.00","1,927.00",,-1.88%
2025-08-19,"1,964.00","1,964.00","1,964.00","1,964.00",,-2.87%
2025-08-18,"2,022.00","2,022.00","2,022.00","2,022.00",,-1.08%
2025-08-15,"2,044.00","2,044.00","2,044.00","2,044.00",,0.25%
2025-08-14,"2,039.00","2,039.00","2,039.00","2,039.00",,0.69%
2025-08-13,"2,025.00","2,025.00","2,025.00","2,025.00",,0.40%
2025-08-12,"2,017.00","2,017.00","2,017.00","2,017.00",,-1.03%
2025-08-11,"2,038.00","2,038.00","2,038.00","2,038.00",,-0.63%
2025-08-08,"2,051.00","2,051.00","2,051.00","2,051.00",,2.14%
2025-08-07,"2,008.00","2,008.00","2,008.00","2,008.00",,0.70%
2025-08-06,"1,994.00","1,994.00","1,994.00","1,994.00",,3.80%
2025-08-05,"1,921.00","1,921.00","1,921.00","1,921.00",,-2.49%
2025-08-04,"1,970.00","1,970.00","1,970.00","1,970.00",,-2.38%
2025-08-01,"2,018.00","2,018.00","2,018.00","2,018.00",,0.75%
2025-07-31,"2,003.00","2,003.00","2,003.00","2,003.00",,0.40%
2025-07-30,"1,995.00","1,995.00","1,995.00","1,995.00",,-5.41%
2025-07-29,"2,109.00","2,109.00","2,109.00","2,109.00",,-5.26%
2025-07-28,"2,226.00","2,226.00","2,226.00","2,226.00",,-1.37%
2025-07-25,"2,257.00","2,257.00","2,257.00","2,257.00",,-0.04%
2025-07-24,"2,258.00","2,258.00","2,258.00","2,258.00",,6.51%
2025-07-23,"2,120.00","2,120.00","2,120.00","2,120.00",,4.18%
2025-07-22,"2,035.00","2,035.00","2,035.00","2,035.00",,0.94%
2025-07-21,"2,016.00","2,016.00","2,016.00","2,016.00",,-1.75%
2025-07-18,"2,052.00","2,052.00","2,052.00","2,052.00",,1.08%
2025-07-17,"2,030.00","2,030.00","2,030.00","2,030.00",,6.51%
2025-07-16,"1,906.00","1,906.00","1,906.00","1,906.00",,2.14%
2025-07-15,"1,866.00","1,866.00","1,866.00","1,866.00",,4.66%
2025-07-14,"1,783.00","1,783.00","1,783.00","1,783.00",,7.22%
2025-07-11,"1,663.00","1,663.00","1,663.00","1,663.00",,13.52%
2025-07-10,"1,465.00","1,465.00","1,465.00","1,465.00",,2.95%
2025-07-09,"1,423.00","1,423.00","1,423.00","1,423.00",,-0.56%
2025-07-08,"1,431.00","1,431.00","1,431.00","1,431.00",,-0.35%
2025-07-07,"1,436.00","1,436.00","1,436.00","1,436.00",,0.00%
2025-07-04,"1,436.00","1,436.00","1,436.00","1,436.00",,0.14%
2025-07-03,"1,434.00","1,434.00","1,434.00","1,434.00",,-0.62%
2025-07-02,"1,443.00","1,443.00","1,443.00","1,443.00",,-1.03%
2025-07-01,"1,458.00","1,458.00","1,458.00","1,458.00",,-2.08%
2025-06-30,"1,489.00","1,489.00","1,489.00","1,489.00",,-2.10%
2025-06-27,"1,521.00","1,521.00","1,521.00","1,521.00",,-2.06%
2025-06-26,"1,553.00","1,553.00","1,553.00","1,553.00",,-6.73%
2025-06-25,"1,665.00","1,665.00","1,665.00","1,665.00",,-0.95%
2025-06-24,"1,681.00","1,681.00","1,681.00","1,681.00",,0.42%
2025-06-23,"1,674.00","1,674.00","1,674.00","1,674.00",,-0.89%
2025-06-20,"1,689.00","1,689.00","1,689.00","1,689.00",,-3.54%
2025-06-19,"1,751.00","1,751.00","1,751.00","1,751.00",,-6.56%
2025-06-18,"1,874.00","1,874.00","1,874.00","1,874.00",,-4.00%
2025-06-17,"1,952.00","1,952.00","1,952.00","1,952.00",,-1.16%
2025-06-16,"1,975.00","1,975.00","1,975.00","1,975.00",,0.36%
2025-06-13,"1,968.00","1,968.00","1,968.00","1,968.00",,3.36%
2025-06-12,"1,904.00","1,904.00","1,904.00","1,904.00",,9.55%
2025-06-11,"1,738.00","1,738.00","1,738.00","1,738.00",,3.45%
2025-06-10,"1,680.00","1,680.00","1,680.00","1,680.00",,-0.65%
2025-06-09,"1,691.00","1,691.00","1,691.00","1,691.00",,3.55%
2025-06-06,"1,633.00","1,633.00","1,633.00","1,633.00",,0.43%
2025-06-05,"1,626.00","1,626.00","1,626.00","1,626.00",,9.20%
2025-06-04,"1,489.00","1,489.00","1,489.00","1,489.00",,4.13%
2025-06-03,"1,430.00","1,430.00","1,430.00","1,430.00",,0.56%
2025-06-02,"1,422.00","1,422.00","1,422.00","1,422.00",,0.28%
2025-05-30,"1,418.00","1,418.00","1,418.00","1,418.00",,4.80%
2025-05-29,"1,353.00","1,353.00","1,353.00","1,353.00",,3.84%
2025-05-28,"1,303.00","1,303.00","1,303.00","1,303.00",,0.54%
2025-05-27,"1,296.00","1,296.00","1,296.00","1,296.00",,-3.28%
2025-05-23,"1,340.00","1,340.00","1,340.00","1,340.00",,-0.07%
2025-05-22,"1,341.00","1,341.00","1,341.00","1,341.00",,0.30%
2025-05-21,"1,337.00","1,337.00","1,337.00","1,337.00",,-0.22%
2025-05-20,"1,340.00","1,340.00","1,340.00","1,340.00",,-0.52%
2025-05-19,"1,347.00","1,347.00","1,347.00","1,347.00",,-2.95%
2025-05-16,"1,388.00","1,388.00","1,388.00","1,388.00",,6.36%
2025-05-15,"1,305.00","1,305.00","1,305.00","1,305.00",,3.00%
2025-05-14,"1,267.00","1,267.00","1,267.00","1,267.00",,-1.02%
2025-05-13,"1,280.00","1,280.00","1,280.00","1,280.00",,-1.84%
2025-05-12,"1,304.00","1,304.00","1,304.00","1,304.00",,0.38%
2025-05-09,"1,299.00","1,299.00","1,299.00","1,299.00",,-1.29%
2025-05-08,"1,316.00","1,316.00","1,316.00","1,316.00",,-4.22%
2025-05-07,"1,374.00","1,374.00","1,374.00","1,374.00",,-2.28%
2025-05-06,"1,406.00","1,406.00","1,406.00","1,406.00",,-1.06%
2025-05-02,"1,421.00","1,421.00","1,421.00","1,421.00",,0.71%
2025-05-01,"1,411.00","1,411.00","1,411.00","1,411.00",,1.80%
2025-04-30,"1,386.00","1,386.00","1,386.00","1,386.00",,-0.86%
2025-04-29,"1,398.00","1,398.00","1,398.00","1,398.00",,-0.36%
2025-04-28,"1,403.00","1,403.00","1,403.00","1,403.00",,2.18%
2025-04-25,"1,373.00","1,373.00","1,373.00","1,373.00",,1.48%
2025-04-24,"1,353.00","1,353.00","1,353.00","1,353.00",,4.08%
2025-04-23,"1,300.00","1,300.00","1,300.00","1,300.00",,3.09%
2025-04-22,"1,261.00","1,261.00","1,261.00","1,261.00",,0.00%
2025-04-17,"1,261.00","1,261.00","1,261.00","1,261.00",,1.61%
2025-04-16,"1,241.00","1,241.00","1,241.00","1,241.00",,-1.74%
2025-04-15,"1,263.00","1,263.00","1,263.00","1,263.00",,-1.48%
2025-04-14,"1,282.00","1,282.00","1,282.00","1,282.00",,0.63%
2025-04-11,"1,274.00","1,274.00","1,274.00","1,274.00",,0.39%
2025-04-10,"1,269.00","1,269.00","1,269.00","1,269.00",,0.79%
2025-04-09,"1,259.00","1,259.00","1,259.00","1,259.00",,-6.18%
2025-04-08,"1,342.00","1,342.00","1,342.00","1,342.00",,-4.21%
2025-04-07,"1,401.00","1,401.00","1,401.00","1,401.00",,-5.91%
2025-04-04,"1,489.00","1,489.00","1,489.00","1,489.00",,-3.31%
2025-04-03,"1,540.00","1,540.00","1,540.00","1,540.00",,-2.72%
2025-04-02,"1,583.00","1,583.00","1,583.00","1,583.00",,-0.25%
2025-04-01,"1,587.00","1,587.00","1,587.00","1,587.00",,-0.69%
2025-03-31,"1,598.00","1,598.00","1,598.00","1,598.00",,-0.25%
2025-03-28,"1,602.00","1,602.00","1,602.00","1,602.00",,-1.17%
2025-03-27,"1,621.00","1,621.00","1,621.00","1,621.00",,-0.80%
2025-03-26,"1,634.00","1,634.00","1,634.00","1,634.00",,-0.49%
2025-03-25,"1,642.00","1,642.00","1,642.00","1,642.00",,-0.61%
2025-03-24,"1,652.00","1,652.00","1,652.00","1,652.00",,0.55%
2025-03-21,"1,643.00","1,643.00","1,643.00","1,643.00",,0.49%
2025-03-20,"1,635.00","1,635.00","1,635.00","1,635.00",,-0.12%
2025-03-19,"1,637.00","1,637.00","1,637.00","1,637.00",,-0.79%
2025-03-18,"1,650.00","1,650.00","1,650.00","1,650.00",,-0.48%
2025-03-17,"1,658.00","1,658.00","1,658.00","1,658.00",,-0.66%
2025-03-14,"1,669.00","1,669.00","1,669.00","1,669.00",,1.15%
2025-03-13,"1,650.00","1,650.00","1,650.00","1,650.00",,5.84%
2025-03-12,"1,559.00","1,559.00","1,559.00","1,559.00",,8.57%
2025-03-11,"1,436.00","1,436.00","1,436.00","1,436.00",,0.84%
2025-03-10,"1,424.00","1,424.00","1,424.00","1,424.00",,1.71%
2025-03-07,"1,400.00","1,400.00","1,400.00","1,400.00",,8.86%
2025-03-06,"1,286.00","1,286.00","1,286.00","1,286.00",,4.72%
2025-03-05,"1,228.00","1,228.00","1,228.00","1,228.00",,-2.69%
2025-03-04,"1,262.00","1,262.00","1,262.00","1,262.00",,-1.10%
2025-03-03,"1,276.00","1,276.00","1,276.00","1,276.00",,3.82%
2025-02-28,"1,229.00","1,229.00","1,229.00","1,229.00",,6.04%
2025-02-27,"1,159.00","1,159.00","1,159.00","1,159.00",,4.23%
2025-02-26,"1,112.00","1,112.00","1,112.00","1,112.00",,7.03%
2025-02-25,"1,039.00","1,039.00","1,039.00","1,039.00",,3.69%
2025-02-24,"1,002.00","1,002.00","1,002.00","1,002.00",,2.14%
2025-02-21,981.00,981.00,981.00,981.00,,4.25%
2025-02-20,941.00,941.00,941.00,941.00,,4.09%
2025-02-19,904.00,904.00,904.00,904.00,,7.49%
2025-02-18,841.00,841.00,841.00,841.00,,4.34%
2025-02-17,806.00,806.00,806.00,806.00,,1.77%
2025-02-14,792.00,792.00,792.00,792.00,,1.54%
2025-02-13,780.00,780.00,780.00,780.00,,0.52%
2025-02-12,776.00,776.00,776.00,776.00,,-3.12%
2025-02-11,801.00,801.00,801.00,801.00,,-0.99%
2025-02-10,809.00,809.00,809.00,809.00,,-0.74%
2025-02-07,815.00,815.00,815.00,815.00,,2.77%
2025-02-06,793.00,793.00,793.00,793.00,,2.85%
2025-02-05,771.00,771.00,771.00,771.00,,2.39%
2025-02-04,753.00,753.00,753.00,753.00,,2.03%
2025-02-03,738.00,738.00,738.00,738.00,,0.41%
2025-01-31,735.00,735.00,735.00,735.00,,2.80%
2025-01-30,715.00,715.00,715.00,715.00,,-1.52%
2025-01-29,726.00,726.00,726.00,726.00,,-2.68%
2025-01-28,746.00,746.00,746.00,746.00,,-1.97%
2025-01-27,761.00,761.00,761.00,761.00,,-2.19%
2025-01-24,778.00,778.00,778.00,778.00,,-5.58%
2025-01-23,824.00,824.00,824.00,824.00,,-7.73%
2025-01-22,893.00,893.00,893.00,893.00,,-3.77%
2025-01-21,928.00,928.00,928.00,928.00,,-3.03%
2025-01-20,957.00,957.00,957.00,957.00,,-3.04%
2025-01-17,987.00,987.00,987.00,987.00,,-3.52%
2025-01-16,"1,023.00","1,023.00","1,023.00","1,023.00",,-3.76%
2025-01-15,"1,063.00","1,063.00","1,063.00","1,063.00",,-1.57%
2025-01-14,"1,080.00","1,080.00","1,080.00","1,080.00",,-1.19%
2025-01-13,"1,093.00","1,093.00","1,093.00","1,093.00",,4.29%
2025-01-10,"1,048.00","1,048.00","1,048.00","1,048.00",,8.15%
2025-01-09,969.00,969.00,969.00,969.00,,0.31%
2025-01-08,966.00,966.00,966.00,966.00,,-4.83%
2025-01-07,"1,015.00","1,015.00","1,015.00","1,015.00",,-2.68%
2025-01-06,"1,043.00","1,043.00","1,043.00","1,043.00",,-2.71%
2025-01-03,"1,072.00","1,072.00","1,072.00","1,072.00",,4.18%
2025-01-02,"1,029.00","1,029.00","1,029.00","1,029.00",,3.21%
2024-12-24,997.00,997.00,997.00,997.00,,0.30%
2024-12-23,994.00,994.00,994.00,994.00,,0.40%
2024-12-20,990.00,990.00,990.00,990.00,,1.43%
2024-12-19,976.00,976.00,976.00,976.00,,-5.06%
2024-12-18,"1,028.00","1,028.00","1,028.00","1,028.00",,-2.37%
2024-12-17,"1,053.00","1,053.00","1,053.00","1,053.00",,-1.68%
2024-12-16,"1,071.00","1,071.00","1,071.00","1,071.00",,1.90%
2024-12-13,"1,051.00","1,051.00","1,051.00","1,051.00",,-0.38%
2024-12-12,"1,055.00","1,055.00","1,055.00","1,055.00",,-4.61%
2024-12-11,"1,106.00","1,106.00","1,106.00","1,106.00",,-4.33%
2024-12-10,"1,156.00","1,156.00","1,156.00","1,156.00",,-1.03%
2024-12-09,"1,168.00","1,168.00","1,168.00","1,168.00",,0.09%
2024-12-06,"1,167.00","1,167.00","1,167.00","1,167.00",,0.60%
2024-12-05,"1,160.00","1,160.00","1,160.00","1,160.00",,-1.69%
2024-12-04,"1,180.00","1,180.00","1,180.00","1,180.00",,-4.61%
2024-12-03,"1,237.00","1,237.00","1,237.00","1,237.00",,-4.70%
2024-12-02,"1,298.00","1,298.00","1,298.00","1,298.00",,-4.14%
2024-11-29,"1,354.00","1,354.00","1,354.00","1,354.00",,-4.58%
2024-11-28,"1,419.00","1,419.00","1,419.00","1,419.00",,-5.96%
2024-11-27,"1,509.00","1,509.00","1,509.00","1,509.00",,-4.55%
2024-11-26,"1,581.00","1,581.00","1,581.00","1,581.00",,3.40%
2024-11-25,"1,529.00","1,529.00","1,529.00","1,529.00",,-0.52%
2024-11-22,"1,537.00","1,537.00","1,537.00","1,537.00",,-2.47%
2024-11-21,"1,576.00","1,576.00","1,576.00","1,576.00",,-2.48%
2024-11-20,"1,616.00","1,616.00","1,616.00","1,616.00",,-0.68%
2024-11-19,"1,627.00","1,627.00","1,627.00","1,627.00",,-7.35%
2024-11-18,"1,756.00","1,756.00","1,756.00","1,756.00",,-1.62%
2024-11-15,"1,785.00","1,785.00","1,785.00","1,785.00",,5.50%
2024-11-14,"1,692.00","1,692.00","1,692.00","1,692.00",,3.80%
2024-11-13,"1,630.00","1,630.00","1,630.00","1,630.00",,-0.24%
2024-11-12,"1,634.00","1,634.00","1,634.00","1,634.00",,4.88%
2024-11-11,"1,558.00","1,558.00","1,558.00","1,558.00",,4.21%
2024-11-08,"1,495.00","1,495.00","1,495.00","1,495.00",,3.03%
2024-11-07,"1,451.00","1,451.00","1,451.00","1,451.00",,1.68%
2024-11-06,"1,427.00","1,427.00","1,427.00","1,427.00",,1.57%
2024-11-05,"1,405.00","1,405.00","1,405.00","1,405.00",,2.26%
2024-11-04,"1,374.00","1,374.00","1,374.00","1,374.00",,-0.29%
2024-11-01,"1,378.00","1,378.00","1,378.00","1,378.00",,-0.72%
2024-10-31,"1,388.00","1,388.00","1,388.00","1,388.00",,-0.50%
2024-10-30,"1,395.00","1,395.00","1,395.00","1,395.00",,-0.50%
2024-10-29,"1,402.00","1,402.00","1,402.00","1,402.00",,1.45%
2024-10-28,"1,382.00","1,382.00","1,382.00","1,382.00",,-1.99%
2024-10-25,"1,410.00","1,410.00","1,410.00","1,410.00",,-0.49%
2024-10-24,"1,417.00","1,417.00","1,417.00","1,417.00",,-1.94%
2024-10-23,"1,445.00","1,445.00","1,445.00","1,445.00",,-2.36%
2024-10-22,"1,480.00","1,480.00","1,480.00","1,480.00",,-4.27%
2024-10-21,"1,546.00","1,546.00","1,546.00","1,546.00",,-1.90%
2024-10-18,"1,576.00","1,576.00","1,576.00","1,576.00",,-1.13%
2024-10-17,"1,594.00","1,594.00","1,594.00","1,594.00",,-4.89%
2024-10-16,"1,676.00","1,676.00","1,676.00","1,676.00",,-5.10%
2024-10-15,"1,766.00","1,766.00","1,766.00","1,766.00",,-2.65%
2024-10-14,"1,814.00","1,814.00","1,814.00","1,814.00",,0.28%
2024-10-11,"1,809.00","1,809.00","1,809.00","1,809.00",,1.06%
2024-10-10,"1,790.00","1,790.00","1,790.00","1,790.00",,-0.50%
2024-10-09,"1,799.00","1,799.00","1,799.00","1,799.00",,-3.28%
2024-10-08,"1,860.00","1,860.00","1,860.00","1,860.00",,-2.46%
2024-10-07,"1,907.00","1,907.00","1,907.00","1,907.00",,-1.09%
2024-10-04,"1,928.00","1,928.00","1,928.00","1,928.00",,-0.67%
2024-10-03,"1,941.00","1,941.00","1,941.00","1,941.00",,-1.87%
2024-10-02,"1,978.00","1,978.00","1,978.00","1,978.00",,-2.56%
2024-10-01,"2,030.00","2,030.00","2,030.00","2,030.00",,-2.59%
2024-09-30,"2,084.00","2,084.00","2,084.00","2,084.00",,-1.23%
2024-09-27,"2,110.00","2,110.00","2,110.00","2,110.00",,0.91%
2024-09-26,"2,091.00","2,091.00","2,091.00","2,091.00",,3.72%
2024-09-25,"2,016.00","2,016.00","2,016.00","2,016.00",,0.10%
2024-09-24,"2,014.00","2,014.00","2,014.00","2,014.00",,0.75%
2024-09-23,"1,999.00","1,999.00","1,999.00","1,999.00",,1.11%
2024-09-20,"1,977.00","1,977.00","1,977.00","1,977.00",,0.05%
2024-09-19,"1,976.00","1,976.00","1,976.00","1,976.00",,4.55%
2024-09-18,"1,890.00","1,890.00","1,890.00","1,890.00",,-0.58%
2024-09-17,"1,901.00","1,901.00","1,901.00","1,901.00",,0.26%
2024-09-16,"1,896.00","1,896.00","1,896.00","1,896.00",,0.32%
2024-09-13,"1,890.00","1,890.00","1,890.00","1,890.00",,-1.92%
2024-09-12,"1,927.00","1,927.00","1,927.00","1,927.00",,-1.83%
2024-09-11,"1,963.00","1,963.00","1,963.00","1,963.00",,1.13%
2024-09-10,"1,941.00","1,941.00","1,941.00","1,941.00",,-0.87%
2024-09-09,"1,958.00","1,958.00","1,958.00","1,958.00",,0.88%
2024-09-06,"1,941.00","1,941.00","1,941.00","1,941.00",,1.15%
2024-09-05,"1,919.00","1,919.00","1,919.00","1,919.00",,0.89%
2024-09-04,"1,902.00","1,902.00","1,902.00","1,902.00",,-2.31%
2024-09-03,"1,947.00","1,947.00","1,947.00","1,947.00",,1.46%
2024-09-02,"1,919.00","1,919.00","1,919.00","1,919.00",,5.79%
2024-08-30,"1,814.00","1,814.00","1,814.00","1,814.00",,-0.71%
2024-08-29,"1,827.00","1,827.00","1,827.00","1,827.00",,4.10%
2024-08-28,"1,755.00","1,755.00","1,755.00","1,755.00",,1.98%
2024-08-27,"1,721.00","1,721.00","1,721.00","1,721.00",,-2.33%
2024-08-23,"1,762.00","1,762.00","1,762.00","1,762.00",,-0.34%
2024-08-22,"1,768.00","1,768.00","1,768.00","1,768.00",,0.51%
2024-08-21,"1,759.00","1,759.00","1,759.00","1,759.00",,1.38%
2024-08-20,"1,735.00","1,735.00","1,735.00","1,735.00",,1.58%
2024-08-19,"1,708.00","1,708.00","1,708.00","1,708.00",,1.01%
2024-08-16,"1,691.00","1,691.00","1,691.00","1,691.00",,-0.06%
2024-08-15,"1,692.00","1,692.00","1,692.00","1,692.00",,-2.08%
2024-08-14,"1,728.00","1,728.00","1,728.00","1,728.00",,3.47%
2024-08-13,"1,670.00","1,670.00","1,670.00","1,670.00",,0.91%
2024-08-12,"1,655.00","1,655.00","1,655.00","1,655.00",,-0.90%
2024-08-09,"1,670.00","1,670.00","1,670.00","1,670.00",,-0.77%
2024-08-08,"1,683.00","1,683.00","1,683.00","1,683.00",,-0.88%
2024-08-07,"1,698.00","1,698.00","1,698.00","1,698.00",,0.77%
2024-08-06,"1,685.00","1,685.00","1,685.00","1,685.00",,0.48%
2024-08-05,"1,677.00","1,677.00","1,677.00","1,677.00",,0.12%
2024-08-02,"1,675.00","1,675.00","1,675.00","1,675.00",,0.42%
2024-08-01,"1,668.00","1,668.00","1,668.00","1,668.00",,-2.34%
2024-07-31,"1,708.00","1,708.00","1,708.00","1,708.00",,-3.06%
2024-07-30,"1,762.00","1,762.00","1,762.00","1,762.00",,-1.95%
2024-07-29,"1,797.00","1,797.00","1,797.00","1,797.00",,-0.61%
2024-07-26,"1,808.00","1,808.00","1,808.00","1,808.00",,-1.42%
2024-07-25,"1,834.00","1,834.00","1,834.00","1,834.00",,-1.61%
2024-07-24,"1,864.00","1,864.00","1,864.00","1,864.00",,-0.27%
2024-07-23,"1,869.00","1,869.00","1,869.00","1,869.00",,-1.42%
2024-07-22,"1,896.00","1,896.00","1,896.00","1,896.00",,-0.32%
2024-07-19,"1,902.00","1,902.00","1,902.00","1,902.00",,-0.52%
2024-07-18,"1,912.00","1,912.00","1,912.00","1,912.00",,1.16%
2024-07-17,"1,890.00","1,890.00","1,890.00","1,890.00",,-2.68%
2024-07-16,"1,942.00","1,942.00","1,942.00","1,942.00",,-2.56%
2024-07-15,"1,993.00","1,993.00","1,993.00","1,993.00",,-0.20%
2024-07-12,"1,997.00","1,997.00","1,997.00","1,997.00",,2.57%
2024-07-11,"1,947.00","1,947.00","1,947.00","1,947.00",,0.41%
2024-07-10,"1,939.00","1,939.00","1,939.00","1,939.00",,2.38%
2024-07-09,"1,894.00","1,894.00","1,894.00","1,894.00",,-2.37%
2024-07-08,"1,940.00","1,940.00","1,940.00","1,940.00",,-1.32%
2024-07-05,"1,966.00","1,966.00","1,966.00","1,966.00",,-2.72%
2024-07-04,"2,021.00","2,021.00","2,021.00","2,021.00",,-2.08%
2024-07-03,"2,064.00","2,064.00","2,064.00","2,064.00",,-5.28%
2024-07-02,"2,179.00","2,179.00","2,179.00","2,179.00",,0.97%
2024-07-01,"2,158.00","2,158.00","2,158.00","2,158.00",,5.27%
2024-06-28,"2,050.00","2,050.00","2,050.00","2,050.00",,0.94%
2024-06-27,"2,031.00","2,031.00","2,031.00","2,031.00",,3.41%
2024-06-26,"1,964.00","1,964.00","1,964.00","1,964.00",,1.97%
2024-06-25,"1,926.00","1,926.00","1,926.00","1,926.00",,-2.38%
2024-06-24,"1,973.00","1,973.00","1,973.00","1,973.00",,-1.20%
2024-06-21,"1,997.00","1,997.00","1,997.00","1,997.00",,0.66%
2024-06-20,"1,984.00","1,984.00","1,984.00","1,984.00",,2.11%
2024-06-19,"1,943.00","1,943.00","1,943.00","1,943.00",,-0.92%
2024-06-18,"1,961.00","1,961.00","1,961.00","1,961.00",,0.67%
2024-06-17,"1,948.00","1,948.00","1,948.00","1,948.00",,0.00%
2024-06-14,"1,948.00","1,948.00","1,948.00","1,948.00",,0.31%
2024-06-13,"1,942.00","1,942.00","1,942.00","1,942.00",,5.77%
2024-06-12,"1,836.00","1,836.00","1,836.00","1,836.00",,0.27%
2024-06-11,"1,831.00","1,831.00","1,831.00","1,831.00",,-2.76%
2024-06-10,"1,883.00","1,883.00","1,883.00","1,883.00",,0.11%
2024-06-07,"1,881.00","1,881.00","1,881.00","1,881.00",,0.64%
2024-06-06,"1,869.00","1,869.00","1,869.00","1,869.00",,0.92%
2024-06-05,"1,852.00","1,852.00","1,852.00","1,852.00",,2.15%
2024-06-04,"1,813.00","1,813.00","1,813.00","1,813.00",,0.28%
2024-06-03,"1,808.00","1,808.00","1,808.00","1,808.00",,-0.39%
2024-05-31,"1,815.00","1,815.00","1,815.00","1,815.00",,0.78%
2024-05-30,"1,801.00","1,801.00","1,801.00","1,801.00",,0.61%
2024-05-29,"1,790.00","1,790.00","1,790.00","1,790.00",,0.34%
2024-05-28,"1,784.00","1,784.00","1,784.00","1,784.00",,-0.72%
2024-05-24,"1,797.00","1,797.00","1,797.00","1,797.00",,0.06%
2024-05-23,"1,796.00","1,796.00","1,796.00","1,796.00",,-0.44%
2024-05-22,"1,804.00","1,804.00","1,804.00","1,804.00",,-1.37%
2024-05-21,"1,829.00","1,829.00","1,829.00","1,829.00",,-0.97%
2024-05-20,"1,847.00","1,847.00","1,847.00","1,847.00",,0.16%
2024-05-17,"1,844.00","1,844.00","1,844.00","1,844.00",,1.49%
2024-05-16,"1,817.00","1,817.00","1,817.00","1,817.00",,-3.81%
2024-05-15,"1,889.00","1,889.00","1,889.00","1,889.00",,-5.22%
2024-05-14,"1,993.00","1,993.00","1,993.00","1,993.00",,-3.53%
2024-05-13,"2,066.00","2,066.00","2,066.00","2,066.00",,-2.96%
2024-05-10,"2,129.00","2,129.00","2,129.00","2,129.00",,-1.71%
2024-05-09,"2,166.00","2,166.00","2,166.00","2,166.00",,-1.68%
2024-05-08,"2,203.00","2,203.00","2,203.00","2,203.00",,5.76%
2024-05-07,"2,083.00","2,083.00","2,083.00","2,083.00",,11.03%
2024-05-03,"1,876.00","1,876.00","1,876.00","1,876.00",,5.75%
2024-05-02,"1,774.00","1,774.00","1,774.00","1,774.00",,5.09%
2024-05-01,"1,688.00","1,688.00","1,688.00","1,688.00",,0.18%
2024-04-30,"1,685.00","1,685.00","1,685.00","1,685.00",,0.06%
2024-04-29,"1,684.00","1,684.00","1,684.00","1,684.00",,-2.15%
2024-04-26,"1,721.00","1,721.00","1,721.00","1,721.00",,-1.26%
2024-04-25,"1,743.00","1,743.00","1,743.00","1,743.00",,-1.75%
2024-04-24,"1,774.00","1,774.00","1,774.00","1,774.00",,-1.66%
2024-04-23,"1,804.00","1,804.00","1,804.00","1,804.00",,-4.14%
2024-04-22,"1,882.00","1,882.00","1,882.00","1,882.00",,-1.93%
2024-04-19,"1,919.00","1,919.00","1,919.00","1,919.00",,0.95%
2024-04-18,"1,901.00","1,901.00","1,901.00","1,901.00",,3.09%
2024-04-17,"1,844.00","1,844.00","1,844.00","1,844.00",,3.65%
2024-04-16,"1,779.00","1,779.00","1,779.00","1,779.00",,2.83%
2024-04-15,"1,730.00","1,730.00","1,730.00","1,730.00",,0.06%
2024-04-12,"1,729.00","1,729.00","1,729.00","1,729.00",,2.31%
2024-04-11,"1,690.00","1,690.00","1,690.00","1,690.00",,6.49%
2024-04-10,"1,587.00","1,587.00","1,587.00","1,587.00",,1.08%
2024-04-09,"1,570.00","1,570.00","1,570.00","1,570.00",,-1.51%
2024-04-08,"1,594.00","1,594.00","1,594.00","1,594.00",,-2.09%
2024-04-05,"1,628.00","1,628.00","1,628.00","1,628.00",,-2.46%
2024-04-04,"1,669.00","1,669.00","1,669.00","1,669.00",,-2.45%
2024-04-03,"1,711.00","1,711.00","1,711.00","1,711.00",,-0.18%
2024-04-02,"1,714.00","1,714.00","1,714.00","1,714.00",,-5.88%
2024-03-28,"1,821.00","1,821.00","1,821.00","1,821.00",,-1.30%
2024-03-27,"1,845.00","1,845.00","1,845.00","1,845.00",,-7.24%
2024-03-26,"1,989.00","1,989.00","1,989.00","1,989.00",,-6.31%
2024-03-25,"2,123.00","2,123.00","2,123.00","2,123.00",,-3.32%
2024-03-22,"2,196.00","2,196.00","2,196.00","2,196.00",,-1.96%
2024-03-21,"2,240.00","2,240.00","2,240.00","2,240.00",,-1.93%
2024-03-20,"2,284.00","2,284.00","2,284.00","2,284.00",,-4.52%
2024-03-19,"2,392.00","2,392.00","2,392.00","2,392.00",,-1.12%
2024-03-18,"2,419.00","2,419.00","2,419.00","2,419.00",,1.90%
2024-03-15,"2,374.00","2,374.00","2,374.00","2,374.00",,1.02%
2024-03-14,"2,350.00","2,350.00","2,350.00","2,350.00",,-0.84%
2024-03-13,"2,370.00","2,370.00","2,370.00","2,370.00",,2.38%
2024-03-12,"2,315.00","2,315.00","2,315.00","2,315.00",,-2.61%
2024-03-11,"2,377.00","2,377.00","2,377.00","2,377.00",,1.36%
2024-03-08,"2,345.00","2,345.00","2,345.00","2,345.00",,4.18%
2024-03-07,"2,251.00","2,251.00","2,251.00","2,251.00",,3.45%
2024-03-06,"2,176.00","2,176.00","2,176.00","2,176.00",,-5.02%
2024-03-05,"2,291.00","2,291.00","2,291.00","2,291.00",,-0.26%
2024-03-04,"2,297.00","2,297.00","2,297.00","2,297.00",,4.27%
2024-03-01,"2,203.00","2,203.00","2,203.00","2,203.00",,4.36%
2024-02-29,"2,111.00","2,111.00","2,111.00","2,111.00",,3.43%
2024-02-28,"2,041.00","2,041.00","2,041.00","2,041.00",,7.48%
2024-02-27,"1,899.00","1,899.00","1,899.00","1,899.00",,1.50%
2024-02-26,"1,871.00","1,871.00","1,871.00","1,871.00",,0.27%
2024-02-23,"1,866.00","1,866.00","1,866.00","1,866.00",,6.51%
2024-02-22,"1,752.00","1,752.00","1,752.00","1,752.00",,4.53%
2024-02-21,"1,676.00","1,676.00","1,676.00","1,676.00",,2.70%
2024-02-20,"1,632.00","1,632.00","1,632.00","1,632.00",,0.18%
2024-02-19,"1,629.00","1,629.00","1,629.00","1,629.00",,1.18%
2024-02-16,"1,610.00","1,610.00","1,610.00","1,610.00",,1.83%
2024-02-15,"1,581.00","1,581.00","1,581.00","1,581.00",,-0.06%
2024-02-14,"1,582.00","1,582.00","1,582.00","1,582.00",,-0.19%
2024-02-13,"1,585.00","1,585.00","1,585.00","1,585.00",,0.83%
2024-02-12,"1,572.00","1,572.00","1,572.00","1,572.00",,1.75%
2024-02-09,"1,545.00","1,545.00","1,545.00","1,545.00",,4.89%
2024-02-08,"1,473.00","1,473.00","1,473.00","1,473.00",,-0.94%
2024-02-07,"1,487.00","1,487.00","1,487.00","1,487.00",,-1.91%
2024-02-06,"1,516.00","1,516.00","1,516.00","1,516.00",,5.57%
2024-02-05,"1,436.00","1,436.00","1,436.00","1,436.00",,2.06%
2024-02-02,"1,407.00","1,407.00","1,407.00","1,407.00",,1.37%
2024-02-01,"1,388.00","1,388.00","1,388.00","1,388.00",,-0.72%
2024-01-31,"1,398.00","1,398.00","1,398.00","1,398.00",,0.07%
2024-01-30,"1,397.00","1,397.00","1,397.00","1,397.00",,-4.32%
2024-01-29,"1,460.00","1,460.00","1,460.00","1,460.00",,-3.82%
2024-01-26,"1,518.00","1,518.00","1,518.00","1,518.00",,1.27%
2024-01-25,"1,499.00","1,499.00","1,499.00","1,499.00",,-0.53%
2024-01-24,"1,507.00","1,507.00","1,507.00","1,507.00",,2.31%
2024-01-23,"1,473.00","1,473.00","1,473.00","1,473.00",,-2.96%
2024-01-22,"1,518.00","1,518.00","1,518.00","1,518.00",,1.00%
2024-01-19,"1,503.00","1,503.00","1,503.00","1,503.00",,10.76%
2024-01-18,"1,357.00","1,357.00","1,357.00","1,357.00",,3.75%
2024-01-17,"1,308.00","1,308.00","1,308.00","1,308.00",,-1.21%
2024-01-16,"1,324.00","1,324.00","1,324.00","1,324.00",,-2.65%
2024-01-15,"1,360.00","1,360.00","1,360.00","1,360.00",,-6.85%
2024-01-12,"1,460.00","1,460.00","1,460.00","1,460.00",,-6.05%
2024-01-11,"1,554.00","1,554.00","1,554.00","1,554.00",,-6.61%
2024-01-10,"1,664.00","1,664.00","1,664.00","1,664.00",,-11.25%
2024-01-09,"1,875.00","1,875.00","1,875.00","1,875.00",,-7.27%
2024-01-08,"2,022.00","2,022.00","2,022.00","2,022.00",,-4.17%
2024-01-05,"2,110.00","2,110.00","2,110.00","2,110.00",,1.15%
2024-01-04,"2,086.00","2,086.00","2,086.00","2,086.00",,-0.24%
2024-01-03,"2,091.00","2,091.00","2,091.00","2,091.00",,-0.10%
2024-01-02,"2,093.00","2,093.00","2,093.00","2,093.00",,-0.05%
2023-12-22,"2,094.00","2,094.00","2,094.00","2,094.00",,0.34%
2023-12-21,"2,087.00","2,087.00","2,087.00","2,087.00",,-2.93%
2023-12-20,"2,150.00","2,150.00","2,150.00","2,150.00",,-3.11%
2023-12-19,"2,219.00","2,219.00","2,219.00","2,219.00",,-3.02%
2023-12-18,"2,288.00","2,288.00","2,288.00","2,288.00",,-2.56%
2023-12-15,"2,348.00","2,348.00","2,348.00","2,348.00",,-2.61%
2023-12-14,"2,411.00","2,411.00","2,411.00","2,411.00",,-1.11%
2023-12-13,"2,438.00","2,438.00","2,438.00","2,438.00",,-4.43%
2023-12-12,"2,551.00","2,551.00","2,551.00","2,551.00",,1.67%
2023-12-11,"2,509.00","2,509.00","2,509.00","2,509.00",,1.05%
2023-12-08,"2,483.00","2,483.00","2,483.00","2,483.00",,-0.48%
2023-12-07,"2,495.00","2,495.00","2,495.00","2,495.00",,-12.39%
2023-12-06,"2,848.00","2,848.00","2,848.00","2,848.00",,-9.39%
2023-12-05,"3,143.00","3,143.00","3,143.00","3,143.00",,-6.07%
2023-12-04,"3,346.00","3,346.00","3,346.00","3,346.00",,4.82%
2023-12-01,"3,192.00","3,192.00","3,192.00","3,192.00",,8.68%
2023-11-30,"2,937.00","2,937.00","2,937.00","2,937.00",,8.94%
2023-11-29,"2,696.00","2,696.00","2,696.00","2,696.00",,12.76%
2023-11-28,"2,391.00","2,391.00","2,391.00","2,391.00",,5.84%
2023-11-27,"2,259.00","2,259.00","2,259.00","2,259.00",,7.47%
2023-11-24,"2,102.00","2,102.00","2,102.00","2,102.00",,13.32%
2023-11-23,"1,855.00","1,855.00","1,855.00","1,855.00",,5.70%
2023-11-22,"1,755.00","1,755.00","1,755.00","1,755.00",,-2.28%
2023-11-21,"1,796.00","1,796.00","1,796.00","1,796.00",,-1.16%
2023-11-20,"1,817.00","1,817.00","1,817.00","1,817.00",,-0.16%
2023-11-17,"1,820.00","1,820.00","1,820.00","1,820.00",,3.53%
2023-11-16,"1,758.00","1,758.00","1,758.00","1,758.00",,4.15%
2023-11-15,"1,688.00","1,688.00","1,688.00","1,688.00",,1.56%
2023-11-14,"1,662.00","1,662.00","1,662.00","1,662.00",,0.42%
2023-11-13,"1,655.00","1,655.00","1,655.00","1,655.00",,0.73%
2023-11-10,"1,643.00","1,643.00","1,643.00","1,643.00",,2.82%
2023-11-09,"1,598.00","1,598.00","1,598.00","1,598.00",,4.44%
2023-11-08,"1,530.00","1,530.00","1,530.00","1,530.00",,-1.86%
2023-11-07,"1,559.00","1,559.00","1,559.00","1,559.00",,2.36%
2023-11-06,"1,523.00","1,523.00","1,523.00","1,523.00",,4.17%
2023-11-03,"1,462.00","1,462.00","1,462.00","1,462.00",,5.56%
2023-11-02,"1,385.00","1,385.00","1,385.00","1,385.00",,-1.14%
2023-11-01,"1,401.00","1,401.00","1,401.00","1,401.00",,-3.98%
2023-10-31,"1,459.00","1,459.00","1,459.00","1,459.00",,-2.86%
2023-10-30,"1,502.00","1,502.00","1,502.00","1,502.00",,-3.90%
2023-10-27,"1,563.00","1,563.00","1,563.00","1,563.00",,-5.96%
2023-10-26,"1,662.00","1,662.00","1,662.00","1,662.00",,-9.28%
2023-10-25,"1,832.00","1,832.00","1,832.00","1,832.00",,-6.00%
2023-10-24,"1,949.00","1,949.00","1,949.00","1,949.00",,-3.37%
2023-10-23,"2,017.00","2,017.00","2,017.00","2,017.00",,-1.42%
2023-10-20,"2,046.00","2,046.00","2,046.00","2,046.00",,-1.21%
2023-10-19,"2,071.00","2,071.00","2,071.00","2,071.00",,-1.62%
2023-10-18,"2,105.00","2,105.00","2,105.00","2,105.00",,2.28%
2023-10-17,"2,058.00","2,058.00","2,058.00","2,058.00",,4.36%
2023-10-16,"1,972.00","1,972.00","1,972.00","1,972.00",,1.39%
2023-10-13,"1,945.00","1,945.00","1,945.00","1,945.00",,0.52%
2023-10-12,"1,935.00","1,935.00","1,935.00","1,935.00",,-0.67%
2023-10-11,"1,948.00","1,948.00","1,948.00","1,948.00",,-1.77%
2023-10-10,"1,983.00","1,983.00","1,983.00","1,983.00",,-0.40%
2023-10-09,"1,991.00","1,991.00","1,991.00","1,991.00",,3.21%
2023-10-06,"1,929.00","1,929.00","1,929.00","1,929.00",,5.58%
2023-10-05,"1,827.00","1,827.00","1,827.00","1,827.00",,2.76%
2023-10-04,"1,778.00","1,778.00","1,778.00","1,778.00",,-0.11%
2023-10-03,"1,780.00","1,780.00","1,780.00","1,780.00",,2.48%
2023-10-02,"1,737.00","1,737.00","1,737.00","1,737.00",,2.12%
2023-09-29,"1,701.00","1,701.00","1,701.00","1,701.00",,-0.87%
2023-09-28,"1,716.00","1,716.00","1,716.00","1,716.00",,-2.05%
2023-09-27,"1,752.00","1,752.00","1,752.00","1,752.00",,3.42%
2023-09-26,"1,694.00","1,694.00","1,694.00","1,694.00",,4.96%
2023-09-25,"1,614.00","1,614.00","1,614.00","1,614.00",,1.32%
2023-09-22,"1,593.00","1,593.00","1,593.00","1,593.00",,1.53%
2023-09-21,"1,569.00","1,569.00","1,569.00","1,569.00",,-0.95%
2023-09-20,"1,584.00","1,584.00","1,584.00","1,584.00",,3.80%
2023-09-19,"1,526.00","1,526.00","1,526.00","1,526.00",,6.05%
2023-09-18,"1,439.00","1,439.00","1,439.00","1,439.00",,4.20%
2023-09-15,"1,381.00","1,381.00","1,381.00","1,381.00",,3.06%
2023-09-14,"1,340.00","1,340.00","1,340.00","1,340.00",,3.88%
2023-09-13,"1,290.00","1,290.00","1,290.00","1,290.00",,4.45%
2023-09-12,"1,235.00","1,235.00","1,235.00","1,235.00",,2.15%
2023-09-11,"1,209.00","1,209.00","1,209.00","1,209.00",,1.94%
2023-09-08,"1,186.00","1,186.00","1,186.00","1,186.00",,3.94%
2023-09-07,"1,141.00","1,141.00","1,141.00","1,141.00",,5.55%
2023-09-06,"1,081.00","1,081.00","1,081.00","1,081.00",,1.69%
2023-09-05,"1,063.00","1,063.00","1,063.00","1,063.00",,-1.85%
2023-09-04,"1,083.00","1,083.00","1,083.00","1,083.00",,1.69%
2023-09-01,"1,065.00","1,065.00","1,065.00","1,065.00",,-1.93%
2023-08-31,"1,086.00","1,086.00","1,086.00","1,086.00",,-0.73%
2023-08-30,"1,094.00","1,094.00","1,094.00","1,094.00",,-1.17%
2023-08-29,"1,107.00","1,107.00","1,107.00","1,107.00",,2.50%
2023-08-25,"1,080.00","1,080.00","1,080.00","1,080.00",,-2.70%
2023-08-24,"1,110.00","1,110.00","1,110.00","1,110.00",,-3.56%
2023-08-23,"1,151.00","1,151.00","1,151.00","1,151.00",,-3.60%
2023-08-22,"1,194.00","1,194.00","1,194.00","1,194.00",,-2.37%
2023-08-21,"1,223.00","1,223.00","1,223.00","1,223.00",,-1.13%
2023-08-18,"1,237.00","1,237.00","1,237.00","1,237.00",,-0.80%
2023-08-17,"1,247.00","1,247.00","1,247.00","1,247.00",,1.14%
2023-08-16,"1,233.00","1,233.00","1,233.00","1,233.00",,5.75%
2023-08-15,"1,166.00","1,166.00","1,166.00","1,166.00",,2.73%
2023-08-14,"1,135.00","1,135.00","1,135.00","1,135.00",,0.53%
2023-08-11,"1,129.00","1,129.00","1,129.00","1,129.00",,-0.70%
2023-08-10,"1,137.00","1,137.00","1,137.00","1,137.00",,-0.61%
2023-08-09,"1,144.00","1,144.00","1,144.00","1,144.00",,0.18%
2023-08-08,"1,142.00","1,142.00","1,142.00","1,142.00",,-0.26%
2023-08-07,"1,145.00","1,145.00","1,145.00","1,145.00",,0.79%
2023-08-04,"1,136.00","1,136.00","1,136.00","1,136.00",,0.71%
2023-08-03,"1,128.00","1,128.00","1,128.00","1,128.00",,0.45%
2023-08-02,"1,123.00","1,123.00","1,123.00","1,123.00",,-2.35%
2023-08-01,"1,150.00","1,150.00","1,150.00","1,150.00",,2.04%
2023-07-31,"1,127.00","1,127.00","1,127.00","1,127.00",,1.53%
2023-07-28,"1,110.00","1,110.00","1,110.00","1,110.00",,1.19%
2023-07-27,"1,097.00","1,097.00","1,097.00","1,097.00",,2.81%
2023-07-26,"1,067.00","1,067.00","1,067.00","1,067.00",,10.91%
2023-07-25,962.00,962.00,962.00,962.00,,-0.52%
2023-07-24,967.00,967.00,967.00,967.00,,-1.12%
2023-07-21,978.00,978.00,978.00,978.00,,0.10%
2023-07-20,977.00,977.00,977.00,977.00,,-2.69%
2023-07-19,"1,004.00","1,004.00","1,004.00","1,004.00",,-3.18%
2023-07-18,"1,037.00","1,037.00","1,037.00","1,037.00",,-3.36%
2023-07-17,"1,073.00","1,073.00","1,073.00","1,073.00",,-1.56%
2023-07-14,"1,090.00","1,090.00","1,090.00","1,090.00",,-1.18%
2023-07-13,"1,103.00","1,103.00","1,103.00","1,103.00",,1.38%
2023-07-12,"1,088.00","1,088.00","1,088.00","1,088.00",,5.43%
2023-07-11,"1,032.00","1,032.00","1,032.00","1,032.00",,0.78%
2023-07-10,"1,024.00","1,024.00","1,024.00","1,024.00",,1.49%
2023-07-07,"1,009.00","1,009.00","1,009.00","1,009.00",,1.61%
2023-07-06,993.00,993.00,993.00,993.00,,-0.10%
2023-07-05,994.00,994.00,994.00,994.00,,-4.79%
2023-07-04,"1,044.00","1,044.00","1,044.00","1,044.00",,-2.25%
2023-07-03,"1,068.00","1,068.00","1,068.00","1,068.00",,-2.11%
2023-06-30,"1,091.00","1,091.00","1,091.00","1,091.00",,-1.89%
2023-06-29,"1,112.00","1,112.00","1,112.00","1,112.00",,-2.28%
2023-06-28,"1,138.00","1,138.00","1,138.00","1,138.00",,-3.80%
2023-06-27,"1,183.00","1,183.00","1,183.00","1,183.00",,-4.06%
2023-06-26,"1,233.00","1,233.00","1,233.00","1,233.00",,-0.56%
2023-06-23,"1,240.00","1,240.00","1,240.00","1,240.00",,1.97%
2023-06-22,"1,216.00","1,216.00","1,216.00","1,216.00",,6.85%
2023-06-21,"1,138.00","1,138.00","1,138.00","1,138.00",,5.57%
2023-06-20,"1,078.00","1,078.00","1,078.00","1,078.00",,1.22%
2023-06-19,"1,065.00","1,065.00","1,065.00","1,065.00",,-1.02%
2023-06-16,"1,076.00","1,076.00","1,076.00","1,076.00",,-1.65%
2023-06-15,"1,094.00","1,094.00","1,094.00","1,094.00",,1.39%
2023-06-14,"1,079.00","1,079.00","1,079.00","1,079.00",,0.47%
2023-06-13,"1,074.00","1,074.00","1,074.00","1,074.00",,1.70%
2023-06-12,"1,056.00","1,056.00","1,056.00","1,056.00",,0.09%
2023-06-09,"1,055.00","1,055.00","1,055.00","1,055.00",,1.44%
2023-06-08,"1,040.00","1,040.00","1,040.00","1,040.00",,1.96%
2023-06-07,"1,020.00","1,020.00","1,020.00","1,020.00",,0.39%
2023-06-06,"1,016.00","1,016.00","1,016.00","1,016.00",,8.20%
2023-06-05,939.00,939.00,939.00,939.00,,2.18%
2023-06-02,919.00,919.00,919.00,919.00,,-1.92%
2023-06-01,937.00,937.00,937.00,937.00,,-4.09%
2023-05-31,977.00,977.00,977.00,977.00,,-13.00%
2023-05-30,"1,123.00","1,123.00","1,123.00","1,123.00",,-4.18%
2023-05-26,"1,172.00","1,172.00","1,172.00","1,172.00",,-3.54%
2023-05-25,"1,215.00","1,215.00","1,215.00","1,215.00",,-6.18%
2023-05-24,"1,295.00","1,295.00","1,295.00","1,295.00",,-3.93%
2023-05-23,"1,348.00","1,348.00","1,348.00","1,348.00",,-1.25%
2023-05-22,"1,365.00","1,365.00","1,365.00","1,365.00",,-1.37%
2023-05-19,"1,384.00","1,384.00","1,384.00","1,384.00",,-1.28%
2023-05-18,"1,402.00","1,402.00","1,402.00","1,402.00",,-1.61%
2023-05-17,"1,425.00","1,425.00","1,425.00","1,425.00",,-3.46%
2023-05-16,"1,476.00","1,476.00","1,476.00","1,476.00",,-3.02%
2023-05-15,"1,522.00","1,522.00","1,522.00","1,522.00",,-2.31%
2023-05-12,"1,558.00","1,558.00","1,558.00","1,558.00",,-3.11%
2023-05-11,"1,608.00","1,608.00","1,608.00","1,608.00",,-1.95%
2023-05-10,"1,640.00","1,640.00","1,640.00","1,640.00",,2.63%
2023-05-09,"1,598.00","1,598.00","1,598.00","1,598.00",,2.57%
2023-05-05,"1,558.00","1,558.00","1,558.00","1,558.00",,0.84%
2023-05-04,"1,545.00","1,545.00","1,545.00","1,545.00",,-0.83%
2023-05-03,"1,558.00","1,558.00","1,558.00","1,558.00",,0.39%
2023-05-02,"1,552.00","1,552.00","1,552.00","1,552.00",,-1.52%
2023-04-28,"1,576.00","1,576.00","1,576.00","1,576.00",,-0.32%
2023-04-27,"1,581.00","1,581.00","1,581.00","1,581.00",,2.93%
2023-04-26,"1,536.00","1,536.00","1,536.00","1,536.00",,1.72%
2023-04-25,"1,510.00","1,510.00","1,510.00","1,510.00",,-0.46%
2023-04-24,"1,517.00","1,517.00","1,517.00","1,517.00",,0.86%
2023-04-21,"1,504.00","1,504.00","1,504.00","1,504.00",,5.03%
2023-04-20,"1,432.00","1,432.00","1,432.00","1,432.00",,4.37%
2023-04-19,"1,372.00","1,372.00","1,372.00","1,372.00",,0.29%
2023-04-18,"1,368.00","1,368.00","1,368.00","1,368.00",,-3.12%
2023-04-17,"1,412.00","1,412.00","1,412.00","1,412.00",,-1.60%
2023-04-14,"1,435.00","1,435.00","1,435.00","1,435.00",,-1.91%
2023-04-13,"1,463.00","1,463.00","1,463.00","1,463.00",,0.00%
2023-04-12,"1,463.00","1,463.00","1,463.00","1,463.00",,-2.92%
2023-04-11,"1,507.00","1,507.00","1,507.00","1,507.00",,-3.40%
2023-04-06,"1,560.00","1,560.00","1,560.00","1,560.00",,2.30%
2023-04-05,"1,525.00","1,525.00","1,525.00","1,525.00",,3.53%
2023-04-04,"1,473.00","1,473.00","1,473.00","1,473.00",,4.32%
2023-04-03,"1,412.00","1,412.00","1,412.00","1,412.00",,1.66%
2023-03-31,"1,389.00","1,389.00","1,389.00","1,389.00",,-1.00%
2023-03-30,"1,403.00","1,403.00","1,403.00","1,403.00",,-0.28%
2023-03-29,"1,407.00","1,407.00","1,407.00","1,407.00",,0.36%
2023-03-28,"1,402.00","1,402.00","1,402.00","1,402.00",,-3.71%
2023-03-27,"1,456.00","1,456.00","1,456.00","1,456.00",,-2.22%
2023-03-24,"1,489.00","1,489.00","1,489.00","1,489.00",,0.34%
2023-03-23,"1,484.00","1,484.00","1,484.00","1,484.00",,1.92%
2023-03-22,"1,456.00","1,456.00","1,456.00","1,456.00",,-3.70%
2023-03-21,"1,512.00","1,512.00","1,512.00","1,512.00",,-1.95%
2023-03-20,"1,542.00","1,542.00","1,542.00","1,542.00",,0.46%
2023-03-17,"1,535.00","1,535.00","1,535.00","1,535.00",,-1.60%
2023-03-16,"1,560.00","1,560.00","1,560.00","1,560.00",,-2.68%
2023-03-15,"1,603.00","1,603.00","1,603.00","1,603.00",,1.01%
2023-03-14,"1,587.00","1,587.00","1,587.00","1,587.00",,8.33%
2023-03-13,"1,465.00","1,465.00","1,465.00","1,465.00",,2.88%
2023-03-10,"1,424.00","1,424.00","1,424.00","1,424.00",,3.26%
2023-03-09,"1,379.00","1,379.00","1,379.00","1,379.00",,3.92%
2023-03-08,"1,327.00","1,327.00","1,327.00","1,327.00",,2.23%
2023-03-07,"1,298.00","1,298.00","1,298.00","1,298.00",,3.18%
2023-03-06,"1,258.00","1,258.00","1,258.00","1,258.00",,3.88%
2023-03-03,"1,211.00","1,211.00","1,211.00","1,211.00",,5.76%
2023-03-02,"1,145.00","1,145.00","1,145.00","1,145.00",,4.19%
2023-03-01,"1,099.00","1,099.00","1,099.00","1,099.00",,11.01%
2023-02-28,990.00,990.00,990.00,990.00,,5.88%
2023-02-27,935.00,935.00,935.00,935.00,,5.89%
2023-02-24,883.00,883.00,883.00,883.00,,8.21%
2023-02-23,816.00,816.00,816.00,816.00,,21.07%
2023-02-22,674.00,674.00,674.00,674.00,,13.47%
2023-02-21,594.00,594.00,594.00,594.00,,7.61%
2023-02-20,552.00,552.00,552.00,552.00,,2.60%
2023-02-17,538.00,538.00,538.00,538.00,,1.51%
2023-02-16,530.00,530.00,530.00,530.00,,-2.03%
2023-02-15,541.00,541.00,541.00,541.00,,-3.91%
2023-02-14,563.00,563.00,563.00,563.00,,-8.60%
2023-02-13,616.00,616.00,616.00,616.00,,2.33%
2023-02-10,602.00,602.00,602.00,602.00,,1.69%
2023-02-09,592.00,592.00,592.00,592.00,,-1.82%
2023-02-08,603.00,603.00,603.00,603.00,,0.33%
2023-02-07,601.00,601.00,601.00,601.00,,-1.15%
2023-02-06,608.00,608.00,608.00,608.00,,-2.09%
2023-02-03,621.00,621.00,621.00,621.00,,-2.97%
2023-02-02,640.00,640.00,640.00,640.00,,-4.19%
2023-02-01,668.00,668.00,668.00,668.00,,-1.91%
2023-01-31,681.00,681.00,681.00,681.00,,0.15%
2023-01-30,680.00,680.00,680.00,680.00,,0.59%
2023-01-27,676.00,676.00,676.00,676.00,,-0.15%
2023-01-26,677.00,677.00,677.00,677.00,,-3.70%
2023-01-25,703.00,703.00,703.00,703.00,,-2.50%
2023-01-24,721.00,721.00,721.00,721.00,,-2.57%
2023-01-23,740.00,740.00,740.00,740.00,,-3.01%
2023-01-20,763.00,763.00,763.00,763.00,,-4.74%
2023-01-19,801.00,801.00,801.00,801.00,,-8.35%
2023-01-18,874.00,874.00,874.00,874.00,,-5.10%
2023-01-17,921.00,921.00,921.00,921.00,,-2.64%
2023-01-16,946.00,946.00,946.00,946.00,,0.00%
2023-01-13,946.00,946.00,946.00,946.00,,-3.07%
2023-01-12,976.00,976.00,976.00,976.00,,-6.42%
2023-01-11,"1,043.00","1,043.00","1,043.00","1,043.00",,-4.84%
2023-01-10,"1,096.00","1,096.00","1,096.00","1,096.00",,-3.78%
2023-01-09,"1,139.00","1,139.00","1,139.00","1,139.00",,0.80%
2023-01-06,"1,130.00","1,130.00","1,130.00","1,130.00",,-1.40%
2023-01-05,"1,146.00","1,146.00","1,146.00","1,146.00",,-2.55%
2023-01-04,"1,176.00","1,176.00","1,176.00","1,176.00",,-5.92%
2023-01-03,"1,250.00","1,250.00","1,250.00","1,250.00",,-17.49%
2022-12-23,"1,515.00","1,515.00","1,515.00","1,515.00",,-8.18%
2022-12-22,"1,650.00","1,650.00","1,650.00","1,650.00",,-4.24%
2022-12-21,"1,723.00","1,723.00","1,723.00","1,723.00",,7.96%
2022-12-20,"1,596.00","1,596.00","1,596.00","1,596.00",,3.10%
2022-12-19,"1,548.00","1,548.00","1,548.00","1,548.00",,-0.77%
2022-12-16,"1,560.00","1,560.00","1,560.00","1,560.00",,2.09%
2022-12-15,"1,528.00","1,528.00","1,528.00","1,528.00",,9.06%
2022-12-14,"1,401.00","1,401.00","1,401.00","1,401.00",,3.24%
2022-12-13,"1,357.00","1,357.00","1,357.00","1,357.00",,-0.29%
2022-12-12,"1,361.00","1,361.00","1,361.00","1,361.00",,-1.80%
2022-12-09,"1,386.00",0.00,0.00,0.00,,0.07%
2022-12-08,"1,385.00","1,385.00","1,385.00","1,385.00",,0.87%
2022-12-07,"1,373.00","1,373.00","1,373.00","1,373.00",,2.46%
2022-12-06,"1,340.00","1,340.00","1,340.00","1,340.00",,1.28%
2022-12-05,"1,323.00","1,323.00","1,323.00","1,323.00",,-0.08%
2022-12-02,"1,324.00","1,324.00","1,324.00","1,324.00",,-1.05%
2022-12-01,"1,338.00","1,338.00","1,338.00","1,338.00",,-1.25%
2022-11-30,"1,355.00","1,355.00","1,355.00","1,355.00",,2.11%
2022-11-29,"1,327.00","1,327.00","1,327.00","1,327.00",,-1.48%
2022-11-28,"1,347.00","1,347.00","1,347.00","1,347.00",,1.74%
2022-11-25,"1,324.00","1,324.00","1,324.00","1,324.00",,6.60%
2022-11-24,"1,242.00","1,242.00","1,242.00","1,242.00",,4.90%
2022-11-23,"1,184.00","1,184.00","1,184.00","1,184.00",,3.05%
2022-11-22,"1,149.00","1,149.00","1,149.00","1,149.00",,-2.38%
2022-11-21,"1,177.00","1,177.00","1,177.00","1,177.00",,-1.01%
2022-11-18,"1,189.00","1,189.00","1,189.00","1,189.00",,-3.18%
2022-11-17,"1,228.00","1,228.00","1,228.00","1,228.00",,-4.66%
2022-11-16,"1,288.00","1,288.00","1,288.00","1,288.00",,-0.92%
2022-11-15,"1,300.00","1,300.00","1,300.00","1,300.00",,-1.89%
2022-11-14,"1,325.00","1,325.00","1,325.00","1,325.00",,-2.21%
2022-11-11,"1,355.00","1,355.00","1,355.00","1,355.00",,-2.52%
2022-11-10,"1,390.00","1,390.00","1,390.00","1,390.00",,-0.22%
2022-11-09,"1,393.00","1,393.00","1,393.00","1,393.00",,2.73%
2022-11-08,"1,356.00","1,356.00","1,356.00","1,356.00",,1.42%
2022-11-07,"1,337.00","1,337.00","1,337.00","1,337.00",,1.06%
2022-11-04,"1,323.00","1,323.00","1,323.00","1,323.00",,2.56%
2022-11-03,"1,290.00","1,290.00","1,290.00","1,290.00",,-2.35%
2022-11-02,"1,321.00","1,321.00","1,321.00","1,321.00",,-4.07%
2022-11-01,"1,377.00","1,377.00","1,377.00","1,377.00",,-5.88%
2022-10-31,"1,463.00","1,463.00","1,463.00","1,463.00",,-4.63%
2022-10-28,"1,534.00","1,534.00","1,534.00","1,534.00",,-4.84%
2022-10-27,"1,612.00","1,612.00","1,612.00","1,612.00",,-5.51%
2022-10-26,"1,706.00","1,706.00","1,706.00","1,706.00",,-2.79%
2022-10-25,"1,755.00","1,755.00","1,755.00","1,755.00",,-2.34%
2022-10-24,"1,797.00","1,797.00","1,797.00","1,797.00",,-1.21%
2022-10-21,"1,819.00","1,819.00","1,819.00","1,819.00",,-0.98%
2022-10-20,"1,837.00","1,837.00","1,837.00","1,837.00",,-1.82%
2022-10-19,"1,871.00","1,871.00","1,871.00","1,871.00",,-0.21%
2022-10-18,"1,875.00","1,875.00","1,875.00","1,875.00",,1.74%
2022-10-17,"1,843.00","1,843.00","1,843.00","1,843.00",,0.27%
2022-10-14,"1,838.00","1,838.00","1,838.00","1,838.00",,1.10%
2022-10-13,"1,818.00","1,818.00","1,818.00","1,818.00",,-2.94%
2022-10-12,"1,873.00","1,873.00","1,873.00","1,873.00",,-1.63%
2022-10-11,"1,904.00","1,904.00","1,904.00","1,904.00",,-2.06%
2022-10-10,"1,944.00","1,944.00","1,944.00","1,944.00",,-0.87%
2022-10-07,"1,961.00","1,961.00","1,961.00","1,961.00",,-1.56%
2022-10-06,"1,992.00","1,992.00","1,992.00","1,992.00",,-0.20%
2022-10-05,"1,996.00","1,996.00","1,996.00","1,996.00",,7.02%
2022-10-04,"1,865.00","1,865.00","1,865.00","1,865.00",,4.31%
2022-10-03,"1,788.00","1,788.00","1,788.00","1,788.00",,1.59%
2022-09-30,"1,760.00","1,760.00","1,760.00","1,760.00",,0.17%
2022-09-29,"1,757.00","1,757.00","1,757.00","1,757.00",,-2.33%
2022-09-28,"1,799.00","1,799.00","1,799.00","1,799.00",,-0.44%
2022-09-27,"1,807.00","1,807.00","1,807.00","1,807.00",,-0.33%
2022-09-26,"1,813.00","1,813.00","1,813.00","1,813.00",,-0.17%
2022-09-23,"1,816.00","1,816.00","1,816.00","1,816.00",,5.58%
2022-09-22,"1,720.00","1,720.00","1,720.00","1,720.00",,-1.49%
2022-09-21,"1,746.00","1,746.00","1,746.00","1,746.00",,0.98%
2022-09-20,"1,729.00","1,729.00","1,729.00","1,729.00",,11.33%
2022-09-16,"1,553.00","1,553.00","1,553.00","1,553.00",,-3.66%
2022-09-15,"1,612.00","1,612.00","1,612.00","1,612.00",,1.07%
2022-09-14,"1,595.00","1,595.00","1,595.00","1,595.00",,13.28%
2022-09-13,"1,408.00","1,408.00","1,408.00","1,408.00",,12.10%
2022-09-12,"1,256.00","1,256.00","1,256.00","1,256.00",,3.54%
2022-09-09,"1,213.00","1,213.00","1,213.00","1,213.00",,2.97%
2022-09-08,"1,178.00","1,178.00","1,178.00","1,178.00",,3.97%
2022-09-07,"1,133.00","1,133.00","1,133.00","1,133.00",,1.71%
2022-09-06,"1,114.00","1,114.00","1,114.00","1,114.00",,-1.68%
2022-09-05,"1,133.00","1,133.00","1,133.00","1,133.00",,4.33%
2022-09-02,"1,086.00","1,086.00","1,086.00","1,086.00",,8.38%
2022-09-01,"1,002.00","1,002.00","1,002.00","1,002.00",,3.83%
2022-08-31,965.00,965.00,965.00,965.00,,-5.11%
2022-08-30,"1,017.00","1,017.00","1,017.00","1,017.00",,-6.01%
2022-08-26,"1,082.00","1,082.00","1,082.00","1,082.00",,-3.65%
2022-08-25,"1,123.00","1,123.00","1,123.00","1,123.00",,-7.42%
2022-08-24,"1,213.00","1,213.00","1,213.00","1,213.00",,-4.56%
2022-08-23,"1,271.00","1,271.00","1,271.00","1,271.00",,0.08%
2022-08-22,"1,270.00","1,270.00","1,270.00","1,270.00",,-0.70%
2022-08-19,"1,279.00","1,279.00","1,279.00","1,279.00",,-3.11%
2022-08-18,"1,320.00","1,320.00","1,320.00","1,320.00",,-5.31%
2022-08-17,"1,394.00","1,394.00","1,394.00","1,394.00",,0.50%
2022-08-16,"1,387.00","1,387.00","1,387.00","1,387.00",,-1.21%
2022-08-15,"1,404.00","1,404.00","1,404.00","1,404.00",,-4.94%
2022-08-12,"1,477.00","1,477.00","1,477.00","1,477.00",,-5.08%
2022-08-11,"1,556.00","1,556.00","1,556.00","1,556.00",,-2.26%
2022-08-10,"1,592.00","1,592.00","1,592.00","1,592.00",,1.79%
2022-08-09,"1,564.00","1,564.00","1,564.00","1,564.00",,-0.13%
2022-08-08,"1,566.00","1,566.00","1,566.00","1,566.00",,0.38%
2022-08-05,"1,560.00","1,560.00","1,560.00","1,560.00",,-2.68%
2022-08-04,"1,603.00","1,603.00","1,603.00","1,603.00",,-7.39%
2022-08-03,"1,731.00","1,731.00","1,731.00","1,731.00",,-4.73%
2022-08-02,"1,817.00","1,817.00","1,817.00","1,817.00",,-2.94%
2022-08-01,"1,872.00","1,872.00","1,872.00","1,872.00",,-1.21%
2022-07-29,"1,895.00","1,895.00","1,895.00","1,895.00",,-2.57%
2022-07-28,"1,945.00","1,945.00","1,945.00","1,945.00",,-3.09%
2022-07-27,"2,007.00","2,007.00","2,007.00","2,007.00",,-2.62%
2022-07-26,"2,061.00","2,061.00","2,061.00","2,061.00",,-2.51%
2022-07-25,"2,114.00","2,114.00","2,114.00","2,114.00",,-1.49%
2022-07-22,"2,146.00","2,146.00","2,146.00","2,146.00",,1.32%
2022-07-21,"2,118.00","2,118.00","2,118.00","2,118.00",,0.24%
2022-07-20,"2,113.00","2,113.00","2,113.00","2,113.00",,-1.49%
2022-07-19,"2,145.00","2,145.00","2,145.00","2,145.00",,-0.79%
2022-07-18,"2,162.00","2,162.00","2,162.00","2,162.00",,0.56%
2022-07-15,"2,150.00","2,150.00","2,150.00","2,150.00",,6.97%
2022-07-14,"2,010.00","2,010.00","2,010.00","2,010.00",,0.40%
2022-07-13,"2,002.00","2,002.00","2,002.00","2,002.00",,-0.55%
2022-07-12,"2,013.00","2,013.00","2,013.00","2,013.00",,-3.27%
2022-07-11,"2,081.00","2,081.00","2,081.00","2,081.00",,0.68%
2022-07-08,"2,067.00","2,067.00","2,067.00","2,067.00",,-0.29%
2022-07-07,"2,073.00","2,073.00","2,073.00","2,073.00",,1.47%
2022-07-06,"2,043.00","2,043.00","2,043.00","2,043.00",,-2.62%
2022-07-05,"2,098.00","2,098.00","2,098.00","2,098.00",,-2.83%
2022-07-04,"2,159.00","2,159.00","2,159.00","2,159.00",,-2.48%
2022-07-01,"2,214.00","2,214.00","2,214.00","2,214.00",,-1.16%
2022-06-30,"2,240.00","2,240.00","2,240.00","2,240.00",,2.47%
2022-06-29,"2,186.00","2,186.00","2,186.00","2,186.00",,-0.82%
2022-06-28,"2,204.00","2,204.00","2,204.00","2,204.00",,-3.97%
2022-06-27,"2,295.00","2,295.00","2,295.00","2,295.00",,-1.54%
2022-06-24,"2,331.00","2,331.00","2,331.00","2,331.00",,-0.98%
2022-06-23,"2,354.00","2,354.00","2,354.00","2,354.00",,0.21%
2022-06-22,"2,349.00","2,349.00","2,349.00","2,349.00",,-5.43%
2022-06-21,"2,484.00","2,484.00","2,484.00","2,484.00",,-4.31%
2022-06-20,"2,596.00","2,596.00","2,596.00","2,596.00",,0.70%
2022-06-17,"2,578.00","2,578.00","2,578.00","2,578.00",,4.71%
2022-06-16,"2,462.00","2,462.00","2,462.00","2,462.00",,3.14%
2022-06-15,"2,387.00","2,387.00","2,387.00","2,387.00",,4.51%
2022-06-14,"2,284.00","2,284.00","2,284.00","2,284.00",,1.06%
2022-06-13,"2,260.00","2,260.00","2,260.00","2,260.00",,-2.59%
2022-06-10,"2,320.00","2,320.00","2,320.00","2,320.00",,-0.94%
2022-06-09,"2,342.00","2,342.00","2,342.00","2,342.00",,-2.82%
2022-06-08,"2,410.00","2,410.00","2,410.00","2,410.00",,-4.14%
2022-06-07,"2,514.00","2,514.00","2,514.00","2,514.00",,-1.80%
2022-06-06,"2,560.00","2,560.00","2,560.00","2,560.00",,-2.77%
2022-06-01,"2,633.00","2,633.00","2,633.00","2,633.00",,2.61%
2022-05-31,"2,566.00","2,566.00","2,566.00","2,566.00",,-0.19%
2022-05-30,"2,571.00","2,571.00","2,571.00","2,571.00",,-4.10%
2022-05-27,"2,681.00","2,681.00","2,681.00","2,681.00",,-8.59%
2022-05-26,"2,933.00","2,933.00","2,933.00","2,933.00",,-6.20%
2022-05-25,"3,127.00","3,127.00","3,127.00","3,127.00",,-3.87%
2022-05-24,"3,253.00","3,253.00","3,253.00","3,253.00",,-3.44%
2022-05-23,"3,369.00","3,369.00","3,369.00","3,369.00",,0.75%
2022-05-20,"3,344.00","3,344.00","3,344.00","3,344.00",,1.67%
2022-05-19,"3,289.00","3,289.00","3,289.00","3,289.00",,3.14%
2022-05-18,"3,189.00","3,189.00","3,189.00","3,189.00",,3.04%
2022-05-17,"3,095.00","3,095.00","3,095.00","3,095.00",,0.32%
2022-05-16,"3,085.00","3,085.00","3,085.00","3,085.00",,-0.61%
2022-05-13,"3,104.00","3,104.00","3,104.00","3,104.00",,-0.42%
2022-05-12,"3,117.00","3,117.00","3,117.00","3,117.00",,2.13%
2022-05-11,"3,052.00","3,052.00","3,052.00","3,052.00",,3.84%
2022-05-10,"2,939.00","2,939.00","2,939.00","2,939.00",,3.81%
2022-05-09,"2,831.00","2,831.00","2,831.00","2,831.00",,4.16%
2022-05-06,"2,718.00","2,718.00","2,718.00","2,718.00",,2.80%
2022-05-05,"2,644.00","2,644.00","2,644.00","2,644.00",,6.40%
2022-05-04,"2,485.00","2,485.00","2,485.00","2,485.00",,3.03%
2022-05-03,"2,412.00","2,412.00","2,412.00","2,412.00",,0.33%
2022-04-29,"2,404.00","2,404.00","2,404.00","2,404.00",,0.04%
2022-04-28,"2,403.00","2,403.00","2,403.00","2,403.00",,-0.91%
2022-04-27,"2,425.00","2,425.00","2,425.00","2,425.00",,0.87%
2022-04-26,"2,404.00","2,404.00","2,404.00","2,404.00",,2.04%
2022-04-25,"2,356.00","2,356.00","2,356.00","2,356.00",,2.12%
2022-04-22,"2,307.00","2,307.00","2,307.00","2,307.00",,3.04%
2022-04-21,"2,239.00","2,239.00","2,239.00","2,239.00",,4.53%
2022-04-20,"2,142.00","2,142.00","2,142.00","2,142.00",,1.28%
2022-04-19,"2,115.00","2,115.00","2,115.00","2,115.00",,-1.03%
2022-04-14,"2,137.00","2,137.00","2,137.00","2,137.00",,3.34%
2022-04-13,"2,068.00","2,068.00","2,068.00","2,068.00",,1.62%
2022-04-12,"2,035.00","2,035.00","2,035.00","2,035.00",,0.20%
2022-04-11,"2,031.00","2,031.00","2,031.00","2,031.00",,-1.17%
2022-04-08,"2,055.00","2,055.00","2,055.00","2,055.00",,-0.29%
2022-04-07,"2,061.00","2,061.00","2,061.00","2,061.00",,-3.15%
2022-04-06,"2,128.00","2,128.00","2,128.00","2,128.00",,-3.84%
2022-04-05,"2,213.00","2,213.00","2,213.00","2,213.00",,-4.07%
2022-04-04,"2,307.00","2,307.00","2,307.00","2,307.00",,-2.12%
2022-04-01,"2,357.00","2,357.00","2,357.00","2,357.00",,-0.04%
2022-03-31,"2,358.00","2,358.00","2,358.00","2,358.00",,-0.46%
2022-03-30,"2,369.00","2,369.00","2,369.00","2,369.00",,-1.99%
2022-03-29,"2,417.00","2,417.00","2,417.00","2,417.00",,-2.70%
2022-03-28,"2,484.00","2,484.00","2,484.00","2,484.00",,-2.36%
2022-03-25,"2,544.00","2,544.00","2,544.00","2,544.00",,-0.90%
2022-03-24,"2,567.00","2,567.00","2,567.00","2,567.00",,-0.31%
2022-03-23,"2,575.00","2,575.00","2,575.00","2,575.00",,1.14%
2022-03-22,"2,546.00","2,546.00","2,546.00","2,546.00",,-1.66%
2022-03-21,"2,589.00","2,589.00","2,589.00","2,589.00",,-0.61%
2022-03-18,"2,605.00","2,605.00","2,605.00","2,605.00",,0.66%
2022-03-17,"2,588.00","2,588.00","2,588.00","2,588.00",,-0.12%
2022-03-16,"2,591.00","2,591.00","2,591.00","2,591.00",,-3.64%
2022-03-15,"2,689.00","2,689.00","2,689.00","2,689.00",,-1.39%
2022-03-14,"2,727.00","2,727.00","2,727.00","2,727.00",,0.33%
2022-03-11,"2,718.00","2,718.00","2,718.00","2,718.00",,0.52%
2022-03-10,"2,704.00","2,704.00","2,704.00","2,704.00",,5.71%
2022-03-09,"2,558.00","2,558.00","2,558.00","2,558.00",,8.76%
2022-03-08,"2,352.00","2,352.00","2,352.00","2,352.00",,5.23%
2022-03-07,"2,235.00","2,235.00","2,235.00","2,235.00",,4.05%
2022-03-04,"2,148.00","2,148.00","2,148.00","2,148.00",,2.09%
2022-03-03,"2,104.00","2,104.00","2,104.00","2,104.00",,-1.54%
2022-03-02,"2,137.00","2,137.00","2,137.00","2,137.00",,3.29%
2022-03-01,"2,069.00","2,069.00","2,069.00","2,069.00",,1.42%
2022-02-28,"2,040.00","2,040.00","2,040.00","2,040.00",,-1.73%
2022-02-25,"2,076.00","2,076.00","2,076.00","2,076.00",,-5.08%
2022-02-24,"2,187.00","2,187.00","2,187.00","2,187.00",,-2.54%
2022-02-23,"2,244.00","2,244.00","2,244.00","2,244.00",,4.47%
2022-02-22,"2,148.00","2,148.00","2,148.00","2,148.00",,5.04%
2022-02-21,"2,045.00","2,045.00","2,045.00","2,045.00",,4.12%
2022-02-18,"1,964.00","1,964.00","1,964.00","1,964.00",,4.14%
2022-02-17,"1,886.00","1,886.00","1,886.00","1,886.00",,-0.53%
2022-02-16,"1,896.00","1,896.00","1,896.00","1,896.00",,-3.66%
2022-02-15,"1,968.00","1,968.00","1,968.00","1,968.00",,-0.81%
2022-02-14,"1,984.00","1,984.00","1,984.00","1,984.00",,0.35%
2022-02-11,"1,977.00","1,977.00","1,977.00","1,977.00",,1.91%
2022-02-10,"1,940.00","1,940.00","1,940.00","1,940.00",,13.38%
2022-02-09,"1,711.00","1,711.00","1,711.00","1,711.00",,13.84%
2022-02-08,"1,503.00","1,503.00","1,503.00","1,503.00",,5.70%
2022-02-07,"1,422.00","1,422.00","1,422.00","1,422.00",,-0.07%
2022-02-04,"1,423.00","1,423.00","1,423.00","1,423.00",,-0.14%
2022-02-03,"1,425.00","1,425.00","1,425.00","1,425.00",,0.42%
2022-02-02,"1,419.00","1,419.00","1,419.00","1,419.00",,-1.46%
2022-02-01,"1,440.00","1,440.00","1,440.00","1,440.00",,1.55%
2022-01-31,"1,418.00","1,418.00","1,418.00","1,418.00",,2.68%
2022-01-28,"1,381.00","1,381.00","1,381.00","1,381.00",,6.07%
2022-01-27,"1,302.00","1,302.00","1,302.00","1,302.00",,0.46%
2022-01-26,"1,296.00","1,296.00","1,296.00","1,296.00",,-3.50%
2022-01-25,"1,343.00","1,343.00","1,343.00","1,343.00",,-3.45%
2022-01-24,"1,391.00","1,391.00","1,391.00","1,391.00",,-1.70%
2022-01-21,"1,415.00","1,415.00","1,415.00","1,415.00",,-4.00%
2022-01-20,"1,474.00","1,474.00","1,474.00","1,474.00",,-6.11%
2022-01-19,"1,570.00","1,570.00","1,570.00","1,570.00",,-4.50%
2022-01-18,"1,644.00","1,644.00","1,644.00","1,644.00",,-5.03%
2022-01-17,"1,731.00","1,731.00","1,731.00","1,731.00",,-1.87%
2022-01-14,"1,764.00","1,764.00","1,764.00","1,764.00",,-5.82%
2022-01-13,"1,873.00","1,873.00","1,873.00","1,873.00",,-7.60%
2022-01-12,"2,027.00","2,027.00","2,027.00","2,027.00",,-5.76%
2022-01-11,"2,151.00","2,151.00","2,151.00","2,151.00",,-5.53%
2022-01-10,"2,277.00","2,277.00","2,277.00","2,277.00",,-0.52%
2022-01-07,"2,289.00","2,289.00","2,289.00","2,289.00",,-0.30%
2022-01-06,"2,296.00","2,296.00","2,296.00","2,296.00",,0.31%
2022-01-05,"2,289.00","2,289.00","2,289.00","2,289.00",,0.18%
2022-01-04,"2,285.00","2,285.00","2,285.00","2,285.00",,3.07%
2021-12-24,"2,217.00","2,217.00","2,217.00","2,217.00",,-0.09%
2021-12-23,"2,219.00","2,219.00","2,219.00","2,219.00",,-0.45%
2021-12-22,"2,229.00","2,229.00","2,229.00","2,229.00",,-2.83%
2021-12-21,"2,294.00","2,294.00","2,294.00","2,294.00",,-3.25%
2021-12-20,"2,371.00","2,371.00","2,371.00","2,371.00",,-0.34%
2021-12-17,"2,379.00","2,379.00","2,379.00","2,379.00",,-4.76%
2021-12-16,"2,498.00","2,498.00","2,498.00","2,498.00",,-6.27%
2021-12-15,"2,665.00","2,665.00","2,665.00","2,665.00",,-9.11%
2021-12-14,"2,932.00","2,932.00","2,932.00","2,932.00",,-8.83%
2021-12-13,"3,216.00","3,216.00","3,216.00","3,216.00",,-1.71%
2021-12-10,"3,272.00","3,272.00","3,272.00","3,272.00",,-2.12%
2021-12-09,"3,343.00","3,343.00","3,343.00","3,343.00",,-2.34%
2021-12-08,"3,423.00","3,423.00","3,423.00","3,423.00",,2.12%
2021-12-07,"3,352.00","3,352.00","3,352.00","3,352.00",,3.62%
2021-12-06,"3,235.00","3,235.00","3,235.00","3,235.00",,2.02%
2021-12-03,"3,171.00","3,171.00","3,171.00","3,171.00",,1.80%
2021-12-02,"3,115.00","3,115.00","3,115.00","3,115.00",,2.23%
2021-12-01,"3,047.00","3,047.00","3,047.00","3,047.00",,0.96%
2021-11-30,"3,018.00","3,018.00","3,018.00","3,018.00",,4.76%
2021-11-29,"2,881.00","2,881.00","2,881.00","2,881.00",,4.12%
2021-11-26,"2,767.00","2,767.00","2,767.00","2,767.00",,3.32%
2021-11-25,"2,678.00","2,678.00","2,678.00","2,678.00",,0.90%
2021-11-24,"2,654.00","2,654.00","2,654.00","2,654.00",,-2.25%
2021-11-23,"2,715.00","2,715.00","2,715.00","2,715.00",,2.65%
2021-11-22,"2,645.00","2,645.00","2,645.00","2,645.00",,3.64%
2021-11-19,"2,552.00","2,552.00","2,552.00","2,552.00",,3.99%
2021-11-18,"2,454.00","2,454.00","2,454.00","2,454.00",,0.99%
2021-11-17,"2,430.00","2,430.00","2,430.00","2,430.00",,-6.21%
2021-11-16,"2,591.00","2,591.00","2,591.00","2,591.00",,-6.09%
2021-11-15,"2,759.00","2,759.00","2,759.00","2,759.00",,-1.71%
2021-11-12,"2,807.00","2,807.00","2,807.00","2,807.00",,-1.30%
2021-11-11,"2,844.00","2,844.00","2,844.00","2,844.00",,-0.59%
2021-11-10,"2,861.00","2,861.00","2,861.00","2,861.00",,2.00%
2021-11-09,"2,805.00","2,805.00","2,805.00","2,805.00",,3.20%
2021-11-08,"2,718.00","2,718.00","2,718.00","2,718.00",,0.11%
2021-11-05,"2,715.00","2,715.00","2,715.00","2,715.00",,-1.95%
2021-11-04,"2,769.00","2,769.00","2,769.00","2,769.00",,-4.25%
2021-11-03,"2,892.00","2,892.00","2,892.00","2,892.00",,-9.26%
2021-11-02,"3,187.00","3,187.00","3,187.00","3,187.00",,-7.03%
2021-11-01,"3,428.00","3,428.00","3,428.00","3,428.00",,-2.59%
2021-10-29,"3,519.00","3,519.00","3,519.00","3,519.00",,-3.06%
2021-10-28,"3,630.00","3,630.00","3,630.00","3,630.00",,-4.67%
2021-10-27,"3,808.00","3,808.00","3,808.00","3,808.00",,-6.11%
2021-10-26,"4,056.00","4,056.00","4,056.00","4,056.00",,-4.72%
2021-10-25,"4,257.00","4,257.00","4,257.00","4,257.00",,-3.47%
2021-10-22,"4,410.00","4,410.00","4,410.00","4,410.00",,-5.22%
2021-10-21,"4,653.00","4,653.00","4,653.00","4,653.00",,-2.06%
2021-10-20,"4,751.00","4,751.00","4,751.00","4,751.00",,0.78%
2021-10-19,"4,714.00","4,714.00","4,714.00","4,714.00",,-0.38%
2021-10-18,"4,732.00","4,732.00","4,732.00","4,732.00",,-2.51%
2021-10-15,"4,854.00","4,854.00","4,854.00","4,854.00",,-4.11%
2021-10-14,"5,062.00","5,062.00","5,062.00","5,062.00",,-2.77%
2021-10-13,"5,206.00","5,206.00","5,206.00","5,206.00",,-3.20%
2021-10-12,"5,378.00","5,378.00","5,378.00","5,378.00",,-2.00%
2021-10-11,"5,488.00","5,488.00","5,488.00","5,488.00",,-0.69%
2021-10-08,"5,526.00","5,526.00","5,526.00","5,526.00",,-2.19%
2021-10-07,"5,650.00","5,650.00","5,650.00","5,650.00",,0.05%
2021-10-06,"5,647.00","5,647.00","5,647.00","5,647.00",,4.40%
2021-10-05,"5,409.00","5,409.00","5,409.00","5,409.00",,2.70%
2021-10-04,"5,267.00","5,267.00","5,267.00","5,267.00",,1.25%
2021-10-01,"5,202.00","5,202.00","5,202.00","5,202.00",,0.68%
2021-09-30,"5,167.00","5,167.00","5,167.00","5,167.00",,-0.58%
2021-09-29,"5,197.00","5,197.00","5,197.00","5,197.00",,4.74%
2021-09-28,"4,962.00","4,962.00","4,962.00","4,962.00",,5.19%
2021-09-27,"4,717.00","4,717.00","4,717.00","4,717.00",,1.57%
2021-09-24,"4,644.00","4,644.00","4,644.00","4,644.00",,-0.15%
2021-09-23,"4,651.00","4,651.00","4,651.00","4,651.00",,2.00%
2021-09-22,"4,560.00","4,560.00","4,560.00","4,560.00",,3.40%
2021-09-21,"4,410.00","4,410.00","4,410.00","4,410.00",,2.46%
2021-09-20,"4,304.00","4,304.00","4,304.00","4,304.00",,0.68%
2021-09-17,"4,275.00","4,275.00","4,275.00","4,275.00",,1.42%
2021-09-16,"4,215.00","4,215.00","4,215.00","4,215.00",,-0.43%
2021-09-15,"4,233.00","4,233.00","4,233.00","4,233.00",,0.28%
2021-09-14,"4,221.00","4,221.00","4,221.00","4,221.00",,1.39%
2021-09-13,"4,163.00","4,163.00","4,163.00","4,163.00",,7.74%
2021-09-10,"3,864.00","3,864.00","3,864.00","3,864.00",,6.07%
2021-09-09,"3,643.00","3,643.00","3,643.00","3,643.00",,0.69%
2021-09-08,"3,618.00","3,618.00","3,618.00","3,618.00",,-2.40%
2021-09-07,"3,707.00","3,707.00","3,707.00","3,707.00",,-3.01%
2021-09-06,"3,822.00","3,822.00","3,822.00","3,822.00",,-3.09%
2021-09-03,"3,944.00","3,944.00","3,944.00","3,944.00",,-1.42%
2021-09-02,"4,001.00","4,001.00","4,001.00","4,001.00",,-0.30%
2021-09-01,"4,013.00","4,013.00","4,013.00","4,013.00",,-2.88%
2021-08-31,"4,132.00","4,132.00","4,132.00","4,132.00",,-2.43%
2021-08-27,"4,235.00","4,235.00","4,235.00","4,235.00",,0.95%
2021-08-26,"4,195.00","4,195.00","4,195.00","4,195.00",,0.05%
2021-08-25,"4,193.00","4,193.00","4,193.00","4,193.00",,-0.19%
2021-08-24,"4,201.00","4,201.00","4,201.00","4,201.00",,1.30%
2021-08-23,"4,147.00","4,147.00","4,147.00","4,147.00",,1.34%
2021-08-20,"4,092.00","4,092.00","4,092.00","4,092.00",,2.92%
2021-08-19,"3,976.00","3,976.00","3,976.00","3,976.00",,3.73%
2021-08-18,"3,833.00","3,833.00","3,833.00","3,833.00",,4.81%
2021-08-17,"3,657.00","3,657.00","3,657.00","3,657.00",,1.41%
2021-08-16,"3,606.00","3,606.00","3,606.00","3,606.00",,1.12%
2021-08-13,"3,566.00","3,566.00","3,566.00","3,566.00",,1.80%
2021-08-12,"3,503.00","3,503.00","3,503.00","3,503.00",,2.73%
2021-08-11,"3,410.00","3,410.00","3,410.00","3,410.00",,1.04%
2021-08-10,"3,375.00","3,375.00","3,375.00","3,375.00",,0.12%
2021-08-09,"3,371.00","3,371.00","3,371.00","3,371.00",,0.00%
2021-08-06,"3,371.00","3,371.00","3,371.00","3,371.00",,-0.15%
2021-08-05,"3,376.00","3,376.00","3,376.00","3,376.00",,1.75%
2021-08-04,"3,318.00","3,318.00","3,318.00","3,318.00",,1.13%
2021-08-03,"3,281.00","3,281.00","3,281.00","3,281.00",,-0.03%
2021-08-02,"3,282.00","3,282.00","3,282.00","3,282.00",,-0.30%
2021-07-30,"3,292.00","3,292.00","3,292.00","3,292.00",,2.43%
2021-07-29,"3,214.00","3,214.00","3,214.00","3,214.00",,1.90%
2021-07-28,"3,154.00","3,154.00","3,154.00","3,154.00",,-0.38%
2021-07-27,"3,166.00","3,166.00","3,166.00","3,166.00",,-1.37%
2021-07-26,"3,210.00","3,210.00","3,210.00","3,210.00",,0.34%
2021-07-23,"3,199.00","3,199.00","3,199.00","3,199.00",,3.09%
2021-07-22,"3,103.00","3,103.00","3,103.00","3,103.00",,1.47%
2021-07-21,"3,058.00","3,058.00","3,058.00","3,058.00",,0.16%
2021-07-20,"3,053.00","3,053.00","3,053.00","3,053.00",,-0.20%
2021-07-19,"3,059.00","3,059.00","3,059.00","3,059.00",,0.66%
2021-07-16,"3,039.00","3,039.00","3,039.00","3,039.00",,-1.11%
2021-07-15,"3,073.00","3,073.00","3,073.00","3,073.00",,-2.10%
2021-07-14,"3,139.00","3,139.00","3,139.00","3,139.00",,-2.76%
2021-07-13,"3,228.00","3,228.00","3,228.00","3,228.00",,-2.18%
2021-07-12,"3,300.00","3,300.00","3,300.00","3,300.00",,0.00%
2021-07-09,"3,300.00","3,300.00","3,300.00","3,300.00",,0.58%
2021-07-08,"3,281.00","3,281.00","3,281.00","3,281.00",,1.23%
2021-07-07,"3,241.00","3,241.00","3,241.00","3,241.00",,1.95%
2021-07-06,"3,179.00","3,179.00","3,179.00","3,179.00",,-1.40%
2021-07-05,"3,224.00","3,224.00","3,224.00","3,224.00",,-1.86%
2021-07-02,"3,285.00","3,285.00","3,285.00","3,285.00",,-1.59%
2021-07-01,"3,338.00","3,338.00","3,338.00","3,338.00",,-1.33%
2021-06-30,"3,383.00","3,383.00","3,383.00","3,383.00",,-1.02%
2021-06-29,"3,418.00","3,418.00","3,418.00","3,418.00",,2.83%
2021-06-28,"3,324.00","3,324.00","3,324.00","3,324.00",,2.12%
2021-06-25,"3,255.00","3,255.00","3,255.00","3,255.00",,2.52%
2021-06-24,"3,175.00","3,175.00","3,175.00","3,175.00",,0.89%
2021-06-23,"3,147.00","3,147.00","3,147.00","3,147.00",,0.90%
2021-06-22,"3,119.00","3,119.00","3,119.00","3,119.00",,-2.23%
2021-06-21,"3,190.00","3,190.00","3,190.00","3,190.00",,-0.87%
2021-06-18,"3,218.00","3,218.00","3,218.00","3,218.00",,-1.50%
2021-06-17,"3,267.00","3,267.00","3,267.00","3,267.00",,2.87%
2021-06-16,"3,176.00","3,176.00","3,176.00","3,176.00",,4.99%
2021-06-15,"3,025.00","3,025.00","3,025.00","3,025.00",,2.75%
2021-06-14,"2,944.00","2,944.00","2,944.00","2,944.00",,3.05%
2021-06-11,"2,857.00","2,857.00","2,857.00","2,857.00",,7.04%
2021-06-10,"2,669.00","2,669.00","2,669.00","2,669.00",,7.58%
2021-06-09,"2,481.00","2,481.00","2,481.00","2,481.00",,2.52%
2021-06-08,"2,420.00","2,420.00","2,420.00","2,420.00",,-0.33%
2021-06-07,"2,428.00","2,428.00","2,428.00","2,428.00",,-0.41%
2021-06-04,"2,438.00","2,438.00","2,438.00","2,438.00",,-1.38%
2021-06-03,"2,472.00","2,472.00","2,472.00","2,472.00",,-2.29%
2021-06-02,"2,530.00","2,530.00","2,530.00","2,530.00",,-1.48%
2021-06-01,"2,568.00","2,568.00","2,568.00","2,568.00",,-1.08%
2021-05-28,"2,596.00","2,596.00","2,596.00","2,596.00",,-3.42%
2021-05-27,"2,688.00","2,688.00","2,688.00","2,688.00",,-2.40%
2021-05-26,"2,754.00","2,754.00","2,754.00","2,754.00",,-1.96%
2021-05-25,"2,809.00","2,809.00","2,809.00","2,809.00",,-2.50%
2021-05-24,"2,881.00","2,881.00","2,881.00","2,881.00",,0.42%
2021-05-21,"2,869.00","2,869.00","2,869.00","2,869.00",,1.59%
2021-05-20,"2,824.00","2,824.00","2,824.00","2,824.00",,0.82%
2021-05-19,"2,801.00","2,801.00","2,801.00","2,801.00",,0.21%
2021-05-18,"2,795.00","2,795.00","2,795.00","2,795.00",,-2.14%
2021-05-17,"2,856.00","2,856.00","2,856.00","2,856.00",,-2.82%
2021-05-14,"2,939.00","2,939.00","2,939.00","2,939.00",,-4.48%
2021-05-13,"3,077.00","3,077.00","3,077.00","3,077.00",,-1.98%
2021-05-12,"3,139.00","3,139.00","3,139.00","3,139.00",,-3.53%
2021-05-11,"3,254.00","3,254.00","3,254.00","3,254.00",,0.43%
2021-05-10,"3,240.00","3,240.00","3,240.00","3,240.00",,1.79%
2021-05-07,"3,183.00","3,183.00","3,183.00","3,183.00",,-0.90%
2021-05-06,"3,212.00","3,212.00","3,212.00","3,212.00",,-1.65%
2021-05-05,"3,266.00","3,266.00","3,266.00","3,266.00",,3.45%
2021-05-04,"3,157.00","3,157.00","3,157.00","3,157.00",,3.41%
2021-04-30,"3,053.00","3,053.00","3,053.00","3,053.00",,1.53%
2021-04-29,"3,007.00","3,007.00","3,007.00","3,007.00",,1.69%
2021-04-28,"2,957.00","2,957.00","2,957.00","2,957.00",,2.35%
2021-04-27,"2,889.00","2,889.00","2,889.00","2,889.00",,2.88%
2021-04-26,"2,808.00","2,808.00","2,808.00","2,808.00",,0.72%
2021-04-23,"2,788.00","2,788.00","2,788.00","2,788.00",,1.38%
2021-04-22,"2,750.00","2,750.00","2,750.00","2,750.00",,1.48%
2021-04-21,"2,710.00","2,710.00","2,710.00","2,710.00",,9.63%
2021-04-20,"2,472.00","2,472.00","2,472.00","2,472.00",,1.64%
2021-04-19,"2,432.00","2,432.00","2,432.00","2,432.00",,1.97%
2021-04-16,"2,385.00","2,385.00","2,385.00","2,385.00",,2.67%
2021-04-15,"2,323.00","2,323.00","2,323.00","2,323.00",,6.66%
2021-04-14,"2,178.00","2,178.00","2,178.00","2,178.00",,1.78%
2021-04-13,"2,140.00","2,140.00","2,140.00","2,140.00",,-0.23%
2021-04-12,"2,145.00","2,145.00","2,145.00","2,145.00",,2.88%
2021-04-09,"2,085.00","2,085.00","2,085.00","2,085.00",,-0.14%
2021-04-08,"2,088.00","2,088.00","2,088.00","2,088.00",,-1.83%
2021-04-07,"2,127.00","2,127.00","2,127.00","2,127.00",,1.67%
2021-04-06,"2,092.00","2,092.00","2,092.00","2,092.00",,0.97%
2021-04-01,"2,072.00","2,072.00","2,072.00","2,072.00",,1.27%
2021-03-31,"2,046.00","2,046.00","2,046.00","2,046.00",,-2.71%
2021-03-30,"2,103.00","2,103.00","2,103.00","2,103.00",,-2.73%
2021-03-29,"2,162.00","2,162.00","2,162.00","2,162.00",,-0.73%
2021-03-26,"2,178.00","2,178.00","2,178.00","2,178.00",,0.28%
2021-03-25,"2,172.00","2,172.00","2,172.00","2,172.00",,-1.00%
2021-03-24,"2,194.00","2,194.00","2,194.00","2,194.00",,-3.39%
2021-03-23,"2,271.00","2,271.00","2,271.00","2,271.00",,-2.07%
2021-03-22,"2,319.00","2,319.00","2,319.00","2,319.00",,1.67%
2021-03-19,"2,281.00","2,281.00","2,281.00","2,281.00",,2.98%
2021-03-18,"2,215.00","2,215.00","2,215.00","2,215.00",,5.23%
2021-03-17,"2,105.00","2,105.00","2,105.00","2,105.00",,4.36%
2021-03-16,"2,017.00","2,017.00","2,017.00","2,017.00",,1.71%
2021-03-15,"1,983.00","1,983.00","1,983.00","1,983.00",,1.17%
2021-03-12,"1,960.00","1,960.00","1,960.00","1,960.00",,-0.51%
2021-03-11,"1,970.00","1,970.00","1,970.00","1,970.00",,-0.51%
2021-03-10,"1,980.00","1,980.00","1,980.00","1,980.00",,4.16%
2021-03-09,"1,901.00","1,901.00","1,901.00","1,901.00",,2.59%
2021-03-08,"1,853.00","1,853.00","1,853.00","1,853.00",,1.31%
2021-03-05,"1,829.00","1,829.00","1,829.00","1,829.00",,2.81%
2021-03-04,"1,779.00","1,779.00","1,779.00","1,779.00",,0.91%
2021-03-03,"1,763.00","1,763.00","1,763.00","1,763.00",,5.38%
2021-03-02,"1,673.00","1,673.00","1,673.00","1,673.00",,1.33%
2021-03-01,"1,651.00","1,651.00","1,651.00","1,651.00",,-1.43%
2021-02-26,"1,675.00","1,675.00","1,675.00","1,675.00",,-1.47%
2021-02-25,"1,700.00","1,700.00","1,700.00","1,700.00",,-0.53%
2021-02-24,"1,709.00","1,709.00","1,709.00","1,709.00",,-1.04%
2021-02-23,"1,727.00","1,727.00","1,727.00","1,727.00",,1.05%
2021-02-22,"1,709.00","1,709.00","1,709.00","1,709.00",,0.65%
2021-02-19,"1,698.00","1,698.00","1,698.00","1,698.00",,-4.07%
2021-02-18,"1,770.00","1,770.00","1,770.00","1,770.00",,0.80%
2021-02-17,"1,756.00","1,756.00","1,756.00","1,756.00",,17.46%
2021-02-16,"1,495.00","1,495.00","1,495.00","1,495.00",,9.60%
2021-02-15,"1,364.00","1,364.00","1,364.00","1,364.00",,1.87%
2021-02-12,"1,339.00","1,339.00","1,339.00","1,339.00",,1.98%
2021-02-11,"1,313.00","1,313.00","1,313.00","1,313.00",,0.77%
2021-02-10,"1,303.00","1,303.00","1,303.00","1,303.00",,-0.23%
2021-02-09,"1,306.00","1,306.00","1,306.00","1,306.00",,-0.84%
2021-02-08,"1,317.00","1,317.00","1,317.00","1,317.00",,-1.20%
2021-02-05,"1,333.00","1,333.00","1,333.00","1,333.00",,0.45%
2021-02-04,"1,327.00","1,327.00","1,327.00","1,327.00",,0.00%
2021-02-03,"1,327.00","1,327.00","1,327.00","1,327.00",,-3.84%
2021-02-02,"1,380.00","1,380.00","1,380.00","1,380.00",,-4.43%
2021-02-01,"1,444.00","1,444.00","1,444.00","1,444.00",,-0.55%
2021-01-29,"1,452.00","1,452.00","1,452.00","1,452.00",,-1.22%
2021-01-28,"1,470.00","1,470.00","1,470.00","1,470.00",,-4.55%
2021-01-27,"1,540.00","1,540.00","1,540.00","1,540.00",,-7.17%
2021-01-26,"1,659.00","1,659.00","1,659.00","1,659.00",,-6.01%
2021-01-25,"1,765.00","1,765.00","1,765.00","1,765.00",,-2.49%
2021-01-22,"1,810.00","1,810.00","1,810.00","1,810.00",,-1.47%
2021-01-21,"1,837.00","1,837.00","1,837.00","1,837.00",,0.49%
2021-01-20,"1,828.00","1,828.00","1,828.00","1,828.00",,3.51%
2021-01-19,"1,766.00","1,766.00","1,766.00","1,766.00",,1.49%
2021-01-18,"1,740.00","1,740.00","1,740.00","1,740.00",,-0.80%
2021-01-15,"1,754.00","1,754.00","1,754.00","1,754.00",,-2.12%
2021-01-14,"1,792.00","1,792.00","1,792.00","1,792.00",,-3.45%
2021-01-13,"1,856.00","1,856.00","1,856.00","1,856.00",,0.38%
2021-01-12,"1,849.00","1,849.00","1,849.00","1,849.00",,5.00%
2021-01-11,"1,761.00","1,761.00","1,761.00","1,761.00",,9.65%
2021-01-08,"1,606.00","1,606.00","1,606.00","1,606.00",,10.91%
2021-01-07,"1,448.00","1,448.00","1,448.00","1,448.00",,1.61%
2021-01-06,"1,425.00","1,425.00","1,425.00","1,425.00",,0.49%
2021-01-05,"1,418.00","1,418.00","1,418.00","1,418.00",,3.20%
2021-01-04,"1,374.00","1,374.00","1,374.00","1,374.00",,0.59%
2020-12-24,"1,366.00","1,366.00","1,366.00","1,366.00",,0.29%
2020-12-23,"1,362.00","1,362.00","1,362.00","1,362.00",,2.41%
2020-12-22,"1,330.00","1,330.00","1,330.00","1,330.00",,0.53%
2020-12-21,"1,323.00","1,323.00","1,323.00","1,323.00",,-0.15%
2020-12-18,"1,325.00","1,325.00","1,325.00","1,325.00",,1.84%
2020-12-17,"1,301.00","1,301.00","1,301.00","1,301.00",,0.39%
2020-12-16,"1,296.00","1,296.00","1,296.00","1,296.00",,1.81%
2020-12-15,"1,273.00","1,273.00","1,273.00","1,273.00",,3.08%
2020-12-14,"1,235.00","1,235.00","1,235.00","1,235.00",,1.98%
2020-12-11,"1,211.00","1,211.00","1,211.00","1,211.00",,4.31%
2020-12-10,"1,161.00","1,161.00","1,161.00","1,161.00",,3.48%
2020-12-09,"1,122.00","1,122.00","1,122.00","1,122.00",,0.09%
2020-12-08,"1,121.00","1,121.00","1,121.00","1,121.00",,-3.53%
2020-12-07,"1,162.00","1,162.00","1,162.00","1,162.00",,-2.92%
2020-12-04,"1,197.00","1,197.00","1,197.00","1,197.00",,0.67%
2020-12-03,"1,189.00","1,189.00","1,189.00","1,189.00",,-1.00%
2020-12-02,"1,201.00","1,201.00","1,201.00","1,201.00",,-0.83%
2020-12-01,"1,211.00","1,211.00","1,211.00","1,211.00",,-1.30%
2020-11-30,"1,227.00","1,227.00","1,227.00","1,227.00",,-0.24%
2020-11-27,"1,230.00","1,230.00","1,230.00","1,230.00",,0.90%
2020-11-26,"1,219.00","1,219.00","1,219.00","1,219.00",,1.84%
2020-11-25,"1,197.00","1,197.00","1,197.00","1,197.00",,1.61%
2020-11-24,"1,178.00","1,178.00","1,178.00","1,178.00",,0.77%
2020-11-23,"1,169.00","1,169.00","1,169.00","1,169.00",,1.83%
2020-11-20,"1,148.00","1,148.00","1,148.00","1,148.00",,1.23%
2020-11-19,"1,134.00","1,134.00","1,134.00","1,134.00",,1.70%
2020-11-18,"1,115.00","1,115.00","1,115.00","1,115.00",,0.27%
2020-11-17,"1,112.00","1,112.00","1,112.00","1,112.00",,0.09%
2020-11-16,"1,111.00","1,111.00","1,111.00","1,111.00",,-1.16%
2020-11-12,"1,124.00","1,124.00","1,124.00","1,124.00",,-1.49%
2020-11-11,"1,141.00","1,141.00","1,141.00","1,141.00",,-4.92%
2020-11-10,"1,200.00","1,200.00","1,200.00","1,200.00",,-0.58%
2020-11-09,"1,207.00","1,207.00","1,207.00","1,207.00",,0.92%
2020-11-06,"1,196.00","1,196.00","1,196.00","1,196.00",,0.17%
2020-11-05,"1,194.00","1,194.00","1,194.00","1,194.00",,-2.45%
2020-11-04,"1,224.00","1,224.00","1,224.00","1,224.00",,-3.09%
2020-11-03,"1,263.00","1,263.00","1,263.00","1,263.00",,-1.64%
2020-11-02,"1,284.00","1,284.00","1,284.00","1,284.00",,0.08%
2020-10-30,"1,283.00","1,283.00","1,283.00","1,283.00",,-1.08%
2020-10-29,"1,297.00","1,297.00","1,297.00","1,297.00",,-6.29%
2020-10-28,"1,384.00","1,384.00","1,384.00","1,384.00",,-2.05%
2020-10-27,"1,413.00","1,413.00","1,413.00","1,413.00",,0.78%
2020-10-26,"1,402.00","1,402.00","1,402.00","1,402.00",,-0.92%
2020-10-23,"1,415.00","1,415.00","1,415.00","1,415.00",,1.00%
2020-10-22,"1,401.00","1,401.00","1,401.00","1,401.00",,4.09%
2020-10-21,"1,346.00","1,346.00","1,346.00","1,346.00",,-0.30%
2020-10-20,"1,350.00","1,350.00","1,350.00","1,350.00",,-4.19%
2020-10-19,"1,409.00","1,409.00","1,409.00","1,409.00",,-4.60%
2020-10-16,"1,477.00","1,477.00","1,477.00","1,477.00",,-5.38%
2020-10-15,"1,561.00","1,561.00","1,561.00","1,561.00",,-4.64%
2020-10-14,"1,637.00","1,637.00","1,637.00","1,637.00",,-5.48%
2020-10-13,"1,732.00","1,732.00","1,732.00","1,732.00",,-4.15%
2020-10-12,"1,807.00","1,807.00","1,807.00","1,807.00",,-4.49%
2020-10-09,"1,892.00","1,892.00","1,892.00","1,892.00",,-3.96%
2020-10-08,"1,970.00","1,970.00","1,970.00","1,970.00",,-3.62%
2020-10-07,"2,044.00","2,044.00","2,044.00","2,044.00",,-2.53%
2020-10-06,"2,097.00","2,097.00","2,097.00","2,097.00",,1.26%
2020-10-05,"2,071.00","2,071.00","2,071.00","2,071.00",,2.52%
2020-10-02,"2,020.00","2,020.00","2,020.00","2,020.00",,8.08%
2020-10-01,"1,869.00","1,869.00","1,869.00","1,869.00",,8.35%
2020-09-30,"1,725.00","1,725.00","1,725.00","1,725.00",,4.04%
2020-09-29,"1,658.00","1,658.00","1,658.00","1,658.00",,0.24%
2020-09-28,"1,654.00","1,654.00","1,654.00","1,654.00",,-0.78%
2020-09-25,"1,667.00","1,667.00","1,667.00","1,667.00",,3.86%
2020-09-24,"1,605.00","1,605.00","1,605.00","1,605.00",,12.55%
2020-09-23,"1,426.00","1,426.00","1,426.00","1,426.00",,4.55%
2020-09-22,"1,364.00","1,364.00","1,364.00","1,364.00",,3.81%
2020-09-21,"1,314.00","1,314.00","1,314.00","1,314.00",,1.39%
2020-09-18,"1,296.00","1,296.00","1,296.00","1,296.00",,0.15%
2020-09-17,"1,294.00","1,294.00","1,294.00","1,294.00",,1.01%
2020-09-16,"1,281.00","1,281.00","1,281.00","1,281.00",,-0.62%
2020-09-15,"1,289.00","1,289.00","1,289.00","1,289.00",,0.55%
2020-09-14,"1,282.00","1,282.00","1,282.00","1,282.00",,1.18%
2020-09-11,"1,267.00","1,267.00","1,267.00","1,267.00",,-0.16%
2020-09-10,"1,269.00","1,269.00","1,269.00","1,269.00",,-2.08%
2020-09-09,"1,296.00","1,296.00","1,296.00","1,296.00",,-2.41%
2020-09-08,"1,328.00","1,328.00","1,328.00","1,328.00",,-1.56%
2020-09-07,"1,349.00","1,349.00","1,349.00","1,349.00",,-0.95%
2020-09-04,"1,362.00","1,362.00","1,362.00","1,362.00",,-2.37%
2020-09-03,"1,395.00","1,395.00","1,395.00","1,395.00",,-3.46%
2020-09-02,"1,445.00","1,445.00","1,445.00","1,445.00",,-1.77%
2020-09-01,"1,471.00","1,471.00","1,471.00","1,471.00",,-1.14%
2020-08-28,"1,488.00","1,488.00","1,488.00","1,488.00",,-1.06%
2020-08-27,"1,504.00","1,504.00","1,504.00","1,504.00",,-0.33%
2020-08-26,"1,509.00","1,509.00","1,509.00","1,509.00",,-0.59%
2020-08-25,"1,518.00","1,518.00","1,518.00","1,518.00",,1.81%
2020-08-24,"1,491.00","1,491.00","1,491.00","1,491.00",,0.68%
2020-08-21,"1,481.00","1,481.00","1,481.00","1,481.00",,-2.44%
2020-08-20,"1,518.00","1,518.00","1,518.00","1,518.00",,-3.19%
2020-08-19,"1,568.00","1,568.00","1,568.00","1,568.00",,-1.13%
2020-08-18,"1,586.00","1,586.00","1,586.00","1,586.00",,-0.75%
2020-08-17,"1,598.00","1,598.00","1,598.00","1,598.00",,0.19%
2020-08-14,"1,595.00","1,595.00","1,595.00","1,595.00",,1.14%
2020-08-13,"1,577.00","1,577.00","1,577.00","1,577.00",,2.40%
2020-08-12,"1,540.00","1,540.00","1,540.00","1,540.00",,1.99%
2020-08-11,"1,510.00","1,510.00","1,510.00","1,510.00",,0.27%
2020-08-10,"1,506.00","1,506.00","1,506.00","1,506.00",,0.33%
2020-08-07,"1,501.00","1,501.00","1,501.00","1,501.00",,8.38%
2020-08-03,"1,385.00","1,385.00","1,385.00","1,385.00",,2.59%
2020-07-31,"1,350.00","1,350.00","1,350.00","1,350.00",,0.15%
2020-07-30,"1,348.00","1,348.00","1,348.00","1,348.00",,2.35%
2020-07-29,"1,317.00","1,317.00","1,317.00","1,317.00",,4.19%
2020-07-28,"1,264.00","1,264.00","1,264.00","1,264.00",,-2.24%
2020-07-27,"1,293.00","1,293.00","1,293.00","1,293.00",,-1.82%
2020-07-24,"1,317.00","1,317.00","1,317.00","1,317.00",,-5.12%
2020-07-23,"1,388.00","1,388.00","1,388.00","1,388.00",,-5.77%
2020-07-22,"1,473.00","1,473.00","1,473.00","1,473.00",,-7.59%
2020-07-21,"1,594.00","1,594.00","1,594.00","1,594.00",,-5.01%
2020-07-20,"1,678.00","1,678.00","1,678.00","1,678.00",,-1.87%
2020-07-17,"1,710.00","1,710.00","1,710.00","1,710.00",,0.65%
2020-07-16,"1,699.00","1,699.00","1,699.00","1,699.00",,0.18%
2020-07-15,"1,696.00","1,696.00","1,696.00","1,696.00",,-2.64%
2020-07-14,"1,742.00","1,742.00","1,742.00","1,742.00",,-2.79%
2020-07-13,"1,792.00","1,792.00","1,792.00","1,792.00",,-0.99%
2020-07-10,"1,810.00","1,810.00","1,810.00","1,810.00",,0.00%
2020-07-09,"1,810.00","1,810.00","1,810.00","1,810.00",,-2.11%
2020-07-08,"1,849.00","1,849.00","1,849.00","1,849.00",,-5.13%
2020-07-07,"1,949.00","1,949.00","1,949.00","1,949.00",,-0.36%
2020-07-06,"1,956.00","1,956.00","1,956.00","1,956.00",,3.27%
2020-07-03,"1,894.00","1,894.00","1,894.00","1,894.00",,3.89%
2020-07-02,"1,823.00","1,823.00","1,823.00","1,823.00",,1.11%
2020-07-01,"1,803.00","1,803.00","1,803.00","1,803.00",,0.22%
2020-06-30,"1,799.00","1,799.00","1,799.00","1,799.00",,0.28%
2020-06-29,"1,794.00","1,794.00","1,794.00","1,794.00",,2.57%
2020-06-26,"1,749.00","1,749.00","1,749.00","1,749.00",,0.63%
2020-06-25,"1,738.00","1,738.00","1,738.00","1,738.00",,1.94%
2020-06-24,"1,705.00","1,705.00","1,705.00","1,705.00",,5.44%
2020-06-23,"1,617.00","1,617.00","1,617.00","1,617.00",,3.79%
2020-06-22,"1,558.00","1,558.00","1,558.00","1,558.00",,0.19%
2020-06-19,"1,555.00","1,555.00","1,555.00","1,555.00",,1.83%
2020-06-18,"1,527.00","1,527.00","1,527.00","1,527.00",,22.55%
2020-06-17,"1,246.00","1,246.00","1,246.00","1,246.00",,18.22%
2020-06-16,"1,054.00","1,054.00","1,054.00","1,054.00",,8.32%
2020-06-15,973.00,973.00,973.00,973.00,,5.42%
2020-06-12,923.00,923.00,923.00,923.00,,10.01%
2020-06-11,839.00,839.00,839.00,839.00,,9.82%
2020-06-10,764.00,764.00,764.00,764.00,,7.00%
2020-06-09,714.00,714.00,714.00,714.00,,2.29%
2020-06-08,698.00,698.00,698.00,698.00,,2.80%
2020-06-05,679.00,679.00,679.00,679.00,,7.44%
2020-06-04,632.00,632.00,632.00,632.00,,6.76%
2020-06-03,592.00,592.00,592.00,592.00,,8.42%
2020-06-02,546.00,546.00,546.00,546.00,,5.00%
2020-06-01,520.00,520.00,520.00,520.00,,3.17%
2020-05-29,504.00,504.00,504.00,504.00,,3.07%
2020-05-28,489.00,489.00,489.00,489.00,,-2.59%
2020-05-27,502.00,502.00,502.00,502.00,,-0.79%
2020-05-26,506.00,506.00,506.00,506.00,,1.61%
2020-05-22,498.00,498.00,498.00,498.00,,0.81%
2020-05-21,494.00,494.00,494.00,494.00,,3.56%
2020-05-20,477.00,477.00,477.00,477.00,,5.30%
2020-05-19,453.00,453.00,453.00,453.00,,6.09%
2020-05-18,427.00,427.00,427.00,427.00,,4.91%
2020-05-15,407.00,407.00,407.00,407.00,,3.56%
2020-05-14,393.00,393.00,393.00,393.00,,-1.26%
2020-05-13,398.00,398.00,398.00,398.00,,-8.08%
2020-05-12,433.00,433.00,433.00,433.00,,-8.65%
2020-05-11,474.00,474.00,474.00,474.00,,-7.78%
2020-05-07,514.00,514.00,514.00,514.00,,-3.75%
2020-05-06,534.00,534.00,534.00,534.00,,-7.13%
2020-05-05,575.00,575.00,575.00,575.00,,-3.85%
2020-05-04,598.00,598.00,598.00,598.00,,-3.08%
2020-05-01,617.00,617.00,617.00,617.00,,-2.83%
2020-04-30,635.00,635.00,635.00,635.00,,-1.24%
2020-04-29,643.00,643.00,643.00,643.00,,-1.83%
2020-04-28,655.00,655.00,655.00,655.00,,-0.91%
2020-04-27,661.00,661.00,661.00,661.00,,-0.60%
2020-04-24,665.00,665.00,665.00,665.00,,-1.04%
2020-04-23,672.00,672.00,672.00,672.00,,-3.17%
2020-04-22,694.00,694.00,694.00,694.00,,-4.67%
2020-04-21,728.00,728.00,728.00,728.00,,-3.83%
2020-04-20,757.00,757.00,757.00,757.00,,0.80%
2020-04-17,751.00,751.00,751.00,751.00,,3.44%
2020-04-16,726.00,726.00,726.00,726.00,,2.83%
2020-04-15,706.00,706.00,706.00,706.00,,3.98%
2020-04-14,679.00,679.00,679.00,679.00,,6.93%
2020-04-09,635.00,635.00,635.00,635.00,,4.61%
2020-04-08,607.00,607.00,607.00,607.00,,1.85%
2020-04-07,596.00,596.00,596.00,596.00,,-1.32%
2020-04-06,604.00,604.00,604.00,604.00,,-1.95%
2020-04-03,616.00,616.00,616.00,616.00,,-1.28%
2020-04-02,624.00,624.00,624.00,624.00,,0.00%
2020-04-01,624.00,624.00,624.00,624.00,,-0.32%
2020-03-31,626.00,626.00,626.00,626.00,,14.23%
2020-03-30,548.00,548.00,548.00,548.00,,-1.44%
2020-03-27,556.00,556.00,556.00,556.00,,-2.28%
2020-03-26,569.00,569.00,569.00,569.00,,-2.23%
2020-03-25,582.00,582.00,582.00,582.00,,-3.48%
2020-03-24,603.00,603.00,603.00,603.00,,-2.27%
2020-03-23,617.00,617.00,617.00,617.00,,-1.28%
2020-03-20,625.00,625.00,625.00,625.00,,-0.79%
2020-03-19,630.00,630.00,630.00,630.00,,0.16%
2020-03-18,629.00,629.00,629.00,629.00,,2.78%
2020-03-17,612.00,612.00,612.00,612.00,,-1.77%
2020-03-16,623.00,623.00,623.00,623.00,,-1.27%
2020-03-13,631.00,631.00,631.00,631.00,,-0.32%
2020-03-12,633.00,633.00,633.00,633.00,,0.32%
2020-03-11,631.00,631.00,631.00,631.00,,0.64%
2020-03-10,627.00,627.00,627.00,627.00,,1.79%
2020-03-09,616.00,616.00,616.00,616.00,,-0.16%
2020-03-06,617.00,617.00,617.00,617.00,,3.01%
2020-03-05,599.00,599.00,599.00,599.00,,6.58%
2020-03-04,562.00,562.00,562.00,562.00,,2.37%
2020-03-03,549.00,549.00,549.00,549.00,,1.86%
2020-03-02,539.00,539.00,539.00,539.00,,0.75%
2020-02-28,535.00,535.00,535.00,535.00,,1.13%
2020-02-27,529.00,529.00,529.00,529.00,,2.32%
2020-02-26,517.00,517.00,517.00,517.00,,1.77%
2020-02-25,508.00,508.00,508.00,508.00,,0.40%
2020-02-24,506.00,506.00,506.00,506.00,,1.81%
2020-02-21,497.00,497.00,497.00,497.00,,3.54%
2020-02-20,480.00,480.00,480.00,480.00,,3.23%
2020-02-19,465.00,465.00,465.00,465.00,,3.33%
2020-02-18,450.00,450.00,450.00,450.00,,3.69%
2020-02-17,434.00,434.00,434.00,434.00,,2.12%
2020-02-14,425.00,425.00,425.00,425.00,,0.95%
2020-02-13,421.00,421.00,421.00,421.00,,0.00%
2020-02-12,421.00,421.00,421.00,421.00,,0.72%
2020-02-11,418.00,418.00,418.00,418.00,,1.70%
2020-02-10,411.00,411.00,411.00,411.00,,-0.96%
2020-02-07,415.00,415.00,415.00,415.00,,-3.71%
2020-02-06,431.00,431.00,431.00,431.00,,0.23%
2020-02-05,430.00,430.00,430.00,430.00,,-5.08%
2020-02-04,453.00,453.00,453.00,453.00,,-2.79%
2020-02-03,466.00,466.00,466.00,466.00,,-4.31%
2020-01-31,487.00,487.00,487.00,487.00,,-2.21%
2020-01-30,498.00,498.00,498.00,498.00,,-5.14%
2020-01-29,525.00,525.00,525.00,525.00,,-2.60%
2020-01-28,539.00,539.00,539.00,539.00,,-1.28%
2020-01-27,546.00,546.00,546.00,546.00,,-1.97%
2020-01-24,557.00,557.00,557.00,557.00,,-3.30%
2020-01-23,576.00,576.00,576.00,576.00,,-7.54%
2020-01-22,623.00,623.00,623.00,623.00,,-9.58%
2020-01-21,689.00,689.00,689.00,689.00,,-5.49%
2020-01-20,729.00,729.00,729.00,729.00,,-3.32%
2020-01-17,754.00,754.00,754.00,754.00,,-1.82%
2020-01-16,768.00,768.00,768.00,768.00,,0.00%
2020-01-15,768.00,768.00,768.00,768.00,,0.66%
2020-01-14,763.00,763.00,763.00,763.00,,-0.26%
2020-01-13,765.00,765.00,765.00,765.00,,-1.16%
2020-01-10,774.00,774.00,774.00,774.00,,0.26%
2020-01-09,772.00,772.00,772.00,772.00,,-0.13%
2020-01-08,773.00,773.00,773.00,773.00,,-2.28%
2020-01-07,791.00,791.00,791.00,791.00,,-6.28%
2020-01-06,844.00,844.00,844.00,844.00,,-6.95%
2020-01-03,907.00,907.00,907.00,907.00,,-7.07%
2020-01-02,976.00,976.00,976.00,976.00,,-10.46%
2019-12-24,"1,090.00","1,090.00","1,090.00","1,090.00",,-1.18%
2019-12-23,"1,103.00","1,103.00","1,103.00","1,103.00",,-1.78%
2019-12-20,"1,123.00","1,123.00","1,123.00","1,123.00",,-2.43%
2019-12-19,"1,151.00","1,151.00","1,151.00","1,151.00",,-5.73%
2019-12-18,"1,221.00","1,221.00","1,221.00","1,221.00",,-4.68%
2019-12-17,"1,281.00","1,281.00","1,281.00","1,281.00",,-2.59%
2019-12-16,"1,315.00","1,315.00","1,315.00","1,315.00",,-2.95%
2019-12-13,"1,355.00","1,355.00","1,355.00","1,355.00",,-2.38%
2019-12-12,"1,388.00","1,388.00","1,388.00","1,388.00",,-4.93%
2019-12-11,"1,460.00","1,460.00","1,460.00","1,460.00",,-4.45%
2019-12-10,"1,528.00","1,528.00","1,528.00","1,528.00",,-1.48%
2019-12-09,"1,551.00","1,551.00","1,551.00","1,551.00",,-0.45%
2019-12-06,"1,558.00","1,558.00","1,558.00","1,558.00",,-1.08%
2019-12-05,"1,575.00","1,575.00","1,575.00","1,575.00",,-1.50%
2019-12-04,"1,599.00","1,599.00","1,599.00","1,599.00",,-0.44%
2019-12-03,"1,606.00","1,606.00","1,606.00","1,606.00",,2.42%
2019-12-02,"1,568.00","1,568.00","1,568.00","1,568.00",,2.62%
2019-11-29,"1,528.00","1,528.00","1,528.00","1,528.00",,4.16%
2019-11-28,"1,467.00","1,467.00","1,467.00","1,467.00",,1.88%
2019-11-27,"1,440.00","1,440.00","1,440.00","1,440.00",,0.98%
2019-11-26,"1,426.00","1,426.00","1,426.00","1,426.00",,5.55%
2019-11-25,"1,351.00","1,351.00","1,351.00","1,351.00",,5.22%
2019-11-22,"1,284.00","1,284.00","1,284.00","1,284.00",,2.31%
2019-11-21,"1,255.00","1,255.00","1,255.00","1,255.00",,-0.40%
2019-11-20,"1,260.00","1,260.00","1,260.00","1,260.00",,-3.37%
2019-11-19,"1,304.00","1,304.00","1,304.00","1,304.00",,-2.54%
2019-11-18,"1,338.00","1,338.00","1,338.00","1,338.00",,-1.40%
2019-11-15,"1,357.00","1,357.00","1,357.00","1,357.00",,-0.51%
2019-11-14,"1,364.00","1,364.00","1,364.00","1,364.00",,-0.07%
2019-11-13,"1,365.00","1,365.00","1,365.00","1,365.00",,0.81%
2019-11-12,"1,354.00","1,354.00","1,354.00","1,354.00",,0.67%
2019-11-11,"1,345.00","1,345.00","1,345.00","1,345.00",,-2.39%
2019-11-08,"1,378.00","1,378.00","1,378.00","1,378.00",,-3.50%
2019-11-07,"1,428.00","1,428.00","1,428.00","1,428.00",,-6.85%
2019-11-06,"1,533.00","1,533.00","1,533.00","1,533.00",,-7.43%
2019-11-05,"1,656.00","1,656.00","1,656.00","1,656.00",,-1.13%
2019-11-04,"1,675.00","1,675.00","1,675.00","1,675.00",,-1.30%
2019-11-01,"1,697.00","1,697.00","1,697.00","1,697.00",,-1.96%
2019-10-31,"1,731.00","1,731.00","1,731.00","1,731.00",,-2.86%
2019-10-30,"1,782.00","1,782.00","1,782.00","1,782.00",,-1.11%
2019-10-29,"1,802.00","1,802.00","1,802.00","1,802.00",,-0.06%
2019-10-28,"1,803.00","1,803.00","1,803.00","1,803.00",,0.11%
2019-10-25,"1,801.00","1,801.00","1,801.00","1,801.00",,0.90%
2019-10-24,"1,785.00","1,785.00","1,785.00","1,785.00",,0.34%
2019-10-23,"1,779.00","1,779.00","1,779.00","1,779.00",,-1.50%
2019-10-22,"1,806.00","1,806.00","1,806.00","1,806.00",,-2.17%
2019-10-21,"1,846.00","1,846.00","1,846.00","1,846.00",,-0.49%
2019-10-18,"1,855.00","1,855.00","1,855.00","1,855.00",,-0.32%
2019-10-17,"1,861.00","1,861.00","1,861.00","1,861.00",,-1.90%
2019-10-16,"1,897.00","1,897.00","1,897.00","1,897.00",,-0.05%
2019-10-15,"1,898.00","1,898.00","1,898.00","1,898.00",,-0.94%
2019-10-14,"1,916.00","1,916.00","1,916.00","1,916.00",,-0.42%
2019-10-11,"1,924.00","1,924.00","1,924.00","1,924.00",,-0.26%
2019-10-10,"1,929.00","1,929.00","1,929.00","1,929.00",,2.99%
2019-10-09,"1,873.00","1,873.00","1,873.00","1,873.00",,4.00%
2019-10-08,"1,801.00","1,801.00","1,801.00","1,801.00",,1.75%
2019-10-07,"1,770.00","1,770.00","1,770.00","1,770.00",,0.17%
2019-10-04,"1,767.00","1,767.00","1,767.00","1,767.00",,0.57%
2019-10-03,"1,757.00","1,757.00","1,757.00","1,757.00",,-2.55%
2019-10-02,"1,803.00","1,803.00","1,803.00","1,803.00",,-0.33%
2019-10-01,"1,809.00","1,809.00","1,809.00","1,809.00",,-0.77%
2019-09-30,"1,823.00","1,823.00","1,823.00","1,823.00",,-1.83%
2019-09-27,"1,857.00","1,857.00","1,857.00","1,857.00",,-5.40%
2019-09-26,"1,963.00","1,963.00","1,963.00","1,963.00",,-4.38%
2019-09-25,"2,053.00","2,053.00","2,053.00","2,053.00",,-2.98%
2019-09-24,"2,116.00","2,116.00","2,116.00","2,116.00",,0.38%
2019-09-23,"2,108.00","2,108.00","2,108.00","2,108.00",,-1.08%
2019-09-20,"2,131.00","2,131.00","2,131.00","2,131.00",,-2.78%
2019-09-19,"2,192.00","2,192.00","2,192.00","2,192.00",,-3.27%
2019-09-18,"2,266.00","2,266.00","2,266.00","2,266.00",,-0.74%
2019-09-17,"2,283.00","2,283.00","2,283.00","2,283.00",,-1.21%
2019-09-16,"2,311.00","2,311.00","2,311.00","2,311.00",,-0.04%
2019-09-13,"2,312.00","2,312.00","2,312.00","2,312.00",,-0.82%
2019-09-12,"2,331.00","2,331.00","2,331.00","2,331.00",,-1.48%
2019-09-11,"2,366.00","2,366.00","2,366.00","2,366.00",,-1.13%
2019-09-10,"2,393.00","2,393.00","2,393.00","2,393.00",,-1.20%
2019-09-09,"2,422.00","2,422.00","2,422.00","2,422.00",,-1.62%
2019-09-06,"2,462.00","2,462.00","2,462.00","2,462.00",,-1.48%
2019-09-05,"2,499.00","2,499.00","2,499.00","2,499.00",,-0.75%
2019-09-04,"2,518.00","2,518.00","2,518.00","2,518.00",,0.68%
2019-09-03,"2,501.00","2,501.00","2,501.00","2,501.00",,2.42%
2019-09-02,"2,442.00","2,442.00","2,442.00","2,442.00",,2.69%
2019-08-30,"2,378.00","2,378.00","2,378.00","2,378.00",,4.44%
2019-08-29,"2,277.00","2,277.00","2,277.00","2,277.00",,0.44%
2019-08-28,"2,267.00","2,267.00","2,267.00","2,267.00",,2.44%
2019-08-27,"2,213.00","2,213.00","2,213.00","2,213.00",,2.08%
2019-08-23,"2,168.00","2,168.00","2,168.00","2,168.00",,2.36%
2019-08-22,"2,118.00","2,118.00","2,118.00","2,118.00",,2.77%
2019-08-21,"2,061.00","2,061.00","2,061.00","2,061.00",,0.10%
2019-08-20,"2,059.00","2,059.00","2,059.00","2,059.00",,-0.39%
2019-08-19,"2,067.00","2,067.00","2,067.00","2,067.00",,-1.01%
2019-08-16,"2,088.00","2,088.00","2,088.00","2,088.00",,2.00%
2019-08-15,"2,047.00","2,047.00","2,047.00","2,047.00",,4.97%
2019-08-14,"1,950.00","1,950.00","1,950.00","1,950.00",,4.61%
2019-08-13,"1,864.00","1,864.00","1,864.00","1,864.00",,5.07%
2019-08-12,"1,774.00","1,774.00","1,774.00","1,774.00",,1.49%
2019-08-09,"1,748.00","1,748.00","1,748.00","1,748.00",,1.63%
2019-08-08,"1,720.00","1,720.00","1,720.00","1,720.00",,0.47%
2019-08-07,"1,712.00","1,712.00","1,712.00","1,712.00",,-1.27%
2019-08-06,"1,734.00","1,734.00","1,734.00","1,734.00",,-2.25%
2019-08-05,"1,774.00","1,774.00","1,774.00","1,774.00",,-0.78%
2019-08-02,"1,788.00","1,788.00","1,788.00","1,788.00",,-1.32%
2019-08-01,"1,812.00","1,812.00","1,812.00","1,812.00",,-3.00%
2019-07-31,"1,868.00","1,868.00","1,868.00","1,868.00",,-1.63%
2019-07-30,"1,899.00","1,899.00","1,899.00","1,899.00",,-1.20%
2019-07-29,"1,922.00","1,922.00","1,922.00","1,922.00",,-0.77%
2019-07-26,"1,937.00","1,937.00","1,937.00","1,937.00",,-0.51%
2019-07-25,"1,947.00","1,947.00","1,947.00","1,947.00",,-3.33%
2019-07-24,"2,014.00","2,014.00","2,014.00","2,014.00",,-6.97%
2019-07-23,"2,165.00","2,165.00","2,165.00","2,165.00",,-1.19%
2019-07-22,"2,191.00","2,191.00","2,191.00","2,191.00",,0.97%
2019-07-19,"2,170.00","2,170.00","2,170.00","2,170.00",,1.88%
2019-07-18,"2,130.00","2,130.00","2,130.00","2,130.00",,3.20%
2019-07-17,"2,064.00","2,064.00","2,064.00","2,064.00",,2.64%
2019-07-16,"2,011.00","2,011.00","2,011.00","2,011.00",,4.30%
2019-07-15,"1,928.00","1,928.00","1,928.00","1,928.00",,3.38%
2019-07-12,"1,865.00","1,865.00","1,865.00","1,865.00",,2.70%
2019-07-11,"1,816.00","1,816.00","1,816.00","1,816.00",,2.19%
2019-07-10,"1,777.00","1,777.00","1,777.00","1,777.00",,1.02%
2019-07-09,"1,759.00","1,759.00","1,759.00","1,759.00",,1.97%
2019-07-08,"1,725.00","1,725.00","1,725.00","1,725.00",,-0.86%
2019-07-05,"1,740.00","1,740.00","1,740.00","1,740.00",,2.35%
2019-07-04,"1,700.00","1,700.00","1,700.00","1,700.00",,9.75%
2019-07-03,"1,549.00","1,549.00","1,549.00","1,549.00",,7.12%
2019-07-02,"1,446.00","1,446.00","1,446.00","1,446.00",,4.71%
2019-07-01,"1,381.00","1,381.00","1,381.00","1,381.00",,1.99%
2019-06-28,"1,354.00","1,354.00","1,354.00","1,354.00",,1.04%
2019-06-27,"1,340.00","1,340.00","1,340.00","1,340.00",,1.75%
2019-06-26,"1,317.00","1,317.00","1,317.00","1,317.00",,2.89%
2019-06-25,"1,280.00","1,280.00","1,280.00","1,280.00",,1.75%
2019-06-24,"1,258.00","1,258.00","1,258.00","1,258.00",,1.53%
2019-06-21,"1,239.00","1,239.00","1,239.00","1,239.00",,3.77%
2019-06-20,"1,194.00","1,194.00","1,194.00","1,194.00",,1.27%
2019-06-19,"1,179.00","1,179.00","1,179.00","1,179.00",,3.88%
2019-06-18,"1,135.00","1,135.00","1,135.00","1,135.00",,3.84%
2019-06-17,"1,093.00","1,093.00","1,093.00","1,093.00",,0.74%
2019-06-14,"1,085.00","1,085.00","1,085.00","1,085.00",,2.17%
2019-06-13,"1,062.00","1,062.00","1,062.00","1,062.00",,-1.67%
2019-06-12,"1,080.00","1,080.00","1,080.00","1,080.00",,-2.26%
2019-06-11,"1,105.00","1,105.00","1,105.00","1,105.00",,-1.78%
2019-06-10,"1,125.00","1,125.00","1,125.00","1,125.00",,-1.14%
2019-06-07,"1,138.00","1,138.00","1,138.00","1,138.00",,0.00%
2019-06-06,"1,138.00","1,138.00","1,138.00","1,138.00",,-0.26%
2019-06-05,"1,141.00","1,141.00","1,141.00","1,141.00",,1.69%
2019-06-04,"1,122.00","1,122.00","1,122.00","1,122.00",,1.72%
2019-06-03,"1,103.00","1,103.00","1,103.00","1,103.00",,0.64%
2019-05-31,"1,096.00","1,096.00","1,096.00","1,096.00",,-0.09%
2019-05-30,"1,097.00","1,097.00","1,097.00","1,097.00",,-0.90%
2019-05-29,"1,107.00","1,107.00","1,107.00","1,107.00",,2.31%
2019-05-28,"1,082.00","1,082.00","1,082.00","1,082.00",,1.50%
2019-05-24,"1,066.00","1,066.00","1,066.00","1,066.00",,-0.19%
2019-05-23,"1,068.00","1,068.00","1,068.00","1,068.00",,0.85%
2019-05-22,"1,059.00","1,059.00","1,059.00","1,059.00",,0.95%
2019-05-21,"1,049.00","1,049.00","1,049.00","1,049.00",,0.77%
2019-05-20,"1,041.00","1,041.00","1,041.00","1,041.00",,0.10%
2019-05-17,"1,040.00","1,040.00","1,040.00","1,040.00",,0.78%
2019-05-16,"1,032.00","1,032.00","1,032.00","1,032.00",,0.00%
2019-05-15,"1,032.00","1,032.00","1,032.00","1,032.00",,-1.05%
2019-05-14,"1,043.00","1,043.00","1,043.00","1,043.00",,1.66%
2019-05-13,"1,026.00","1,026.00","1,026.00","1,026.00",,1.28%
2019-05-10,"1,013.00","1,013.00","1,013.00","1,013.00",,4.00%
2019-05-09,974.00,974.00,974.00,974.00,,3.62%
2019-05-08,940.00,940.00,940.00,940.00,,0.43%
2019-05-07,936.00,936.00,936.00,936.00,,-4.97%
2019-05-03,985.00,985.00,985.00,985.00,,-4.55%
2019-05-02,"1,032.00","1,032.00","1,032.00","1,032.00",,0.10%
2019-05-01,"1,031.00","1,031.00","1,031.00","1,031.00",,1.98%
2019-04-30,"1,011.00","1,011.00","1,011.00","1,011.00",,10.73%
2019-04-29,913.00,913.00,913.00,913.00,,2.70%
2019-04-26,889.00,889.00,889.00,889.00,,2.30%
2019-04-25,869.00,869.00,869.00,869.00,,2.24%
2019-04-24,850.00,850.00,850.00,850.00,,3.53%
2019-04-23,821.00,821.00,821.00,821.00,,3.92%
2019-04-18,790.00,790.00,790.00,790.00,,3.00%
2019-04-17,767.00,767.00,767.00,767.00,,2.40%
2019-04-16,749.00,749.00,749.00,749.00,,1.49%
2019-04-15,738.00,738.00,738.00,738.00,,1.65%
2019-04-12,726.00,726.00,726.00,726.00,,-0.27%
2019-04-11,728.00,728.00,728.00,728.00,,-0.82%
2019-04-10,734.00,734.00,734.00,734.00,,1.24%
2019-04-09,725.00,725.00,725.00,725.00,,1.54%
2019-04-08,714.00,714.00,714.00,714.00,,0.42%
2019-04-05,711.00,711.00,711.00,711.00,,1.72%
2019-04-04,699.00,699.00,699.00,699.00,,4.02%
2019-04-03,672.00,672.00,672.00,672.00,,-0.30%
2019-04-02,674.00,674.00,674.00,674.00,,-1.61%
2019-04-01,685.00,685.00,685.00,685.00,,-0.58%
2019-03-29,689.00,689.00,689.00,689.00,,-0.43%
2019-03-28,692.00,692.00,692.00,692.00,,0.29%
2019-03-27,690.00,690.00,690.00,690.00,,1.02%
2019-03-26,683.00,683.00,683.00,683.00,,-0.87%
2019-03-25,689.00,689.00,689.00,689.00,,-0.14%
2019-03-22,690.00,690.00,690.00,690.00,,-0.72%
2019-03-21,695.00,695.00,695.00,695.00,,-1.97%
2019-03-20,709.00,709.00,709.00,709.00,,-0.42%
2019-03-19,712.00,712.00,712.00,712.00,,-1.25%
2019-03-18,721.00,721.00,721.00,721.00,,-1.23%
2019-03-15,730.00,730.00,730.00,730.00,,7.83%
2019-03-14,677.00,677.00,677.00,677.00,,3.52%
2019-03-13,654.00,654.00,654.00,654.00,,1.08%
2019-03-12,647.00,647.00,647.00,647.00,,0.31%
2019-03-11,645.00,645.00,645.00,645.00,,-0.62%
2019-03-08,649.00,649.00,649.00,649.00,,-1.22%
2019-03-07,657.00,657.00,657.00,657.00,,-1.05%
2019-03-06,664.00,664.00,664.00,664.00,,0.15%
2019-03-05,663.00,663.00,663.00,663.00,,-0.90%
2019-03-04,669.00,669.00,669.00,669.00,,0.75%
2019-03-01,664.00,664.00,664.00,664.00,,0.91%
2019-02-28,658.00,658.00,658.00,658.00,,1.08%
2019-02-27,651.00,651.00,651.00,651.00,,0.31%
2019-02-26,649.00,649.00,649.00,649.00,,1.88%
2019-02-25,637.00,637.00,637.00,637.00,,0.47%
2019-02-22,634.00,634.00,634.00,634.00,,0.63%
2019-02-21,630.00,630.00,630.00,630.00,,1.29%
2019-02-20,622.00,622.00,622.00,622.00,,-2.05%
2019-02-19,635.00,635.00,635.00,635.00,,-1.24%
2019-02-18,643.00,643.00,643.00,643.00,,0.63%
2019-02-15,639.00,639.00,639.00,639.00,,1.75%
2019-02-14,628.00,628.00,628.00,628.00,,3.29%
2019-02-13,608.00,608.00,608.00,608.00,,1.67%
2019-02-12,598.00,598.00,598.00,598.00,,0.50%
2019-02-11,595.00,595.00,595.00,595.00,,-1.00%
2019-02-08,601.00,601.00,601.00,601.00,,-1.48%
2019-02-07,610.00,610.00,610.00,610.00,,-3.02%
2019-02-06,629.00,629.00,629.00,629.00,,0.00%
2019-02-05,629.00,629.00,629.00,629.00,,-0.79%
2019-02-04,634.00,634.00,634.00,634.00,,-1.71%
2019-02-01,645.00,645.00,645.00,645.00,,-3.44%
2019-01-31,668.00,668.00,668.00,668.00,,-7.35%
2019-01-30,721.00,721.00,721.00,721.00,,-9.54%
2019-01-29,797.00,797.00,797.00,797.00,,-6.46%
2019-01-28,852.00,852.00,852.00,852.00,,-5.86%
2019-01-25,905.00,905.00,905.00,905.00,,-3.62%
2019-01-24,939.00,939.00,939.00,939.00,,-4.38%
2019-01-23,982.00,982.00,982.00,982.00,,-5.21%
2019-01-22,"1,036.00","1,036.00","1,036.00","1,036.00",,-5.13%
2019-01-21,"1,092.00","1,092.00","1,092.00","1,092.00",,-1.80%
2019-01-18,"1,112.00","1,112.00","1,112.00","1,112.00",,3.25%
2019-01-17,"1,077.00","1,077.00","1,077.00","1,077.00",,2.09%
2019-01-16,"1,055.00","1,055.00","1,055.00","1,055.00",,-3.74%
2019-01-15,"1,096.00","1,096.00","1,096.00","1,096.00",,-4.45%
2019-01-14,"1,147.00","1,147.00","1,147.00","1,147.00",,-1.88%
2019-01-11,"1,169.00","1,169.00","1,169.00","1,169.00",,-1.68%
2019-01-10,"1,189.00","1,189.00","1,189.00","1,189.00",,-3.96%
2019-01-09,"1,238.00","1,238.00","1,238.00","1,238.00",,-1.90%
2019-01-08,"1,262.00","1,262.00","1,262.00","1,262.00",,1.20%
2019-01-07,"1,247.00","1,247.00","1,247.00","1,247.00",,-1.03%
2019-01-04,"1,260.00","1,260.00","1,260.00","1,260.00",,-0.55%
2019-01-03,"1,267.00","1,267.00","1,267.00","1,267.00",,-1.17%
2019-01-02,"1,282.00","1,282.00","1,282.00","1,282.00",,0.87%
2018-12-24,"1,271.00","1,271.00","1,271.00","1,271.00",,-0.63%
2018-12-21,"1,279.00","1,279.00","1,279.00","1,279.00",,-2.96%
2018-12-20,"1,318.00","1,318.00","1,318.00","1,318.00",,-4.35%
2018-12-19,"1,378.00","1,378.00","1,378.00","1,378.00",,-1.22%
2018-12-18,"1,395.00","1,395.00","1,395.00","1,395.00",,-0.78%
2018-12-17,"1,406.00","1,406.00","1,406.00","1,406.00",,0.36%
2018-12-14,"1,401.00","1,401.00","1,401.00","1,401.00",,2.64%
2018-12-13,"1,365.00","1,365.00","1,365.00","1,365.00",,0.89%
2018-12-12,"1,353.00","1,353.00","1,353.00","1,353.00",,-0.81%
2018-12-11,"1,364.00","1,364.00","1,364.00","1,364.00",,-1.52%
2018-12-10,"1,385.00","1,385.00","1,385.00","1,385.00",,0.95%
2018-12-07,"1,372.00","1,372.00","1,372.00","1,372.00",,2.46%
2018-12-06,"1,339.00","1,339.00","1,339.00","1,339.00",,3.32%
2018-12-05,"1,296.00","1,296.00","1,296.00","1,296.00",,4.77%
2018-12-04,"1,237.00","1,237.00","1,237.00","1,237.00",,2.83%
2018-12-03,"1,203.00","1,203.00","1,203.00","1,203.00",,-2.27%
2018-11-30,"1,231.00","1,231.00","1,231.00","1,231.00",,-3.90%
2018-11-29,"1,281.00","1,281.00","1,281.00","1,281.00",,-3.68%
2018-11-28,"1,330.00","1,330.00","1,330.00","1,330.00",,-0.67%
2018-11-27,"1,339.00","1,339.00","1,339.00","1,339.00",,10.02%
2018-11-26,"1,217.00","1,217.00","1,217.00","1,217.00",,11.34%
2018-11-23,"1,093.00","1,093.00","1,093.00","1,093.00",,7.37%
2018-11-22,"1,018.00","1,018.00","1,018.00","1,018.00",,0.99%
2018-11-21,"1,008.00","1,008.00","1,008.00","1,008.00",,0.50%
2018-11-20,"1,003.00","1,003.00","1,003.00","1,003.00",,-1.96%
2018-11-19,"1,023.00","1,023.00","1,023.00","1,023.00",,-0.78%
2018-11-16,"1,031.00","1,031.00","1,031.00","1,031.00",,1.08%
2018-11-15,"1,020.00","1,020.00","1,020.00","1,020.00",,1.09%
2018-11-14,"1,009.00","1,009.00","1,009.00","1,009.00",,-5.17%
2018-11-13,"1,064.00","1,064.00","1,064.00","1,064.00",,-5.42%
2018-11-12,"1,125.00","1,125.00","1,125.00","1,125.00",,-1.92%
2018-11-09,"1,147.00","1,147.00","1,147.00","1,147.00",,-6.82%
2018-11-08,"1,231.00","1,231.00","1,231.00","1,231.00",,-5.60%
2018-11-07,"1,304.00","1,304.00","1,304.00","1,304.00",,-6.52%
2018-11-06,"1,395.00","1,395.00","1,395.00","1,395.00",,-2.31%
2018-11-05,"1,428.00","1,428.00","1,428.00","1,428.00",,-1.99%
2018-11-02,"1,457.00","1,457.00","1,457.00","1,457.00",,-0.88%
2018-11-01,"1,470.00","1,470.00","1,470.00","1,470.00",,-1.34%
2018-10-31,"1,490.00","1,490.00","1,490.00","1,490.00",,-1.52%
2018-10-30,"1,513.00","1,513.00","1,513.00","1,513.00",,-0.59%
2018-10-29,"1,522.00","1,522.00","1,522.00","1,522.00",,0.20%
2018-10-26,"1,519.00","1,519.00","1,519.00","1,519.00",,0.20%
2018-10-25,"1,516.00","1,516.00","1,516.00","1,516.00",,-1.94%
2018-10-24,"1,546.00","1,546.00","1,546.00","1,546.00",,-1.97%
2018-10-23,"1,577.00","1,577.00","1,577.00","1,577.00",,-0.13%
2018-10-22,"1,579.00","1,579.00","1,579.00","1,579.00",,0.19%
2018-10-19,"1,576.00","1,576.00","1,576.00","1,576.00",,0.70%
2018-10-18,"1,565.00","1,565.00","1,565.00","1,565.00",,0.71%
2018-10-17,"1,554.00","1,554.00","1,554.00","1,554.00",,-1.52%
2018-10-16,"1,578.00","1,578.00","1,578.00","1,578.00",,-0.38%
2018-10-15,"1,584.00","1,584.00","1,584.00","1,584.00",,0.32%
2018-10-12,"1,579.00","1,579.00","1,579.00","1,579.00",,4.22%
2018-10-11,"1,515.00","1,515.00","1,515.00","1,515.00",,1.47%
2018-10-10,"1,493.00","1,493.00","1,493.00","1,493.00",,-0.67%
2018-10-09,"1,503.00","1,503.00","1,503.00","1,503.00",,-1.76%
2018-10-08,"1,530.00","1,530.00","1,530.00","1,530.00",,-0.39%
2018-10-05,"1,536.00","1,536.00","1,536.00","1,536.00",,-1.16%
2018-10-04,"1,554.00","1,554.00","1,554.00","1,554.00",,-1.27%
2018-10-03,"1,574.00","1,574.00","1,574.00","1,574.00",,0.25%
2018-10-02,"1,570.00","1,570.00","1,570.00","1,570.00",,0.96%
2018-10-01,"1,555.00","1,555.00","1,555.00","1,555.00",,0.97%
2018-09-28,"1,540.00","1,540.00","1,540.00","1,540.00",,1.05%
2018-09-27,"1,524.00","1,524.00","1,524.00","1,524.00",,1.40%
2018-09-26,"1,503.00","1,503.00","1,503.00","1,503.00",,3.66%
2018-09-25,"1,450.00","1,450.00","1,450.00","1,450.00",,1.12%
2018-09-24,"1,434.00","1,434.00","1,434.00","1,434.00",,1.49%
2018-09-21,"1,413.00","1,413.00","1,413.00","1,413.00",,1.22%
2018-09-20,"1,396.00","1,396.00","1,396.00","1,396.00",,1.68%
2018-09-19,"1,373.00","1,373.00","1,373.00","1,373.00",,1.25%
2018-09-18,"1,356.00","1,356.00","1,356.00","1,356.00",,-0.07%
2018-09-17,"1,357.00","1,357.00","1,357.00","1,357.00",,-0.66%
2018-09-14,"1,366.00","1,366.00","1,366.00","1,366.00",,-1.16%
2018-09-13,"1,382.00","1,382.00","1,382.00","1,382.00",,-2.06%
2018-09-12,"1,411.00","1,411.00","1,411.00","1,411.00",,-1.95%
2018-09-11,"1,439.00","1,439.00","1,439.00","1,439.00",,-2.90%
2018-09-10,"1,482.00","1,482.00","1,482.00","1,482.00",,-0.54%
2018-09-07,"1,490.00","1,490.00","1,490.00","1,490.00",,0.40%
2018-09-06,"1,484.00","1,484.00","1,484.00","1,484.00",,0.47%
2018-09-05,"1,477.00","1,477.00","1,477.00","1,477.00",,-2.38%
2018-09-04,"1,513.00","1,513.00","1,513.00","1,513.00",,-2.83%
2018-09-03,"1,557.00","1,557.00","1,557.00","1,557.00",,-1.39%
2018-08-31,"1,579.00","1,579.00","1,579.00","1,579.00",,-2.17%
2018-08-30,"1,614.00","1,614.00","1,614.00","1,614.00",,-2.83%
2018-08-29,"1,661.00","1,661.00","1,661.00","1,661.00",,-1.37%
2018-08-28,"1,684.00","1,684.00","1,684.00","1,684.00",,-0.77%
2018-08-24,"1,697.00","1,697.00","1,697.00","1,697.00",,-0.70%
2018-08-23,"1,709.00","1,709.00","1,709.00","1,709.00",,-1.50%
2018-08-22,"1,735.00","1,735.00","1,735.00","1,735.00",,-0.06%
2018-08-21,"1,736.00","1,736.00","1,736.00","1,736.00",,0.52%
2018-08-20,"1,727.00","1,727.00","1,727.00","1,727.00",,0.23%
2018-08-17,"1,723.00","1,723.00","1,723.00","1,723.00",,0.17%
2018-08-16,"1,720.00","1,720.00","1,720.00","1,720.00",,-0.41%
2018-08-15,"1,727.00","1,727.00","1,727.00","1,727.00",,0.12%
2018-08-14,"1,725.00","1,725.00","1,725.00","1,725.00",,0.94%
2018-08-13,"1,709.00","1,709.00","1,709.00","1,709.00",,1.06%
2018-08-10,"1,691.00","1,691.00","1,691.00","1,691.00",,-0.18%
2018-08-09,"1,694.00","1,694.00","1,694.00","1,694.00",,-0.59%
2018-08-08,"1,704.00","1,704.00","1,704.00","1,704.00",,-1.62%
2018-08-07,"1,732.00","1,732.00","1,732.00","1,732.00",,-2.31%
2018-08-06,"1,773.00","1,773.00","1,773.00","1,773.00",,0.00%
2018-08-03,"1,773.00","1,773.00","1,773.00","1,773.00",,0.97%
2018-08-02,"1,756.00","1,756.00","1,756.00","1,756.00",,-0.23%
2018-08-01,"1,760.00","1,760.00","1,760.00","1,760.00",,0.74%
2018-07-31,"1,747.00","1,747.00","1,747.00","1,747.00",,2.58%
2018-07-30,"1,703.00","1,703.00","1,703.00","1,703.00",,1.61%
2018-07-27,"1,676.00","1,676.00","1,676.00","1,676.00",,-1.87%
2018-07-26,"1,708.00","1,708.00","1,708.00","1,708.00",,-3.61%
2018-07-25,"1,772.00","1,772.00","1,772.00","1,772.00",,-0.11%
2018-07-24,"1,774.00","1,774.00","1,774.00","1,774.00",,3.26%
2018-07-23,"1,718.00","1,718.00","1,718.00","1,718.00",,1.72%
2018-07-20,"1,689.00","1,689.00","1,689.00","1,689.00",,1.93%
2018-07-19,"1,657.00","1,657.00","1,657.00","1,657.00",,-1.84%
2018-07-18,"1,688.00","1,688.00","1,688.00","1,688.00",,-1.92%
2018-07-17,"1,721.00","1,721.00","1,721.00","1,721.00",,1.53%
2018-07-16,"1,695.00","1,695.00","1,695.00","1,695.00",,1.74%
2018-07-13,"1,666.00","1,666.00","1,666.00","1,666.00",,2.08%
2018-07-12,"1,632.00","1,632.00","1,632.00","1,632.00",,2.90%
2018-07-11,"1,586.00","1,586.00","1,586.00","1,586.00",,1.99%
2018-07-10,"1,555.00","1,555.00","1,555.00","1,555.00",,-3.36%
2018-07-09,"1,609.00","1,609.00","1,609.00","1,609.00",,-0.80%
2018-07-06,"1,622.00","1,622.00","1,622.00","1,622.00",,0.62%
2018-07-05,"1,612.00","1,612.00","1,612.00","1,612.00",,2.87%
2018-07-04,"1,567.00","1,567.00","1,567.00","1,567.00",,6.17%
2018-07-03,"1,476.00","1,476.00","1,476.00","1,476.00",,3.80%
2018-07-02,"1,422.00","1,422.00","1,422.00","1,422.00",,2.67%
2018-06-29,"1,385.00","1,385.00","1,385.00","1,385.00",,4.21%
2018-06-28,"1,329.00","1,329.00","1,329.00","1,329.00",,1.53%
2018-06-27,"1,309.00","1,309.00","1,309.00","1,309.00",,-1.06%
2018-06-26,"1,323.00","1,323.00","1,323.00","1,323.00",,-0.75%
2018-06-25,"1,333.00","1,333.00","1,333.00","1,333.00",,-0.60%
2018-06-22,"1,341.00","1,341.00","1,341.00","1,341.00",,-0.45%
2018-06-21,"1,347.00","1,347.00","1,347.00","1,347.00",,-1.89%
2018-06-20,"1,373.00","1,373.00","1,373.00","1,373.00",,-3.24%
2018-06-19,"1,419.00","1,419.00","1,419.00","1,419.00",,-1.60%
2018-06-18,"1,442.00","1,442.00","1,442.00","1,442.00",,-0.21%
2018-06-15,"1,445.00","1,445.00","1,445.00","1,445.00",,0.84%
2018-06-14,"1,433.00","1,433.00","1,433.00","1,433.00",,2.07%
2018-06-13,"1,404.00","1,404.00","1,404.00","1,404.00",,1.01%
2018-06-12,"1,390.00","1,390.00","1,390.00","1,390.00",,0.22%
2018-06-11,"1,387.00","1,387.00","1,387.00","1,387.00",,-0.29%
2018-06-08,"1,391.00","1,391.00","1,391.00","1,391.00",,-0.29%
2018-06-07,"1,395.00","1,395.00","1,395.00","1,395.00",,4.10%
2018-06-06,"1,340.00","1,340.00","1,340.00","1,340.00",,7.29%
2018-06-05,"1,249.00","1,249.00","1,249.00","1,249.00",,4.69%
2018-06-04,"1,193.00","1,193.00","1,193.00","1,193.00",,3.20%
2018-06-01,"1,156.00","1,156.00","1,156.00","1,156.00",,6.06%
2018-05-31,"1,090.00","1,090.00","1,090.00","1,090.00",,4.61%
2018-05-30,"1,042.00","1,042.00","1,042.00","1,042.00",,-1.42%
2018-05-29,"1,057.00","1,057.00","1,057.00","1,057.00",,-1.86%
2018-05-25,"1,077.00","1,077.00","1,077.00","1,077.00",,-2.89%
2018-05-24,"1,109.00","1,109.00","1,109.00","1,109.00",,-4.56%
2018-05-23,"1,162.00","1,162.00","1,162.00","1,162.00",,-3.09%
2018-05-22,"1,199.00","1,199.00","1,199.00","1,199.00",,-3.23%
2018-05-21,"1,239.00","1,239.00","1,239.00","1,239.00",,-2.67%
2018-05-18,"1,273.00","1,273.00","1,273.00","1,273.00",,-2.45%
2018-05-17,"1,305.00","1,305.00","1,305.00","1,305.00",,-6.99%
2018-05-16,"1,403.00","1,403.00","1,403.00","1,403.00",,-4.43%
2018-05-15,"1,468.00","1,468.00","1,468.00","1,468.00",,-0.54%
2018-05-14,"1,476.00","1,476.00","1,476.00","1,476.00",,0.27%
2018-05-11,"1,472.00","1,472.00","1,472.00","1,472.00",,1.31%
2018-05-10,"1,453.00","1,453.00","1,453.00","1,453.00",,-0.82%
2018-05-09,"1,465.00","1,465.00","1,465.00","1,465.00",,2.30%
2018-05-08,"1,432.00","1,432.00","1,432.00","1,432.00",,3.47%
2018-05-04,"1,384.00","1,384.00","1,384.00","1,384.00",,0.58%
2018-05-03,"1,376.00","1,376.00","1,376.00","1,376.00",,2.23%
2018-05-02,"1,346.00","1,346.00","1,346.00","1,346.00",,1.43%
2018-05-01,"1,327.00","1,327.00","1,327.00","1,327.00",,-1.04%
2018-04-30,"1,341.00","1,341.00","1,341.00","1,341.00",,-1.47%
2018-04-27,"1,361.00","1,361.00","1,361.00","1,361.00",,-1.02%
2018-04-26,"1,375.00","1,375.00","1,375.00","1,375.00",,-0.07%
2018-04-25,"1,376.00","1,376.00","1,376.00","1,376.00",,3.46%
2018-04-24,"1,330.00","1,330.00","1,330.00","1,330.00",,1.84%
2018-04-23,"1,306.00","1,306.00","1,306.00","1,306.00",,1.95%
2018-04-20,"1,281.00","1,281.00","1,281.00","1,281.00",,6.66%
2018-04-19,"1,201.00","1,201.00","1,201.00","1,201.00",,6.85%
2018-04-18,"1,124.00","1,124.00","1,124.00","1,124.00",,6.84%
2018-04-17,"1,052.00","1,052.00","1,052.00","1,052.00",,2.63%
2018-04-16,"1,025.00","1,025.00","1,025.00","1,025.00",,1.08%
2018-04-13,"1,014.00","1,014.00","1,014.00","1,014.00",,2.11%
2018-04-12,993.00,993.00,993.00,993.00,,1.43%
2018-04-11,979.00,979.00,979.00,979.00,,0.51%
2018-04-10,974.00,974.00,974.00,974.00,,2.31%
2018-04-09,952.00,952.00,952.00,952.00,,0.42%
2018-04-06,948.00,948.00,948.00,948.00,,-0.52%
2018-04-05,953.00,953.00,953.00,953.00,,-2.46%
2018-04-04,977.00,977.00,977.00,977.00,,-3.84%
2018-04-03,"1,016.00","1,016.00","1,016.00","1,016.00",,-3.70%
2018-03-29,"1,055.00","1,055.00","1,055.00","1,055.00",,-2.31%
2018-03-28,"1,080.00","1,080.00","1,080.00","1,080.00",,-3.31%
2018-03-27,"1,117.00","1,117.00","1,117.00","1,117.00",,-0.80%
2018-03-26,"1,126.00","1,126.00","1,126.00","1,126.00",,0.36%
2018-03-23,"1,122.00","1,122.00","1,122.00","1,122.00",,0.45%
2018-03-22,"1,117.00","1,117.00","1,117.00","1,117.00",,0.00%
2018-03-21,"1,117.00","1,117.00","1,117.00","1,117.00",,-0.45%
2018-03-20,"1,122.00","1,122.00","1,122.00","1,122.00",,-1.23%
2018-03-19,"1,136.00","1,136.00","1,136.00","1,136.00",,-0.61%
2018-03-16,"1,143.00","1,143.00","1,143.00","1,143.00",,-0.61%
2018-03-15,"1,150.00","1,150.00","1,150.00","1,150.00",,-1.63%
2018-03-14,"1,169.00","1,169.00","1,169.00","1,169.00",,-0.85%
2018-03-13,"1,179.00","1,179.00","1,179.00","1,179.00",,-1.09%
2018-03-12,"1,192.00","1,192.00","1,192.00","1,192.00",,-0.75%
2018-03-09,"1,201.00","1,201.00","1,201.00","1,201.00",,0.33%
2018-03-08,"1,197.00","1,197.00","1,197.00","1,197.00",,0.50%
2018-03-07,"1,191.00","1,191.00","1,191.00","1,191.00",,-1.73%
2018-03-06,"1,212.00","1,212.00","1,212.00","1,212.00",,0.17%
2018-03-05,"1,210.00","1,210.00","1,210.00","1,210.00",,0.25%
2018-03-02,"1,207.00","1,207.00","1,207.00","1,207.00",,0.92%
2018-03-01,"1,196.00","1,196.00","1,196.00","1,196.00",,0.34%
2018-02-28,"1,192.00","1,192.00","1,192.00","1,192.00",,0.34%
2018-02-27,"1,188.00","1,188.00","1,188.00","1,188.00",,-0.25%
2018-02-26,"1,191.00","1,191.00","1,191.00","1,191.00",,0.51%
2018-02-23,"1,185.00","1,185.00","1,185.00","1,185.00",,1.54%
2018-02-22,"1,167.00","1,167.00","1,167.00","1,167.00",,1.83%
2018-02-21,"1,146.00","1,146.00","1,146.00","1,146.00",,2.60%
2018-02-20,"1,117.00","1,117.00","1,117.00","1,117.00",,2.76%
2018-02-19,"1,087.00","1,087.00","1,087.00","1,087.00",,0.28%
2018-02-16,"1,084.00","1,084.00","1,084.00","1,084.00",,-0.46%
2018-02-15,"1,089.00","1,089.00","1,089.00","1,089.00",,-0.55%
2018-02-14,"1,095.00","1,095.00","1,095.00","1,095.00",,-1.71%
2018-02-13,"1,114.00","1,114.00","1,114.00","1,114.00",,-0.80%
2018-02-12,"1,123.00","1,123.00","1,123.00","1,123.00",,-0.18%
2018-02-09,"1,125.00","1,125.00","1,125.00","1,125.00",,1.72%
2018-02-08,"1,106.00","1,106.00","1,106.00","1,106.00",,0.82%
2018-02-07,"1,097.00","1,097.00","1,097.00","1,097.00",,0.18%
2018-02-06,"1,095.00","1,095.00","1,095.00","1,095.00",,1.20%
2018-02-05,"1,082.00","1,082.00","1,082.00","1,082.00",,-1.19%
2018-02-02,"1,095.00","1,095.00","1,095.00","1,095.00",,-1.71%
2018-02-01,"1,114.00","1,114.00","1,114.00","1,114.00",,-3.30%
2018-01-31,"1,152.00","1,152.00","1,152.00","1,152.00",,-3.27%
2018-01-30,"1,191.00","1,191.00","1,191.00","1,191.00",,-1.89%
2018-01-29,"1,214.00","1,214.00","1,214.00","1,214.00",,-0.41%
2018-01-26,"1,219.00","1,219.00","1,219.00","1,219.00",,0.16%
2018-01-25,"1,217.00","1,217.00","1,217.00","1,217.00",,1.42%
2018-01-24,"1,200.00","1,200.00","1,200.00","1,200.00",,3.72%
2018-01-23,"1,157.00","1,157.00","1,157.00","1,157.00",,2.48%
2018-01-22,"1,129.00","1,129.00","1,129.00","1,129.00",,0.36%
2018-01-19,"1,125.00","1,125.00","1,125.00","1,125.00",,-1.23%
2018-01-18,"1,139.00","1,139.00","1,139.00","1,139.00",,-2.15%
2018-01-17,"1,164.00","1,164.00","1,164.00","1,164.00",,-4.67%
2018-01-16,"1,221.00","1,221.00","1,221.00","1,221.00",,-3.40%
2018-01-15,"1,264.00","1,264.00","1,264.00","1,264.00",,-1.17%
2018-01-12,"1,279.00","1,279.00","1,279.00","1,279.00",,-1.84%
2018-01-11,"1,303.00","1,303.00","1,303.00","1,303.00",,-4.61%
2018-01-10,"1,366.00","1,366.00","1,366.00","1,366.00",,-2.08%
2018-01-09,"1,395.00","1,395.00","1,395.00","1,395.00",,0.72%
2018-01-08,"1,385.00","1,385.00","1,385.00","1,385.00",,1.02%
2018-01-05,"1,371.00","1,371.00","1,371.00","1,371.00",,2.24%
2018-01-04,"1,341.00","1,341.00","1,341.00","1,341.00",,6.26%
2018-01-03,"1,262.00","1,262.00","1,262.00","1,262.00",,2.60%
2018-01-02,"1,230.00","1,230.00","1,230.00","1,230.00",,-9.96%
2017-12-22,"1,366.00","1,366.00","1,366.00","1,366.00",,-4.48%
2017-12-21,"1,430.00","1,430.00","1,430.00","1,430.00",,-3.12%
2017-12-20,"1,476.00","1,476.00","1,476.00","1,476.00",,-4.59%
2017-12-19,"1,547.00","1,547.00","1,547.00","1,547.00",,-2.58%
2017-12-18,"1,588.00","1,588.00","1,588.00","1,588.00",,-1.91%
2017-12-15,"1,619.00","1,619.00","1,619.00","1,619.00",,-2.94%
2017-12-14,"1,668.00","1,668.00","1,668.00","1,668.00",,-3.58%
2017-12-13,"1,730.00","1,730.00","1,730.00","1,730.00",,-0.75%
2017-12-12,"1,743.00","1,743.00","1,743.00","1,743.00",,0.93%
2017-12-11,"1,727.00","1,727.00","1,727.00","1,727.00",,1.47%
2017-12-08,"1,702.00","1,702.00","1,702.00","1,702.00",,1.37%
2017-12-07,"1,679.00","1,679.00","1,679.00","1,679.00",,0.54%
2017-12-06,"1,670.00","1,670.00","1,670.00","1,670.00",,0.24%
2017-12-05,"1,666.00","1,666.00","1,666.00","1,666.00",,0.24%
2017-12-04,"1,662.00","1,662.00","1,662.00","1,662.00",,2.21%
2017-12-01,"1,626.00","1,626.00","1,626.00","1,626.00",,3.04%
2017-11-30,"1,578.00","1,578.00","1,578.00","1,578.00",,2.73%
2017-11-29,"1,536.00","1,536.00","1,536.00","1,536.00",,1.99%
2017-11-28,"1,506.00","1,506.00","1,506.00","1,506.00",,1.96%
2017-11-27,"1,477.00","1,477.00","1,477.00","1,477.00",,1.30%
2017-11-24,"1,458.00","1,458.00","1,458.00","1,458.00",,0.90%
2017-11-23,"1,445.00","1,445.00","1,445.00","1,445.00",,2.26%
2017-11-22,"1,413.00","1,413.00","1,413.00","1,413.00",,1.22%
2017-11-21,"1,396.00","1,396.00","1,396.00","1,396.00",,0.79%
2017-11-20,"1,385.00","1,385.00","1,385.00","1,385.00",,1.02%
2017-11-17,"1,371.00","1,371.00","1,371.00","1,371.00",,0.73%
2017-11-16,"1,361.00","1,361.00","1,361.00","1,361.00",,-0.95%
2017-11-15,"1,374.00","1,374.00","1,374.00","1,374.00",,-2.21%
2017-11-14,"1,405.00","1,405.00","1,405.00","1,405.00",,-2.77%
2017-11-13,"1,445.00","1,445.00","1,445.00","1,445.00",,-1.30%
2017-11-10,"1,464.00","1,464.00","1,464.00","1,464.00",,-1.15%
2017-11-09,"1,481.00","1,481.00","1,481.00","1,481.00",,-0.34%
2017-11-08,"1,486.00","1,486.00","1,486.00","1,486.00",,0.61%
2017-11-07,"1,477.00","1,477.00","1,477.00","1,477.00",,0.27%
2017-11-06,"1,473.00","1,473.00","1,473.00","1,473.00",,-0.20%
2017-11-03,"1,476.00","1,476.00","1,476.00","1,476.00",,-0.40%
2017-11-02,"1,482.00","1,482.00","1,482.00","1,482.00",,-0.94%
2017-11-01,"1,496.00","1,496.00","1,496.00","1,496.00",,-1.71%
2017-10-31,"1,522.00","1,522.00","1,522.00","1,522.00",,-0.78%
2017-10-30,"1,534.00","1,534.00","1,534.00","1,534.00",,-0.78%
2017-10-27,"1,546.00","1,546.00","1,546.00","1,546.00",,-0.58%
2017-10-26,"1,555.00","1,555.00","1,555.00","1,555.00",,-1.14%
2017-10-25,"1,573.00","1,573.00","1,573.00","1,573.00",,-0.94%
2017-10-24,"1,588.00","1,588.00","1,588.00","1,588.00",,0.13%
2017-10-23,"1,586.00","1,586.00","1,586.00","1,586.00",,0.51%
2017-10-20,"1,578.00","1,578.00","1,578.00","1,578.00",,-0.25%
2017-10-19,"1,582.00","1,582.00","1,582.00","1,582.00",,1.02%
2017-10-18,"1,566.00","1,566.00","1,566.00","1,566.00",,0.90%
2017-10-17,"1,552.00","1,552.00","1,552.00","1,552.00",,1.90%
2017-10-16,"1,523.00","1,523.00","1,523.00","1,523.00",,2.56%
2017-10-13,"1,485.00","1,485.00","1,485.00","1,485.00",,1.85%
2017-10-12,"1,458.00","1,458.00","1,458.00","1,458.00",,1.74%
2017-10-11,"1,433.00","1,433.00","1,433.00","1,433.00",,1.06%
2017-10-10,"1,418.00","1,418.00","1,418.00","1,418.00",,0.50%
2017-10-09,"1,411.00","1,411.00","1,411.00","1,411.00",,0.43%
2017-10-06,"1,405.00","1,405.00","1,405.00","1,405.00",,1.66%
2017-10-05,"1,382.00","1,382.00","1,382.00","1,382.00",,4.70%
2017-10-04,"1,320.00","1,320.00","1,320.00","1,320.00",,0.92%
2017-10-03,"1,308.00","1,308.00","1,308.00","1,308.00",,-1.51%
2017-10-02,"1,328.00","1,328.00","1,328.00","1,328.00",,-2.06%
2017-09-29,"1,356.00","1,356.00","1,356.00","1,356.00",,-2.52%
2017-09-28,"1,391.00","1,391.00","1,391.00","1,391.00",,-2.66%
2017-09-27,"1,429.00","1,429.00","1,429.00","1,429.00",,-3.18%
2017-09-26,"1,476.00","1,476.00","1,476.00","1,476.00",,-1.80%
2017-09-25,"1,503.00","1,503.00","1,503.00","1,503.00",,0.07%
2017-09-22,"1,502.00","1,502.00","1,502.00","1,502.00",,2.18%
2017-09-21,"1,470.00","1,470.00","1,470.00","1,470.00",,1.45%
2017-09-20,"1,449.00","1,449.00","1,449.00","1,449.00",,2.40%
2017-09-19,"1,415.00","1,415.00","1,415.00","1,415.00",,1.22%
2017-09-18,"1,398.00","1,398.00","1,398.00","1,398.00",,0.94%
2017-09-15,"1,385.00","1,385.00","1,385.00","1,385.00",,1.76%
2017-09-14,"1,361.00","1,361.00","1,361.00","1,361.00",,1.80%
2017-09-13,"1,337.00","1,337.00","1,337.00","1,337.00",,-0.52%
2017-09-12,"1,344.00","1,344.00","1,344.00","1,344.00",,-0.81%
2017-09-11,"1,355.00","1,355.00","1,355.00","1,355.00",,1.73%
2017-09-08,"1,332.00","1,332.00","1,332.00","1,332.00",,2.78%
2017-09-07,"1,296.00","1,296.00","1,296.00","1,296.00",,3.68%
2017-09-06,"1,250.00","1,250.00","1,250.00","1,250.00",,2.88%
2017-09-05,"1,215.00","1,215.00","1,215.00","1,215.00",,2.36%
2017-09-04,"1,187.00","1,187.00","1,187.00","1,187.00",,0.34%
2017-09-01,"1,183.00","1,183.00","1,183.00","1,183.00",,-0.08%
2017-08-31,"1,184.00","1,184.00","1,184.00","1,184.00",,0.25%
2017-08-30,"1,181.00","1,181.00","1,181.00","1,181.00",,-1.83%
2017-08-29,"1,203.00","1,203.00","1,203.00","1,203.00",,-0.50%
2017-08-25,"1,209.00","1,209.00","1,209.00","1,209.00",,0.75%
2017-08-24,"1,200.00","1,200.00","1,200.00","1,200.00",,-1.80%
2017-08-23,"1,222.00","1,222.00","1,222.00","1,222.00",,-2.16%
2017-08-22,"1,249.00","1,249.00","1,249.00","1,249.00",,-1.34%
2017-08-21,"1,266.00","1,266.00","1,266.00","1,266.00",,0.48%
2017-08-18,"1,260.00","1,260.00","1,260.00","1,260.00",,1.04%
2017-08-17,"1,247.00","1,247.00","1,247.00","1,247.00",,3.31%
2017-08-16,"1,207.00","1,207.00","1,207.00","1,207.00",,3.25%
2017-08-15,"1,169.00","1,169.00","1,169.00","1,169.00",,1.21%
2017-08-14,"1,155.00","1,155.00","1,155.00","1,155.00",,1.49%
2017-08-11,"1,138.00","1,138.00","1,138.00","1,138.00",,4.21%
2017-08-10,"1,092.00","1,092.00","1,092.00","1,092.00",,4.00%
2017-08-09,"1,050.00","1,050.00","1,050.00","1,050.00",,1.16%
2017-08-08,"1,038.00","1,038.00","1,038.00","1,038.00",,0.19%
2017-08-07,"1,036.00","1,036.00","1,036.00","1,036.00",,0.39%
2017-08-04,"1,032.00","1,032.00","1,032.00","1,032.00",,0.88%
2017-08-03,"1,023.00","1,023.00","1,023.00","1,023.00",,3.02%
2017-08-02,993.00,993.00,993.00,993.00,,2.90%
2017-08-01,965.00,965.00,965.00,965.00,,2.01%
2017-07-31,946.00,946.00,946.00,946.00,,1.39%
2017-07-28,933.00,933.00,933.00,933.00,,-0.96%
2017-07-27,942.00,942.00,942.00,942.00,,-2.69%
2017-07-26,968.00,968.00,968.00,968.00,,-1.22%
2017-07-25,980.00,980.00,980.00,980.00,,0.31%
2017-07-24,977.00,977.00,977.00,977.00,,0.00%
2017-07-21,977.00,977.00,977.00,977.00,,1.35%
2017-07-20,964.00,964.00,964.00,964.00,,1.69%
2017-07-19,948.00,948.00,948.00,948.00,,1.72%
2017-07-18,932.00,932.00,932.00,932.00,,2.19%
2017-07-17,912.00,912.00,912.00,912.00,,1.33%
2017-07-14,900.00,900.00,900.00,900.00,,1.35%
2017-07-13,888.00,888.00,888.00,888.00,,3.38%
2017-07-12,859.00,859.00,859.00,859.00,,3.49%
2017-07-11,830.00,830.00,830.00,830.00,,1.22%
2017-07-10,820.00,820.00,820.00,820.00,,-0.24%
2017-07-07,822.00,822.00,822.00,822.00,,-0.84%
2017-07-06,829.00,829.00,829.00,829.00,,-2.13%
2017-07-05,847.00,847.00,847.00,847.00,,-2.76%
2017-07-04,871.00,871.00,871.00,871.00,,-1.25%
2017-07-03,882.00,882.00,882.00,882.00,,-2.11%
2017-06-30,901.00,901.00,901.00,901.00,,-2.07%
2017-06-29,920.00,920.00,920.00,920.00,,-0.97%
2017-06-28,929.00,929.00,929.00,929.00,,2.88%
2017-06-27,903.00,903.00,903.00,903.00,,2.15%
2017-06-26,884.00,884.00,884.00,884.00,,1.61%
2017-06-23,870.00,870.00,870.00,870.00,,1.75%
2017-06-22,855.00,855.00,855.00,855.00,,1.30%
2017-06-21,844.00,844.00,844.00,844.00,,-0.35%
2017-06-20,847.00,847.00,847.00,847.00,,-0.12%
2017-06-19,848.00,848.00,848.00,848.00,,-0.35%
2017-06-16,851.00,851.00,851.00,851.00,,-0.47%
2017-06-15,855.00,855.00,855.00,855.00,,-1.16%
2017-06-14,865.00,865.00,865.00,865.00,,-0.57%
2017-06-13,870.00,870.00,870.00,870.00,,0.00%
2017-06-12,870.00,870.00,870.00,870.00,,2.47%
2017-06-09,849.00,849.00,849.00,849.00,,3.03%
2017-06-08,824.00,824.00,824.00,824.00,,0.37%
2017-06-07,821.00,821.00,821.00,821.00,,0.37%
2017-06-06,818.00,818.00,818.00,818.00,,-0.37%
2017-06-05,821.00,821.00,821.00,821.00,,-1.08%
2017-06-02,830.00,830.00,830.00,830.00,,-2.35%
2017-06-01,850.00,850.00,850.00,850.00,,-3.19%
2017-05-31,878.00,878.00,878.00,878.00,,-2.44%
2017-05-30,900.00,900.00,900.00,900.00,,-1.32%
2017-05-26,912.00,912.00,912.00,912.00,,-0.65%
2017-05-25,918.00,918.00,918.00,918.00,,-1.71%
2017-05-24,934.00,934.00,934.00,934.00,,-1.58%
2017-05-23,949.00,949.00,949.00,949.00,,-0.52%
2017-05-22,954.00,954.00,954.00,954.00,,-0.21%
2017-05-19,956.00,956.00,956.00,956.00,,-0.10%
2017-05-18,957.00,957.00,957.00,957.00,,-0.31%
2017-05-17,960.00,960.00,960.00,960.00,,-2.04%
2017-05-16,980.00,980.00,980.00,980.00,,-1.41%
2017-05-15,994.00,994.00,994.00,994.00,,-1.97%
2017-05-12,"1,014.00","1,014.00","1,014.00","1,014.00",,0.20%
2017-05-11,"1,012.00","1,012.00","1,012.00","1,012.00",,0.70%
2017-05-10,"1,005.00","1,005.00","1,005.00","1,005.00",,-0.20%
2017-05-09,"1,007.00","1,007.00","1,007.00","1,007.00",,0.60%
2017-05-08,"1,001.00","1,001.00","1,001.00","1,001.00",,0.70%
2017-05-05,994.00,994.00,994.00,994.00,,-1.00%
2017-05-04,"1,004.00","1,004.00","1,004.00","1,004.00",,-2.90%
2017-05-03,"1,034.00","1,034.00","1,034.00","1,034.00",,-3.63%
2017-05-02,"1,073.00","1,073.00","1,073.00","1,073.00",,-3.25%
2017-04-28,"1,109.00","1,109.00","1,109.00","1,109.00",,-2.20%
2017-04-27,"1,134.00","1,134.00","1,134.00","1,134.00",,-1.13%
2017-04-26,"1,147.00","1,147.00","1,147.00","1,147.00",,-0.61%
2017-04-25,"1,154.00","1,154.00","1,154.00","1,154.00",,-1.37%
2017-04-24,"1,170.00","1,170.00","1,170.00","1,170.00",,-2.09%
2017-04-21,"1,195.00","1,195.00","1,195.00","1,195.00",,-3.86%
2017-04-20,"1,243.00","1,243.00","1,243.00","1,243.00",,-2.74%
2017-04-19,"1,278.00","1,278.00","1,278.00","1,278.00",,-1.24%
2017-04-18,"1,294.00","1,294.00","1,294.00","1,294.00",,-0.15%
2017-04-13,"1,296.00","1,296.00","1,296.00","1,296.00",,1.09%
2017-04-12,"1,282.00","1,282.00","1,282.00","1,282.00",,1.58%
2017-04-11,"1,262.00","1,262.00","1,262.00","1,262.00",,2.52%
2017-04-10,"1,231.00","1,231.00","1,231.00","1,231.00",,0.65%
2017-04-07,"1,223.00","1,223.00","1,223.00","1,223.00",,0.66%
2017-04-06,"1,215.00","1,215.00","1,215.00","1,215.00",,-0.65%
2017-04-05,"1,223.00","1,223.00","1,223.00","1,223.00",,-2.55%
2017-04-04,"1,255.00","1,255.00","1,255.00","1,255.00",,-2.11%
2017-04-03,"1,282.00","1,282.00","1,282.00","1,282.00",,-1.16%
2017-03-31,"1,297.00","1,297.00","1,297.00","1,297.00",,-2.04%
2017-03-30,"1,324.00","1,324.00","1,324.00","1,324.00",,-1.05%
2017-03-29,"1,338.00","1,338.00","1,338.00","1,338.00",,0.38%
2017-03-28,"1,333.00","1,333.00","1,333.00","1,333.00",,3.98%
2017-03-27,"1,282.00","1,282.00","1,282.00","1,282.00",,3.39%
2017-03-24,"1,240.00","1,240.00","1,240.00","1,240.00",,3.68%
2017-03-23,"1,196.00","1,196.00","1,196.00","1,196.00",,0.50%
2017-03-22,"1,190.00","1,190.00","1,190.00","1,190.00",,-0.83%
2017-03-21,"1,200.00","1,200.00","1,200.00","1,200.00",,-0.41%
2017-03-20,"1,205.00","1,205.00","1,205.00","1,205.00",,0.75%
2017-03-17,"1,196.00","1,196.00","1,196.00","1,196.00",,2.05%
2017-03-16,"1,172.00","1,172.00","1,172.00","1,172.00",,2.18%
2017-03-15,"1,147.00","1,147.00","1,147.00","1,147.00",,3.15%
2017-03-14,"1,112.00","1,112.00","1,112.00","1,112.00",,1.18%
2017-03-13,"1,099.00","1,099.00","1,099.00","1,099.00",,1.20%
2017-03-10,"1,086.00","1,086.00","1,086.00","1,086.00",,2.07%
2017-03-09,"1,064.00","1,064.00","1,064.00","1,064.00",,1.82%
2017-03-08,"1,045.00","1,045.00","1,045.00","1,045.00",,1.16%
2017-03-07,"1,033.00","1,033.00","1,033.00","1,033.00",,5.52%
2017-03-06,979.00,979.00,979.00,979.00,,4.26%
2017-03-03,939.00,939.00,939.00,939.00,,3.87%
2017-03-02,904.00,904.00,904.00,904.00,,3.79%
2017-03-01,871.00,871.00,871.00,871.00,,1.40%
2017-02-28,859.00,859.00,859.00,859.00,,-2.16%
2017-02-27,878.00,878.00,878.00,878.00,,0.34%
2017-02-24,875.00,875.00,875.00,875.00,,2.22%
2017-02-23,856.00,856.00,856.00,856.00,,6.20%
2017-02-22,806.00,806.00,806.00,806.00,,3.60%
2017-02-21,778.00,778.00,778.00,778.00,,2.77%
2017-02-20,757.00,757.00,757.00,757.00,,2.16%
2017-02-17,741.00,741.00,741.00,741.00,,4.37%
2017-02-16,710.00,710.00,710.00,710.00,,3.20%
2017-02-15,688.00,688.00,688.00,688.00,,0.44%
2017-02-14,685.00,685.00,685.00,685.00,,-0.44%
2017-02-13,688.00,688.00,688.00,688.00,,-1.99%
2017-02-10,702.00,702.00,702.00,702.00,,-0.71%
2017-02-09,707.00,707.00,707.00,707.00,,0.71%
2017-02-08,702.00,702.00,702.00,702.00,,-1.68%
2017-02-07,714.00,714.00,714.00,714.00,,-2.86%
2017-02-06,735.00,735.00,735.00,735.00,,-2.26%
2017-02-03,752.00,752.00,752.00,752.00,,-2.34%
2017-02-02,770.00,770.00,770.00,770.00,,-2.04%
2017-02-01,786.00,786.00,786.00,786.00,,-1.75%
2017-01-31,800.00,800.00,800.00,800.00,,-1.96%
2017-01-30,816.00,816.00,816.00,816.00,,-1.33%
2017-01-27,827.00,827.00,827.00,827.00,,-1.55%
2017-01-26,840.00,840.00,840.00,840.00,,-2.55%
2017-01-25,862.00,862.00,862.00,862.00,,-2.71%
2017-01-24,886.00,886.00,886.00,886.00,,-3.06%
2017-01-23,914.00,914.00,914.00,914.00,,-1.19%
2017-01-20,925.00,925.00,925.00,925.00,,-1.80%
2017-01-19,942.00,942.00,942.00,942.00,,-1.05%
2017-01-18,952.00,952.00,952.00,952.00,,3.25%
2017-01-17,922.00,922.00,922.00,922.00,,-0.32%
2017-01-16,925.00,925.00,925.00,925.00,,1.65%
2017-01-13,910.00,910.00,910.00,910.00,,2.02%
2017-01-12,892.00,892.00,892.00,892.00,,-0.22%
2017-01-11,894.00,894.00,894.00,894.00,,-3.46%
2017-01-10,926.00,926.00,926.00,926.00,,-2.42%
2017-01-09,949.00,949.00,949.00,949.00,,-1.45%
2017-01-06,963.00,963.00,963.00,963.00,,-2.03%
2017-01-05,983.00,983.00,983.00,983.00,,1.44%
2017-01-04,969.00,969.00,969.00,969.00,,1.68%
2017-01-03,953.00,953.00,953.00,953.00,,-0.83%
2016-12-23,961.00,961.00,961.00,961.00,,3.56%
2016-12-22,928.00,928.00,928.00,928.00,,0.22%
2016-12-21,926.00,926.00,926.00,926.00,,1.31%
2016-12-20,914.00,914.00,914.00,914.00,,-1.40%
2016-12-19,927.00,926.00,927.00,926.00,,-2.01%
2016-12-16,946.00,946.00,946.00,946.00,,-2.07%
2016-12-15,966.00,966.00,966.00,966.00,,-3.69%
2016-12-14,"1,003.00","1,003.00","1,003.00","1,003.00",,-4.66%
2016-12-13,"1,052.00","1,052.00","1,052.00","1,052.00",,-1.59%
2016-12-12,"1,069.00","1,069.00","1,069.00","1,069.00",,-1.93%
2016-12-09,"1,090.00","1,090.00","1,090.00","1,090.00",,-2.85%
2016-12-08,"1,122.00","1,122.00","1,122.00","1,122.00",,-3.44%
2016-12-07,"1,162.00","1,162.00","1,162.00","1,162.00",,-2.02%
2016-12-06,"1,186.00","1,186.00","1,186.00","1,186.00",,-0.84%
2016-12-05,"1,196.00","1,196.00","1,196.00","1,196.00",,-0.17%
2016-12-02,"1,198.00","1,198.00","1,198.00","1,198.00",,0.17%
2016-12-01,"1,196.00","1,196.00","1,196.00","1,196.00",,-0.66%
2016-11-30,"1,204.00","1,204.00","1,204.00","1,204.00",,0.17%
2016-11-29,"1,202.00","1,202.00","1,202.00","1,202.00",,1.52%
2016-11-28,"1,184.00","1,184.00","1,184.00","1,184.00",,0.25%
2016-11-25,"1,181.00","1,181.00","1,181.00","1,181.00",,-1.67%
2016-11-24,"1,201.00","1,201.00","1,201.00","1,201.00",,-1.88%
2016-11-23,"1,224.00","1,224.00","1,224.00","1,224.00",,-0.65%
2016-11-22,"1,232.00","1,232.00","1,232.00","1,232.00",,-0.65%
2016-11-21,"1,240.00","1,240.00","1,240.00","1,240.00",,-1.35%
2016-11-18,"1,257.00","1,257.00","1,257.00","1,257.00",,2.11%
2016-11-17,"1,231.00","1,231.00","1,231.00","1,231.00",,7.51%
2016-11-16,"1,145.00","1,145.00","1,145.00","1,145.00",,5.63%
2016-11-15,"1,084.00","1,084.00","1,084.00","1,084.00",,1.78%
2016-11-14,"1,065.00","1,065.00","1,065.00","1,065.00",,1.91%
2016-11-11,"1,045.00","1,045.00","1,045.00","1,045.00",,7.29%
2016-11-10,974.00,974.00,974.00,974.00,,2.10%
2016-11-09,954.00,954.00,954.00,954.00,,4.72%
2016-11-08,911.00,911.00,911.00,911.00,,4.71%
2016-11-07,870.00,870.00,870.00,870.00,,1.75%
2016-11-04,855.00,855.00,855.00,855.00,,0.71%
2016-11-03,849.00,849.00,849.00,849.00,,1.80%
2016-11-02,834.00,834.00,834.00,834.00,,-0.48%
2016-11-01,838.00,838.00,838.00,838.00,,-2.22%
2016-10-31,857.00,857.00,857.00,857.00,,2.76%
2016-10-28,834.00,834.00,834.00,834.00,,4.51%
2016-10-27,798.00,798.00,798.00,798.00,,-0.50%
2016-10-26,802.00,802.00,802.00,802.00,,-1.35%
2016-10-25,813.00,813.00,813.00,813.00,,-2.17%
2016-10-24,831.00,831.00,831.00,831.00,,-1.31%
2016-10-21,842.00,842.00,842.00,842.00,,-0.82%
2016-10-20,849.00,849.00,849.00,849.00,,-2.64%
2016-10-19,872.00,872.00,872.00,872.00,,-2.02%
2016-10-18,890.00,890.00,890.00,890.00,,-0.45%
2016-10-17,894.00,894.00,894.00,894.00,,0.22%
2016-10-14,892.00,892.00,892.00,892.00,,0.79%
2016-10-13,885.00,885.00,885.00,885.00,,-2.32%
2016-10-12,906.00,906.00,906.00,906.00,,-1.74%
2016-10-11,922.00,922.00,922.00,922.00,,0.00%
2016-10-10,922.00,922.00,922.00,922.00,,0.11%
2016-10-07,921.00,921.00,921.00,921.00,,0.66%
2016-10-06,915.00,915.00,915.00,915.00,,5.29%
2016-10-05,869.00,869.00,869.00,869.00,,1.05%
2016-10-04,860.00,860.00,860.00,860.00,,-0.46%
2016-10-03,864.00,864.00,864.00,864.00,,-1.26%
2016-09-30,875.00,875.00,875.00,875.00,,-1.46%
2016-09-29,888.00,888.00,888.00,888.00,,-2.63%
2016-09-28,912.00,912.00,912.00,912.00,,-1.94%
2016-09-27,930.00,930.00,930.00,930.00,,-0.43%
2016-09-26,934.00,934.00,934.00,934.00,,-0.74%
2016-09-23,941.00,941.00,941.00,941.00,,0.43%
2016-09-22,937.00,937.00,937.00,937.00,,3.77%
2016-09-21,903.00,903.00,903.00,903.00,,4.39%
2016-09-20,865.00,865.00,865.00,865.00,,3.47%
2016-09-19,836.00,836.00,836.00,836.00,,4.50%
2016-09-16,800.00,800.00,800.00,800.00,,4.71%
2016-09-15,764.00,764.00,764.00,764.00,,1.06%
2016-09-14,756.00,756.00,756.00,756.00,,-5.03%
2016-09-13,796.00,796.00,796.00,796.00,,-1.00%
2016-09-12,804.00,804.00,804.00,804.00,,0.00%
2016-09-09,804.00,804.00,804.00,804.00,,1.52%
2016-09-08,792.00,792.00,792.00,792.00,,2.46%
2016-09-07,773.00,773.00,773.00,773.00,,3.76%
2016-09-06,745.00,745.00,745.00,745.00,,2.90%
2016-09-05,724.00,724.00,724.00,724.00,,0.56%
2016-09-02,720.00,720.00,720.00,720.00,,1.12%
2016-09-01,712.00,712.00,712.00,712.00,,0.14%
2016-08-31,711.00,711.00,711.00,711.00,,-0.56%
2016-08-30,715.00,715.00,715.00,715.00,,-0.69%
2016-08-26,720.00,720.00,720.00,720.00,,0.28%
2016-08-25,718.00,718.00,718.00,718.00,,1.70%
2016-08-24,706.00,706.00,706.00,706.00,,2.02%
2016-08-23,692.00,692.00,692.00,692.00,,0.73%
2016-08-22,687.00,687.00,687.00,687.00,,0.59%
2016-08-19,683.00,683.00,683.00,683.00,,0.15%
2016-08-18,682.00,682.00,682.00,682.00,,-0.44%
2016-08-17,685.00,685.00,685.00,685.00,,-0.29%
2016-08-16,687.00,687.00,687.00,687.00,,0.88%
2016-08-15,681.00,681.00,681.00,681.00,,1.49%
2016-08-12,671.00,671.00,671.00,671.00,,2.76%
2016-08-11,653.00,653.00,653.00,653.00,,2.35%
2016-08-10,638.00,638.00,638.00,638.00,,1.11%
2016-08-09,631.00,631.00,631.00,631.00,,-0.79%
2016-08-08,636.00,636.00,636.00,636.00,,0.00%
2016-08-05,636.00,636.00,636.00,636.00,,0.00%
2016-08-04,636.00,636.00,636.00,636.00,,-0.78%
2016-08-03,641.00,641.00,641.00,641.00,,-0.62%
2016-08-02,645.00,645.00,645.00,645.00,,-0.77%
2016-08-01,650.00,650.00,650.00,650.00,,-0.91%
2016-07-29,656.00,656.00,656.00,656.00,,-1.35%
2016-07-28,665.00,665.00,665.00,665.00,,-2.06%
2016-07-27,679.00,679.00,679.00,679.00,,-2.44%
2016-07-26,696.00,696.00,696.00,696.00,,-1.83%
2016-07-25,709.00,709.00,709.00,709.00,,-1.25%
2016-07-22,718.00,718.00,718.00,718.00,,-1.10%
2016-07-21,726.00,726.00,726.00,726.00,,-1.36%
2016-07-20,736.00,736.00,736.00,736.00,,-1.34%
2016-07-19,746.00,746.00,746.00,746.00,,-0.27%
2016-07-18,748.00,748.00,748.00,748.00,,0.40%
2016-07-15,745.00,745.00,745.00,745.00,,0.95%
2016-07-14,738.00,738.00,738.00,738.00,,1.65%
2016-07-13,726.00,726.00,726.00,726.00,,2.11%
2016-07-12,711.00,711.00,711.00,711.00,,0.99%
2016-07-11,704.00,704.00,704.00,704.00,,0.14%
2016-07-08,703.00,703.00,703.00,703.00,,0.57%
2016-07-07,699.00,699.00,699.00,699.00,,0.72%
2016-07-06,694.00,694.00,694.00,694.00,,0.29%
2016-07-05,692.00,692.00,692.00,692.00,,0.58%
2016-07-04,688.00,688.00,688.00,688.00,,1.62%
2016-07-01,677.00,677.00,677.00,677.00,,2.58%
2016-06-30,660.00,660.00,660.00,660.00,,3.13%
2016-06-29,640.00,640.00,640.00,640.00,,2.07%
2016-06-28,627.00,627.00,627.00,627.00,,1.79%
2016-06-27,616.00,616.00,616.00,616.00,,1.15%
2016-06-24,609.00,609.00,609.00,609.00,,2.18%
2016-06-23,596.00,596.00,596.00,596.00,,1.88%
2016-06-22,585.00,585.00,585.00,585.00,,0.86%
2016-06-21,580.00,580.00,580.00,580.00,,-0.34%
2016-06-20,582.00,582.00,582.00,582.00,,-0.85%
2016-06-17,587.00,587.00,587.00,587.00,,-1.84%
2016-06-16,598.00,598.00,598.00,598.00,,-0.99%
2016-06-15,604.00,604.00,604.00,604.00,,-0.66%
2016-06-14,608.00,608.00,608.00,608.00,,-0.16%
2016-06-13,609.00,609.00,609.00,609.00,,-0.16%
2016-06-10,610.00,610.00,610.00,610.00,,-0.16%
2016-06-09,611.00,611.00,611.00,611.00,,0.16%
2016-06-08,610.00,610.00,610.00,610.00,,0.66%
2016-06-07,606.00,606.00,606.00,606.00,,-0.16%
2016-06-06,607.00,607.00,607.00,607.00,,-0.49%
2016-06-03,610.00,610.00,610.00,610.00,,0.66%
2016-06-02,606.00,606.00,606.00,606.00,,-0.98%
2016-06-01,612.00,612.00,612.00,612.00,,0.00%
2016-05-31,612.00,612.00,612.00,612.00,,0.99%
2016-05-27,606.00,606.00,606.00,606.00,,0.83%
2016-05-26,601.00,601.00,601.00,601.00,,-0.66%
2016-05-25,605.00,605.00,605.00,605.00,,-2.10%
2016-05-24,618.00,618.00,618.00,618.00,,-0.96%
2016-05-23,624.00,624.00,624.00,624.00,,-0.16%
2016-05-20,625.00,625.00,625.00,625.00,,-1.42%
2016-05-19,634.00,634.00,634.00,634.00,,-1.25%
2016-05-18,642.00,642.00,642.00,642.00,,-0.16%
2016-05-17,643.00,643.00,643.00,643.00,,4.89%
2016-05-16,613.00,613.00,613.00,613.00,,2.17%
2016-05-13,600.00,600.00,600.00,600.00,,3.63%
2016-05-12,579.00,579.00,579.00,579.00,,0.00%
2016-05-11,579.00,579.00,579.00,579.00,,-2.53%
2016-05-10,594.00,594.00,594.00,594.00,,-3.57%
2016-05-09,616.00,616.00,616.00,616.00,,-2.38%
2016-05-06,631.00,631.00,631.00,631.00,,-1.71%
2016-05-05,642.00,642.00,642.00,642.00,,-1.53%
2016-05-04,652.00,652.00,652.00,652.00,,-4.40%
2016-05-03,682.00,682.00,682.00,682.00,,-2.99%
2016-04-29,703.00,703.00,703.00,703.00,,-0.99%
2016-04-28,710.00,710.00,710.00,710.00,,-0.70%
2016-04-27,715.00,715.00,715.00,715.00,,1.56%
2016-04-26,704.00,704.00,704.00,704.00,,2.03%
2016-04-25,690.00,690.00,690.00,690.00,,0.29%
2016-04-22,688.00,688.00,688.00,688.00,,2.69%
2016-04-21,670.00,670.00,670.00,670.00,,0.15%
2016-04-20,669.00,669.00,669.00,669.00,,-0.30%
2016-04-19,671.00,671.00,671.00,671.00,,1.82%
2016-04-18,659.00,659.00,659.00,659.00,,3.78%
2016-04-15,635.00,635.00,635.00,635.00,,6.37%
2016-04-14,597.00,597.00,597.00,597.00,,5.29%
2016-04-13,567.00,567.00,567.00,567.00,,1.25%
2016-04-12,560.00,560.00,560.00,560.00,,0.90%
2016-04-11,555.00,555.00,555.00,555.00,,2.97%
2016-04-08,539.00,539.00,539.00,539.00,,4.26%
2016-04-07,517.00,517.00,517.00,517.00,,3.40%
2016-04-06,500.00,500.00,500.00,500.00,,2.67%
2016-04-05,487.00,487.00,487.00,487.00,,3.40%
2016-04-04,471.00,471.00,471.00,471.00,,4.67%
2016-04-01,450.00,450.00,450.00,450.00,,4.90%
2016-03-31,429.00,429.00,429.00,429.00,,3.62%
2016-03-30,414.00,414.00,414.00,414.00,,1.22%
2016-03-29,409.00,409.00,409.00,409.00,,0.74%
2016-03-24,406.00,406.00,406.00,406.00,,1.25%
2016-03-23,401.00,401.00,401.00,401.00,,0.75%
2016-03-22,398.00,398.00,398.00,398.00,,0.00%
2016-03-21,398.00,398.00,398.00,398.00,,0.76%
2016-03-18,395.00,395.00,395.00,395.00,,0.77%
2016-03-17,392.00,392.00,392.00,392.00,,-0.25%
2016-03-16,393.00,393.00,393.00,393.00,,-0.76%
2016-03-15,396.00,396.00,396.00,396.00,,0.76%
2016-03-14,393.00,393.00,393.00,393.00,,1.29%
2016-03-11,388.00,388.00,388.00,388.00,,1.04%
2016-03-10,384.00,384.00,384.00,384.00,,2.13%
2016-03-09,376.00,376.00,376.00,376.00,,2.73%
2016-03-08,366.00,366.00,366.00,366.00,,3.39%
2016-03-07,354.00,354.00,354.00,354.00,,1.43%
2016-03-04,349.00,349.00,349.00,349.00,,2.05%
2016-03-03,342.00,342.00,342.00,342.00,,2.09%
2016-03-02,335.00,335.00,335.00,335.00,,0.90%
2016-03-01,332.00,332.00,332.00,332.00,,0.91%
2016-02-29,329.00,329.00,329.00,329.00,,0.61%
2016-02-26,327.00,327.00,327.00,327.00,,0.62%
2016-02-25,325.00,325.00,325.00,325.00,,0.93%
2016-02-24,322.00,322.00,322.00,322.00,,1.26%
2016-02-23,318.00,318.00,318.00,318.00,,0.63%
2016-02-22,316.00,316.00,316.00,316.00,,0.32%
2016-02-19,315.00,315.00,315.00,315.00,,0.64%
2016-02-18,313.00,313.00,313.00,313.00,,1.95%
2016-02-17,307.00,307.00,307.00,307.00,,1.99%
2016-02-16,301.00,301.00,301.00,301.00,,2.03%
2016-02-15,295.00,295.00,295.00,295.00,,1.37%
2016-02-12,291.00,291.00,291.00,291.00,,0.34%
2016-02-11,290.00,290.00,290.00,290.00,,0.00%
2016-02-10,290.00,290.00,290.00,290.00,,-0.34%
2016-02-09,291.00,291.00,291.00,291.00,,-0.68%
2016-02-08,293.00,293.00,293.00,293.00,,-1.35%
2016-02-05,297.00,297.00,297.00,297.00,,-0.34%
2016-02-04,298.00,298.00,298.00,298.00,,-1.65%
2016-02-03,303.00,303.00,303.00,303.00,,-2.26%
2016-02-02,310.00,310.00,310.00,310.00,,-1.27%
2016-02-01,314.00,314.00,314.00,314.00,,-0.95%
2016-01-29,317.00,317.00,317.00,317.00,,-2.46%
2016-01-28,325.00,325.00,325.00,325.00,,-3.56%
2016-01-27,337.00,337.00,337.00,337.00,,-2.32%
2016-01-26,345.00,345.00,345.00,345.00,,-2.54%
2016-01-25,354.00,354.00,354.00,354.00,,0.00%
2016-01-22,354.00,354.00,354.00,354.00,,-0.28%
2016-01-21,355.00,355.00,355.00,355.00,,-0.84%
2016-01-20,358.00,358.00,358.00,358.00,,-1.38%
2016-01-19,363.00,363.00,363.00,363.00,,-1.63%
2016-01-18,369.00,369.00,369.00,369.00,,-1.07%
2016-01-15,373.00,373.00,373.00,373.00,,-2.61%
2016-01-14,383.00,383.00,383.00,383.00,,-2.79%
2016-01-13,394.00,394.00,394.00,394.00,,-1.99%
2016-01-12,402.00,402.00,402.00,402.00,,-3.13%
2016-01-11,415.00,415.00,415.00,415.00,,-3.26%
2016-01-08,429.00,429.00,429.00,429.00,,-3.60%
2016-01-07,445.00,445.00,445.00,445.00,,-4.71%
2016-01-06,467.00,467.00,467.00,467.00,,-0.21%
2016-01-05,468.00,468.00,468.00,468.00,,-1.06%
2016-01-04,473.00,473.00,473.00,473.00,,-1.05%
2015-12-24,478.00,478.00,478.00,478.00,,0.63%
2015-12-23,475.00,475.00,475.00,475.00,,0.21%
2015-12-22,474.00,474.00,474.00,474.00,,-0.84%
2015-12-21,478.00,478.00,478.00,478.00,,0.21%
2015-12-18,477.00,477.00,477.00,477.00,,1.27%
2015-12-17,471.00,471.00,471.00,471.00,,0.00%
2015-12-16,471.00,471.00,471.00,471.00,,-2.69%
2015-12-15,484.00,484.00,484.00,484.00,,-4.72%
2015-12-14,508.00,508.00,508.00,508.00,,-2.68%
2015-12-11,522.00,522.00,522.00,522.00,,-2.25%
2015-12-10,534.00,534.00,534.00,534.00,,-2.20%
2015-12-09,546.00,546.00,546.00,546.00,,-0.91%
2015-12-08,551.00,551.00,551.00,551.00,,0.00%
2015-12-07,551.00,551.00,551.00,551.00,,-2.13%
2015-12-04,563.00,563.00,563.00,563.00,,-1.92%
2015-12-03,574.00,574.00,574.00,574.00,,-2.71%
2015-12-02,590.00,590.00,590.00,590.00,,-1.34%
2015-12-01,598.00,598.00,598.00,598.00,,2.40%
2015-11-30,584.00,584.00,584.00,584.00,,0.52%
2015-11-27,581.00,581.00,581.00,581.00,,3.38%
2015-11-26,562.00,562.00,562.00,562.00,,2.93%
2015-11-25,546.00,546.00,546.00,546.00,,3.41%
2015-11-24,528.00,528.00,528.00,528.00,,2.33%
2015-11-23,516.00,516.00,516.00,516.00,,3.61%
2015-11-20,498.00,498.00,498.00,498.00,,-1.19%
2015-11-19,504.00,504.00,504.00,504.00,,-2.89%
2015-11-18,519.00,519.00,519.00,519.00,,-3.35%
2015-11-17,537.00,537.00,537.00,537.00,,-2.36%
2015-11-16,550.00,550.00,550.00,550.00,,-1.79%
2015-11-13,560.00,560.00,560.00,560.00,,-3.28%
2015-11-12,579.00,579.00,579.00,579.00,,-3.34%
2015-11-11,599.00,599.00,599.00,599.00,,-3.70%
2015-11-10,622.00,622.00,622.00,622.00,,-0.96%
2015-11-09,628.00,628.00,628.00,628.00,,-0.48%
2015-11-06,631.00,631.00,631.00,631.00,,-1.41%
2015-11-05,640.00,640.00,640.00,640.00,,-2.59%
2015-11-04,657.00,680.00,680.00,657.00,,-3.38%
2015-11-03,680.00,680.00,680.00,680.00,,-3.68%
2015-11-02,706.00,706.00,706.00,706.00,,-2.08%
2015-10-30,721.00,721.00,721.00,721.00,,-0.96%
2015-10-29,728.00,728.00,728.00,728.00,,-1.09%
2015-10-28,736.00,736.00,736.00,736.00,,-0.41%
2015-10-27,739.00,739.00,739.00,739.00,,-2.64%
2015-10-26,759.00,759.00,759.00,759.00,,-1.94%
2015-10-23,774.00,774.00,774.00,774.00,,-1.53%
2015-10-22,786.00,786.00,786.00,786.00,,0.77%
2015-10-21,780.00,780.00,780.00,780.00,,2.36%
2015-10-20,762.00,762.00,762.00,762.00,,2.01%
2015-10-19,747.00,747.00,747.00,747.00,,-0.93%
2015-10-16,754.00,754.00,754.00,754.00,,-1.57%
2015-10-15,766.00,766.00,766.00,766.00,,-2.67%
2015-10-14,787.00,787.00,787.00,787.00,,-2.11%
2015-10-13,804.00,804.00,804.00,804.00,,-0.62%
2015-10-12,809.00,809.00,809.00,809.00,,0.00%
2015-10-09,809.00,809.00,809.00,809.00,,-0.98%
2015-10-08,817.00,817.00,817.00,817.00,,-2.85%
2015-10-07,841.00,841.00,841.00,841.00,,-3.22%
2015-10-06,869.00,869.00,869.00,869.00,,-1.36%
2015-10-05,881.00,881.00,881.00,881.00,,-0.90%
2015-10-02,889.00,889.00,889.00,889.00,,0.11%
2015-10-01,888.00,888.00,888.00,888.00,,-1.33%
2015-09-30,900.00,900.00,900.00,900.00,,-2.81%
2015-09-29,926.00,926.00,926.00,926.00,,-1.80%
2015-09-28,943.00,943.00,943.00,943.00,,0.00%
2015-09-25,943.00,943.00,943.00,943.00,,2.28%
2015-09-24,922.00,922.00,922.00,922.00,,0.55%
2015-09-23,917.00,917.00,917.00,917.00,,-0.65%
2015-09-22,923.00,923.00,923.00,923.00,,-5.62%
2015-09-21,978.00,978.00,978.00,978.00,,1.88%
2015-09-18,960.00,960.00,960.00,960.00,,8.72%
2015-09-17,883.00,883.00,883.00,883.00,,8.48%
2015-09-16,814.00,818.00,818.00,814.00,,1.50%
2015-09-15,802.00,802.00,802.00,802.00,,-0.37%
2015-09-14,805.00,805.00,805.00,805.00,,-1.59%
2015-09-11,818.00,818.00,818.00,818.00,,-1.45%
2015-09-10,830.00,830.00,830.00,830.00,,-2.92%
2015-09-09,855.00,855.00,855.00,855.00,,-2.06%
2015-09-08,873.00,873.00,873.00,873.00,,-0.34%
2015-09-07,876.00,876.00,876.00,876.00,,0.11%
2015-09-04,875.00,875.00,875.00,875.00,,-1.80%
2015-09-03,891.00,891.00,891.00,891.00,,-1.66%
2015-09-02,906.00,906.00,906.00,906.00,,-0.55%
2015-09-01,911.00,911.00,911.00,911.00,,0.89%
2015-08-28,903.00,903.00,903.00,903.00,,-0.22%
2015-08-27,905.00,905.00,905.00,905.00,,-1.42%
2015-08-26,918.00,918.00,918.00,918.00,,-2.55%
2015-08-25,942.00,942.00,942.00,942.00,,-2.69%
2015-08-24,968.00,968.00,968.00,968.00,,-2.62%
2015-08-21,994.00,994.00,994.00,994.00,,-1.97%
2015-08-20,"1,014.00","1,014.00","1,014.00","1,014.00",,-1.65%
2015-08-19,"1,031.00","1,031.00","1,031.00","1,031.00",,-1.43%
2015-08-18,"1,046.00","1,046.00","1,046.00","1,046.00",,-1.60%
2015-08-17,"1,063.00","1,063.00","1,063.00","1,063.00",,0.76%
2015-08-14,"1,055.00","1,055.00","1,055.00","1,055.00",,0.86%
2015-08-13,"1,046.00","1,046.00","1,046.00","1,046.00",,-4.30%
2015-08-12,"1,093.00","1,093.00","1,093.00","1,093.00",,-5.94%
2015-08-11,"1,162.00","1,162.00","1,162.00","1,162.00",,-2.92%
2015-08-10,"1,197.00","1,197.00","1,197.00","1,197.00",,-0.25%
2015-08-07,"1,200.00","1,200.00","1,200.00","1,200.00",,-0.08%
2015-08-06,"1,201.00","1,201.00","1,201.00","1,201.00",,-1.72%
2015-08-05,"1,222.00","1,222.00","1,222.00","1,222.00",,1.83%
2015-08-04,"1,200.00","1,200.00","1,200.00","1,200.00",,4.26%
2015-08-03,"1,151.00","1,151.00","1,151.00","1,151.00",,1.77%
2015-07-31,"1,131.00","1,131.00","1,131.00","1,131.00",,2.82%
2015-07-30,"1,100.00","1,100.00","1,100.00","1,100.00",,-0.36%
2015-07-29,"1,104.00","1,104.00","1,104.00","1,104.00",,0.91%
2015-07-28,"1,094.00","1,094.00","1,094.00","1,094.00",,0.37%
2015-07-27,"1,090.00","1,090.00","1,090.00","1,090.00",,0.37%
2015-07-24,"1,086.00","1,086.00","1,086.00","1,086.00",,-1.45%
2015-07-23,"1,102.00","1,102.00","1,102.00","1,102.00",,-1.43%
2015-07-22,"1,118.00","1,118.00","1,118.00","1,118.00",,0.45%
2015-07-21,"1,113.00","1,113.00","1,113.00","1,113.00",,4.31%
2015-07-20,"1,067.00","1,067.00","1,067.00","1,067.00",,1.81%
2015-07-17,"1,048.00","1,048.00","1,048.00","1,048.00",,3.87%
2015-07-16,"1,009.00","1,009.00","1,009.00","1,009.00",,6.10%
2015-07-15,951.00,951.00,951.00,951.00,,3.93%
2015-07-14,915.00,915.00,915.00,915.00,,1.67%
2015-07-13,900.00,900.00,900.00,900.00,,2.97%
2015-07-10,874.00,874.00,874.00,874.00,,2.46%
2015-07-09,853.00,853.00,853.00,853.00,,1.55%
2015-07-08,840.00,840.00,840.00,840.00,,1.20%
2015-07-07,830.00,830.00,830.00,830.00,,1.84%
2015-07-06,815.00,815.00,815.00,815.00,,1.24%
2015-07-03,805.00,805.00,805.00,805.00,,1.39%
2015-07-02,794.00,794.00,794.00,794.00,,0.00%
2015-07-01,794.00,794.00,794.00,794.00,,-0.75%
2015-06-30,800.00,800.00,800.00,800.00,,-1.60%
2015-06-29,813.00,813.00,813.00,813.00,,-1.22%
2015-06-26,823.00,823.00,823.00,823.00,,-0.72%
2015-06-25,829.00,829.00,829.00,829.00,,0.00%
2015-06-24,829.00,829.00,829.00,829.00,,4.94%
2015-06-23,790.00,790.00,790.00,790.00,,1.41%
2015-06-22,779.00,779.00,779.00,779.00,,0.00%
2015-06-19,779.00,779.00,779.00,779.00,,0.78%
2015-06-18,773.00,773.00,773.00,773.00,,6.62%
2015-06-17,725.00,725.00,725.00,725.00,,6.46%
2015-06-16,681.00,681.00,681.00,681.00,,3.81%
2015-06-15,656.00,656.00,656.00,656.00,,2.18%
2015-06-12,642.00,642.00,642.00,642.00,,2.07%
2015-06-11,629.00,629.00,629.00,629.00,,1.78%
2015-06-10,618.00,618.00,618.00,618.00,,0.98%
2015-06-09,612.00,612.00,612.00,612.00,,0.33%
2015-06-08,610.00,610.00,610.00,610.00,,0.00%
2015-06-05,610.00,610.00,610.00,610.00,,1.16%
2015-06-04,603.00,603.00,603.00,603.00,,0.84%
2015-06-03,598.00,598.00,598.00,598.00,,1.18%
2015-06-02,591.00,591.00,591.00,591.00,,0.34%
2015-06-01,589.00,589.00,589.00,589.00,,0.00%
2015-05-29,589.00,589.00,589.00,589.00,,0.17%
2015-05-28,588.00,588.00,588.00,588.00,,0.17%
2015-05-27,587.00,587.00,587.00,587.00,,0.51%
2015-05-26,584.00,584.00,584.00,584.00,,-0.34%
2015-05-22,586.00,592.00,592.00,586.00,,-1.01%
2015-05-21,592.00,592.00,592.00,592.00,,-2.31%
2015-05-20,606.00,606.00,606.00,606.00,,-2.26%
2015-05-19,620.00,620.00,620.00,620.00,,-1.59%
2015-05-18,630.00,630.00,630.00,630.00,,-0.63%
2015-05-15,634.00,634.00,634.00,634.00,,-0.47%
2015-05-14,637.00,637.00,637.00,637.00,,0.47%
2015-05-13,634.00,634.00,634.00,634.00,,7.64%
2015-05-12,589.00,589.00,589.00,589.00,,1.90%
2015-05-11,578.00,578.00,578.00,578.00,,0.70%
2015-05-08,574.00,574.00,574.00,574.00,,0.17%
2015-05-07,573.00,573.00,573.00,573.00,,-0.35%
2015-05-06,575.00,575.00,575.00,575.00,,-0.86%
2015-05-05,580.00,580.00,580.00,580.00,,-1.19%
2015-05-01,587.00,587.00,587.00,587.00,,-0.68%
2015-04-30,591.00,591.00,591.00,591.00,,-0.67%
2015-04-29,595.00,595.00,595.00,595.00,,-1.00%
2015-04-28,601.00,601.00,601.00,601.00,,0.17%
2015-04-27,600.00,600.00,600.00,600.00,,0.00%
2015-04-24,600.00,600.00,600.00,600.00,,0.17%
2015-04-23,599.00,599.00,599.00,599.00,,-0.17%
2015-04-22,600.00,600.00,600.00,600.00,,-0.17%
2015-04-21,601.00,601.00,601.00,601.00,,0.50%
2015-04-20,598.00,598.00,598.00,598.00,,0.17%
2015-04-17,597.00,597.00,597.00,597.00,,0.67%
2015-04-16,593.00,593.00,593.00,593.00,,1.19%
2015-04-15,586.00,586.00,586.00,586.00,,0.86%
2015-04-14,581.00,581.00,581.00,581.00,,0.52%
2015-04-13,578.00,578.00,578.00,578.00,,-0.34%
2015-04-10,580.00,580.00,580.00,580.00,,0.00%
2015-04-09,580.00,580.00,580.00,580.00,,0.00%
2015-04-08,580.00,580.00,580.00,580.00,,-0.51%
2015-04-07,583.00,583.00,583.00,583.00,,-0.85%
2015-04-02,588.00,588.00,588.00,588.00,,-1.34%
2015-04-01,596.00,596.00,596.00,596.00,,-1.00%
2015-03-31,602.00,602.00,602.00,602.00,,0.50%
2015-03-30,599.00,599.00,599.00,599.00,,0.50%
2015-03-27,596.00,596.00,596.00,596.00,,-0.33%
2015-03-26,598.00,598.00,598.00,598.00,,0.00%
2015-03-25,598.00,598.00,598.00,598.00,,0.17%
2015-03-24,597.00,597.00,597.00,597.00,,0.51%
2015-03-23,594.00,594.00,594.00,594.00,,0.51%
2015-03-20,591.00,591.00,591.00,591.00,,1.20%
2015-03-19,584.00,584.00,584.00,584.00,,2.28%
2015-03-18,571.00,571.00,571.00,571.00,,0.53%
2015-03-17,568.00,568.00,568.00,568.00,,0.71%
2015-03-16,564.00,564.00,564.00,564.00,,0.36%
2015-03-13,562.00,562.00,562.00,562.00,,0.36%
2015-03-12,560.00,560.00,560.00,560.00,,-0.88%
2015-03-11,565.00,565.00,565.00,565.00,,-0.53%
2015-03-10,568.00,568.00,568.00,568.00,,0.00%
2015-03-09,568.00,568.00,568.00,568.00,,0.53%
2015-03-06,565.00,565.00,565.00,565.00,,0.71%
2015-03-05,561.00,561.00,561.00,561.00,,0.36%
2015-03-04,559.00,559.00,559.00,559.00,,1.08%
2015-03-03,553.00,553.00,553.00,553.00,,0.91%
2015-03-02,548.00,548.00,548.00,548.00,,1.48%
2015-02-27,540.00,540.00,540.00,540.00,,1.31%
2015-02-26,533.00,533.00,533.00,533.00,,1.72%
2015-02-25,524.00,524.00,524.00,524.00,,1.55%
2015-02-24,516.00,516.00,516.00,516.00,,0.78%
2015-02-23,512.00,512.00,512.00,512.00,,0.59%
2015-02-18,509.00,509.00,509.00,509.00,,-1.36%
2015-02-17,516.00,516.00,516.00,516.00,,-1.15%
2015-02-16,522.00,522.00,522.00,522.00,,-1.51%
2015-02-13,530.00,530.00,530.00,530.00,,-1.85%
2015-02-12,540.00,540.00,540.00,540.00,,-2.35%
2015-02-11,553.00,553.00,553.00,553.00,,-0.54%
2015-02-10,556.00,556.00,556.00,556.00,,0.36%
2015-02-09,554.00,554.00,554.00,554.00,,-0.89%
2015-02-06,559.00,559.00,559.00,559.00,,-0.89%
2015-02-05,564.00,564.00,564.00,564.00,,-0.88%
2015-02-04,569.00,569.00,569.00,569.00,,-1.39%
2015-02-03,577.00,577.00,577.00,577.00,,-2.20%
2015-02-02,590.00,590.00,590.00,590.00,,-2.96%
2015-01-30,608.00,608.00,608.00,608.00,,-3.80%
2015-01-29,632.00,632.00,632.00,632.00,,-5.11%
2015-01-28,666.00,666.00,666.00,666.00,,-3.20%
2015-01-27,688.00,688.00,688.00,688.00,,-2.13%
2015-01-26,703.00,703.00,703.00,703.00,,-2.36%
2015-01-23,720.00,720.00,720.00,720.00,,-4.13%
2015-01-22,751.00,751.00,751.00,751.00,,-2.47%
2015-01-21,770.00,770.00,770.00,770.00,,2.26%
2015-01-20,753.00,753.00,753.00,753.00,,1.89%
2015-01-19,739.00,739.00,739.00,739.00,,-0.27%
2015-01-16,741.00,741.00,741.00,741.00,,-1.07%
2015-01-15,749.00,749.00,749.00,749.00,,-1.06%
2015-01-14,757.00,757.00,757.00,757.00,,-0.66%
2015-01-13,762.00,762.00,762.00,762.00,,5.39%
2015-01-12,723.00,723.00,723.00,723.00,,1.97%
2015-01-09,709.00,709.00,709.00,709.00,,-2.07%
2015-01-08,724.00,724.00,724.00,724.00,,-2.69%
2015-01-07,744.00,744.00,744.00,744.00,,-1.85%
2015-01-06,758.00,758.00,758.00,758.00,,-0.39%
2015-01-05,761.00,761.00,761.00,761.00,,-1.30%
2015-01-02,771.00,771.00,771.00,771.00,,-1.41%
2014-12-24,782.00,782.00,782.00,782.00,,-0.76%
2014-12-23,788.00,788.00,788.00,788.00,,-0.76%
2014-12-22,794.00,794.00,794.00,794.00,,-1.12%
2014-12-19,803.00,803.00,803.00,803.00,,-1.35%
2014-12-18,814.00,814.00,814.00,814.00,,-1.57%
2014-12-17,827.00,827.00,827.00,827.00,,-1.31%
2014-12-16,838.00,838.00,838.00,838.00,,-0.83%
2014-12-15,845.00,845.00,845.00,845.00,,-2.09%
2014-12-12,863.00,863.00,863.00,863.00,,-2.71%
2014-12-11,887.00,887.00,887.00,887.00,,-2.63%
2014-12-10,911.00,911.00,911.00,911.00,,-2.36%
2014-12-09,933.00,933.00,933.00,933.00,,-2.00%
2014-12-08,952.00,952.00,952.00,952.00,,-3.05%
2014-12-05,982.00,982.00,982.00,982.00,,-3.63%
2014-12-04,"1,019.00","1,019.00","1,019.00","1,019.00",,-5.56%
2014-12-03,"1,079.00","1,079.00","1,079.00","1,079.00",,-3.57%
2014-12-02,"1,119.00","1,119.00","1,119.00","1,119.00",,-1.58%
2014-12-01,"1,137.00","1,137.00","1,137.00","1,137.00",,-1.39%
2014-11-28,"1,153.00","1,153.00","1,153.00","1,153.00",,-2.86%
2014-11-27,"1,187.00","1,187.00","1,187.00","1,187.00",,-4.20%
2014-11-26,"1,239.00","1,239.00","1,239.00","1,239.00",,-5.64%
2014-11-25,"1,313.00","1,313.00","1,313.00","1,313.00",,-0.30%
2014-11-24,"1,317.00","1,317.00","1,317.00","1,317.00",,-0.53%
2014-11-21,"1,324.00","1,324.00","1,324.00","1,324.00",,-0.60%
2014-11-20,"1,332.00","1,332.00","1,332.00","1,332.00",,1.99%
2014-11-19,"1,306.00","1,306.00","1,306.00","1,306.00",,0.77%
2014-11-18,"1,296.00","1,296.00","1,296.00","1,296.00",,2.53%
2014-11-17,"1,264.00","1,264.00","1,264.00","1,264.00",,0.64%
2014-11-14,"1,256.00","1,256.00","1,256.00","1,256.00",,-0.63%
2014-11-13,"1,264.00","1,264.00","1,264.00","1,264.00",,-4.75%
2014-11-12,"1,327.00","1,327.00","1,327.00","1,327.00",,-3.14%
2014-11-11,"1,370.00","1,370.00","1,370.00","1,370.00",,-3.39%
2014-11-10,"1,418.00","1,418.00","1,418.00","1,418.00",,-1.32%
2014-11-07,"1,437.00","1,437.00","1,437.00","1,437.00",,0.07%
2014-11-06,"1,436.00","1,436.00","1,436.00","1,436.00",,-1.91%
2014-11-05,"1,464.00","1,464.00","1,464.00","1,464.00",,-1.35%
2014-11-04,"1,484.00","1,484.00","1,484.00","1,484.00",,1.92%
2014-11-03,"1,456.00","1,456.00","1,456.00","1,456.00",,1.96%
2014-10-31,"1,428.00","1,428.00","1,428.00","1,428.00",,0.28%
2014-10-30,"1,424.00","1,424.00","1,424.00","1,424.00",,-0.28%
2014-10-29,"1,428.00","1,428.00","1,428.00","1,428.00",,2.37%
2014-10-28,"1,395.00","1,395.00","1,395.00","1,395.00",,8.56%
2014-10-27,"1,285.00","1,285.00","1,285.00","1,285.00",,7.80%
2014-10-24,"1,192.00","1,192.00","1,192.00","1,192.00",,3.20%
2014-10-23,"1,155.00","1,155.00","1,155.00","1,155.00",,1.67%
2014-10-22,"1,136.00","1,136.00","1,136.00","1,136.00",,4.22%
2014-10-21,"1,090.00","1,090.00","1,090.00","1,090.00",,12.02%
2014-10-20,973.00,973.00,973.00,973.00,,3.07%
2014-10-17,944.00,944.00,944.00,944.00,,1.51%
2014-10-16,930.00,930.00,930.00,930.00,,-0.53%
2014-10-15,935.00,935.00,935.00,935.00,,-1.37%
2014-10-14,948.00,948.00,948.00,948.00,,-0.63%
2014-10-13,954.00,954.00,954.00,954.00,,-0.93%
2014-10-10,963.00,963.00,963.00,963.00,,-1.13%
2014-10-09,974.00,974.00,974.00,974.00,,-1.72%
2014-10-08,991.00,991.00,991.00,991.00,,-2.36%
2014-10-07,"1,015.00","1,015.00","1,015.00","1,015.00",,-1.36%
2014-10-06,"1,029.00","1,029.00","1,029.00","1,029.00",,-0.77%
2014-10-03,"1,037.00","1,037.00","1,037.00","1,037.00",,-0.38%
2014-10-02,"1,041.00","1,041.00","1,041.00","1,041.00",,-1.33%
2014-10-01,"1,055.00","1,055.00","1,055.00","1,055.00",,-0.75%
2014-09-30,"1,063.00","1,063.00","1,063.00","1,063.00",,0.09%
2014-09-29,"1,062.00","1,062.00","1,062.00","1,062.00",,1.24%
2014-09-26,"1,049.00","1,049.00","1,049.00","1,049.00",,1.06%
2014-09-25,"1,038.00","1,038.00","1,038.00","1,038.00",,-1.70%
2014-09-24,"1,056.00","1,056.00","1,056.00","1,056.00",,-1.58%
2014-09-23,"1,073.00","1,073.00","1,073.00","1,073.00",,-0.37%
2014-09-22,"1,077.00","1,077.00","1,077.00","1,077.00",,0.19%
2014-09-19,"1,075.00","1,075.00","1,075.00","1,075.00",,-1.29%
2014-09-18,"1,089.00","1,089.00","1,089.00","1,089.00",,-3.11%
2014-09-17,"1,124.00","1,124.00","1,124.00","1,124.00",,-2.26%
2014-09-16,"1,150.00","1,150.00","1,150.00","1,150.00",,-1.96%
2014-09-15,"1,173.00","1,173.00","1,173.00","1,173.00",,-0.68%
2014-09-12,"1,181.00","1,181.00","1,181.00","1,181.00",,-0.42%
2014-09-11,"1,186.00","1,186.00","1,186.00","1,186.00",,-0.92%
2014-09-10,"1,197.00","1,197.00","1,197.00","1,197.00",,0.00%
2014-09-09,"1,197.00","1,197.00","1,197.00","1,197.00",,2.66%
2014-09-08,"1,166.00","1,166.00","1,166.00","1,166.00",,0.95%
2014-09-05,"1,155.00","1,155.00","1,155.00","1,155.00",,0.70%
2014-09-04,"1,147.00","1,147.00","1,147.00","1,147.00",,0.44%
2014-09-03,"1,142.00","1,142.00","1,142.00","1,142.00",,-0.61%
2014-09-02,"1,149.00","1,149.00","1,149.00","1,149.00",,-0.17%
2014-09-01,"1,151.00","1,151.00","1,151.00","1,151.00",,0.35%
2014-08-29,"1,147.00","1,147.00","1,147.00","1,147.00",,2.50%
2014-08-28,"1,119.00","1,119.00","1,119.00","1,119.00",,5.27%
2014-08-27,"1,063.00","1,063.00","1,063.00","1,063.00",,-0.65%
2014-08-26,"1,070.00","1,070.00","1,070.00","1,070.00",,-1.65%
2014-08-22,"1,088.00","1,088.00","1,088.00","1,088.00",,-0.73%
2014-08-21,"1,096.00","1,096.00","1,096.00","1,096.00",,3.30%
2014-08-20,"1,061.00","1,061.00","1,061.00","1,061.00",,2.02%
2014-08-19,"1,040.00","1,040.00","1,040.00","1,040.00",,-0.19%
2014-08-18,"1,042.00","1,042.00","1,042.00","1,042.00",,2.66%
2014-08-15,"1,015.00","1,015.00","1,015.00","1,015.00",,7.75%
2014-08-14,942.00,942.00,942.00,942.00,,8.15%
2014-08-13,871.00,871.00,871.00,871.00,,4.19%
2014-08-12,836.00,836.00,836.00,836.00,,5.56%
2014-08-11,792.00,792.00,792.00,792.00,,1.93%
2014-08-08,777.00,777.00,777.00,777.00,,1.57%
2014-08-07,765.00,765.00,765.00,765.00,,0.79%
2014-08-06,759.00,759.00,759.00,759.00,,0.53%
2014-08-05,755.00,755.00,755.00,755.00,,0.27%
2014-08-04,753.00,753.00,753.00,753.00,,0.27%
2014-08-01,751.00,751.00,751.00,751.00,,-0.53%
2014-07-31,755.00,755.00,755.00,755.00,,0.13%
2014-07-30,754.00,754.00,754.00,754.00,,0.94%
2014-07-29,747.00,747.00,747.00,747.00,,0.54%
2014-07-28,743.00,743.00,743.00,743.00,,0.54%
2014-07-25,739.00,739.00,739.00,739.00,,0.96%
2014-07-24,732.00,732.00,732.00,732.00,,0.69%
2014-07-23,727.00,727.00,727.00,727.00,,0.55%
2014-07-22,723.00,723.00,723.00,723.00,,-0.14%
2014-07-21,724.00,724.00,724.00,724.00,,-1.09%
2014-07-18,732.00,732.00,732.00,732.00,,-0.81%
2014-07-17,738.00,738.00,738.00,738.00,,-2.25%
2014-07-16,755.00,755.00,755.00,755.00,,-3.45%
2014-07-15,782.00,782.00,782.00,782.00,,-2.01%
2014-07-14,798.00,798.00,798.00,798.00,,-1.97%
2014-07-11,814.00,814.00,814.00,814.00,,-2.63%
2014-07-10,836.00,836.00,836.00,836.00,,-3.13%
2014-07-09,863.00,863.00,863.00,863.00,,-2.04%
2014-07-08,881.00,881.00,881.00,881.00,,-0.79%
2014-07-07,888.00,888.00,888.00,888.00,,-0.56%
2014-07-04,893.00,893.00,893.00,893.00,,0.34%
2014-07-03,890.00,890.00,890.00,890.00,,0.00%
2014-07-02,890.00,890.00,890.00,890.00,,-0.45%
2014-07-01,894.00,894.00,894.00,894.00,,5.18%
2014-06-30,850.00,850.00,850.00,850.00,,2.29%
2014-06-27,831.00,831.00,831.00,831.00,,0.85%
2014-06-26,824.00,824.00,824.00,824.00,,-2.60%
2014-06-25,846.00,846.00,846.00,846.00,,-2.42%
2014-06-24,867.00,867.00,867.00,867.00,,-2.14%
2014-06-23,886.00,886.00,886.00,886.00,,-1.99%
2014-06-20,904.00,904.00,904.00,904.00,,0.22%
2014-06-19,902.00,902.00,902.00,902.00,,4.04%
2014-06-18,867.00,867.00,867.00,867.00,,1.05%
2014-06-17,858.00,858.00,858.00,858.00,,-2.50%
2014-06-16,880.00,880.00,880.00,880.00,,-2.87%
2014-06-13,906.00,906.00,906.00,906.00,,-3.51%
2014-06-12,939.00,939.00,939.00,939.00,,-3.49%
2014-06-11,973.00,973.00,973.00,973.00,,-3.09%
2014-06-10,"1,004.00","1,004.00","1,004.00","1,004.00",,0.50%
2014-06-09,999.00,999.00,999.00,999.00,,1.01%
2014-06-06,989.00,989.00,989.00,989.00,,1.23%
2014-06-05,977.00,977.00,977.00,977.00,,1.88%
2014-06-04,959.00,959.00,959.00,959.00,,1.16%
2014-06-03,948.00,948.00,948.00,948.00,,1.50%
2014-06-02,934.00,934.00,934.00,934.00,,0.00%
2014-05-30,934.00,934.00,934.00,934.00,,-0.64%
2014-05-29,940.00,940.00,940.00,940.00,,-1.47%
2014-05-28,954.00,954.00,954.00,954.00,,-1.95%
2014-05-27,973.00,973.00,973.00,973.00,,0.93%
2014-05-23,964.00,964.00,964.00,964.00,,-0.21%
2014-05-22,966.00,966.00,966.00,966.00,,-2.23%
2014-05-21,988.00,988.00,988.00,988.00,,-2.18%
2014-05-20,"1,010.00","1,010.00","1,010.00","1,010.00",,-1.17%
2014-05-19,"1,022.00","1,022.00","1,022.00","1,022.00",,-0.49%
2014-05-16,"1,027.00","1,027.00","1,027.00","1,027.00",,0.59%
2014-05-15,"1,021.00","1,021.00","1,021.00","1,021.00",,1.90%
2014-05-14,"1,002.00","1,002.00","1,002.00","1,002.00",,2.04%
2014-05-13,982.00,982.00,982.00,982.00,,-0.51%
2014-05-12,987.00,987.00,987.00,987.00,,-1.00%
2014-05-09,997.00,997.00,997.00,997.00,,-1.09%
2014-05-08,"1,008.00","1,008.00","1,008.00","1,008.00",,-1.37%
2014-05-07,"1,022.00","1,022.00","1,022.00","1,022.00",,0.00%
2014-05-06,"1,022.00","1,022.00","1,022.00","1,022.00",,0.49%
2014-05-05,"1,017.00","1,017.00","1,017.00","1,017.00",,0.00%
2014-05-02,"1,017.00","1,017.00","1,017.00","1,017.00",,2.42%
2014-05-01,993.00,943.00,993.00,943.00,,5.30%
2014-04-30,943.00,943.00,943.00,943.00,,-0.63%
2014-04-29,949.00,949.00,949.00,949.00,,-1.25%
2014-04-28,961.00,961.00,961.00,961.00,,-0.62%
2014-04-25,967.00,967.00,967.00,967.00,,0.52%
2014-04-24,962.00,962.00,962.00,962.00,,0.63%
2014-04-23,956.00,956.00,956.00,956.00,,1.81%
2014-04-22,939.00,939.00,939.00,939.00,,0.97%
2014-04-17,930.00,930.00,930.00,930.00,,-0.64%
2014-04-16,936.00,936.00,936.00,936.00,,-3.51%
2014-04-15,970.00,970.00,970.00,970.00,,-1.92%
2014-04-14,989.00,989.00,989.00,989.00,,-1.30%
2014-04-11,"1,002.00","1,002.00","1,002.00","1,002.00",,-2.62%
2014-04-10,"1,029.00","1,029.00","1,029.00","1,029.00",,-3.02%
2014-04-09,"1,061.00","1,061.00","1,061.00","1,061.00",,-3.37%
2014-04-08,"1,098.00","1,098.00","1,098.00","1,098.00",,-7.42%
2014-04-07,"1,186.00","1,186.00","1,186.00","1,186.00",,-1.58%
2014-04-04,"1,205.00","1,205.00","1,205.00","1,205.00",,-2.43%
2014-04-03,"1,235.00","1,235.00","1,235.00","1,235.00",,-2.99%
2014-04-02,"1,273.00","1,273.00","1,273.00","1,273.00",,-3.27%
2014-04-01,"1,316.00","1,316.00","1,316.00","1,316.00",,-3.38%
2014-03-31,"1,362.00","1,362.00","1,362.00","1,362.00",,-0.80%
2014-03-28,"1,373.00","1,373.00","1,373.00","1,373.00",,-2.76%
2014-03-27,"1,412.00","1,412.00","1,412.00","1,412.00",,-5.61%
2014-03-26,"1,496.00","1,496.00","1,496.00","1,496.00",,-5.20%
2014-03-25,"1,578.00","1,578.00","1,578.00","1,578.00",,-1.50%
2014-03-24,"1,602.00","1,602.00","1,602.00","1,602.00",,0.19%
2014-03-21,"1,599.00","1,599.00","1,599.00","1,599.00",,-1.36%
2014-03-20,"1,621.00","1,621.00","1,621.00","1,621.00",,3.25%
2014-03-19,"1,570.00","1,570.00","1,570.00","1,570.00",,3.43%
2014-03-18,"1,518.00","1,518.00","1,518.00","1,518.00",,2.50%
2014-03-17,"1,481.00","1,481.00","1,481.00","1,481.00",,0.27%
2014-03-14,"1,477.00","1,477.00","1,477.00","1,477.00",,0.61%
2014-03-13,"1,468.00","1,468.00","1,468.00","1,468.00",,1.03%
2014-03-12,"1,453.00","1,453.00","1,453.00","1,453.00",,-8.04%
2014-03-11,"1,580.00","1,580.00","1,580.00","1,580.00",,1.15%
2014-03-10,"1,562.00","1,562.00","1,562.00","1,562.00",,1.23%
2014-03-07,"1,543.00","1,543.00","1,543.00","1,543.00",,4.26%
2014-03-06,"1,480.00","1,480.00","1,480.00","1,480.00",,6.40%
2014-03-05,"1,391.00","1,391.00","1,391.00","1,391.00",,4.98%
2014-03-04,"1,325.00","1,325.00","1,325.00","1,325.00",,3.84%
2014-03-03,"1,276.00","1,276.00","1,276.00","1,276.00",,1.43%
2014-02-28,"1,258.00","1,258.00","1,258.00","1,258.00",,0.64%
2014-02-27,"1,250.00","1,250.00","1,250.00","1,250.00",,2.29%
2014-02-26,"1,222.00","1,222.00","1,222.00","1,222.00",,2.09%
2014-02-25,"1,197.00","1,197.00","1,197.00","1,197.00",,1.96%
2014-02-24,"1,174.00","1,174.00","1,174.00","1,174.00",,-0.09%
2014-02-21,"1,175.00","1,175.00","1,175.00","1,175.00",,0.95%
2014-02-20,"1,164.00","1,164.00","1,164.00","1,164.00",,0.34%
2014-02-19,"1,160.00","1,160.00","1,160.00","1,160.00",,1.22%
2014-02-18,"1,146.00","1,146.00","1,146.00","1,146.00",,1.42%
2014-02-17,"1,130.00","1,130.00","1,130.00","1,130.00",,2.17%
2014-02-14,"1,106.00","1,106.00","1,106.00","1,106.00",,0.82%
2014-02-13,"1,097.00","1,097.00","1,097.00","1,097.00",,1.11%
2014-02-12,"1,085.00","1,085.00","1,085.00","1,085.00",,-0.55%
2014-02-11,"1,091.00","1,091.00","1,091.00","1,091.00",,-0.46%
2014-02-10,"1,096.00","1,096.00","1,096.00","1,096.00",,0.46%
2014-02-07,"1,091.00","1,091.00","1,091.00","1,091.00",,-0.09%
2014-02-06,"1,092.00","1,092.00","1,092.00","1,092.00",,0.55%
2014-02-05,"1,086.00","1,086.00","1,086.00","1,086.00",,0.18%
2014-02-04,"1,084.00","1,084.00","1,084.00","1,084.00",,-0.82%
2014-02-03,"1,093.00","1,093.00","1,093.00","1,093.00",,-1.53%
2014-01-31,"1,110.00","1,110.00","1,110.00","1,110.00",,-1.51%
2014-01-30,"1,127.00","1,127.00","1,127.00","1,127.00",,-1.83%
2014-01-29,"1,148.00","1,148.00","1,148.00","1,148.00",,-2.46%
2014-01-28,"1,177.00","1,177.00","1,177.00","1,177.00",,-3.29%
2014-01-27,"1,217.00","1,217.00","1,217.00","1,217.00",,-2.33%
2014-01-24,"1,246.00","1,246.00","1,246.00","1,246.00",,-1.97%
2014-01-23,"1,271.00","1,271.00","1,271.00","1,271.00",,-3.86%
2014-01-22,"1,322.00","1,322.00","1,322.00","1,322.00",,-3.43%
2014-01-21,"1,369.00","1,369.00","1,369.00","1,369.00",,-4.13%
2014-01-20,"1,428.00","1,428.00","1,428.00","1,428.00",,0.49%
2014-01-17,"1,421.00","1,421.00","1,421.00","1,421.00",,1.65%
2014-01-16,"1,398.00","1,398.00","1,398.00","1,398.00",,1.75%
2014-01-15,"1,374.00","1,374.00","1,374.00","1,374.00",,0.29%
2014-01-14,"1,370.00","1,370.00","1,370.00","1,370.00",,-1.79%
2014-01-13,"1,395.00","1,395.00","1,395.00","1,395.00",,-7.74%
2014-01-10,"1,512.00","1,512.00","1,512.00","1,512.00",,-11.37%
2014-01-09,"1,706.00","1,706.00","1,706.00","1,706.00",,-6.57%
2014-01-08,"1,826.00","1,826.00","1,826.00","1,826.00",,-2.67%
2014-01-07,"1,876.00","1,876.00","1,876.00","1,876.00",,-3.84%
2014-01-06,"1,951.00","1,951.00","1,951.00","1,951.00",,-4.17%
2014-01-03,"2,036.00","2,036.00","2,036.00","2,036.00",,-3.64%
2014-01-02,"2,113.00","2,113.00","2,113.00","2,113.00",,-7.20%
2013-12-24,"2,277.00","2,277.00","2,277.00","2,277.00",,1.34%
2013-12-23,"2,247.00","2,247.00","2,247.00","2,247.00",,1.77%
2013-12-20,"2,208.00","2,208.00","2,208.00","2,208.00",,3.47%
2013-12-19,"2,134.00","2,134.00","2,134.00","2,134.00",,-1.02%
2013-12-18,"2,156.00","2,156.00","2,156.00","2,156.00",,-3.10%
2013-12-17,"2,225.00","2,225.00","2,225.00","2,225.00",,-2.92%
2013-12-16,"2,292.00","2,292.00","2,292.00","2,292.00",,-1.63%
2013-12-13,"2,330.00","2,330.00","2,330.00","2,330.00",,-0.30%
2013-12-12,"2,337.00","2,337.00","2,337.00","2,337.00",,1.65%
2013-12-11,"2,299.00","2,299.00","2,299.00","2,299.00",,2.77%
2013-12-10,"2,237.00","2,237.00","2,237.00","2,237.00",,2.47%
2013-12-09,"2,183.00","2,183.00","2,183.00","2,183.00",,0.32%
2013-12-06,"2,176.00","2,176.00","2,176.00","2,176.00",,1.45%
2013-12-05,"2,145.00","2,145.00","2,145.00","2,145.00",,7.57%
2013-12-04,"1,994.00","1,994.00","1,994.00","1,994.00",,3.75%
2013-12-03,"1,922.00","1,922.00","1,922.00","1,922.00",,3.06%
2013-12-02,"1,865.00","1,865.00","1,865.00","1,865.00",,2.42%
2013-11-29,"1,821.00","1,821.00","1,821.00","1,821.00",,5.93%
2013-11-28,"1,719.00","1,719.00","1,719.00","1,719.00",,9.28%
2013-11-27,"1,573.00","1,573.00","1,573.00","1,573.00",,4.03%
2013-11-26,"1,512.00","1,512.00","1,512.00","1,512.00",,1.34%
2013-11-25,"1,492.00","1,492.00","1,492.00","1,492.00",,0.61%
2013-11-22,"1,483.00","1,483.00","1,483.00","1,483.00",,-1.07%
2013-11-21,"1,499.00","1,499.00","1,499.00","1,499.00",,-1.83%
2013-11-20,"1,527.00","1,527.00","1,527.00","1,527.00",,2.14%
2013-11-19,"1,495.00","1,495.00","1,495.00","1,495.00",,-0.33%
2013-11-18,"1,500.00","1,500.00","1,500.00","1,500.00",,-0.46%
2013-11-15,"1,507.00","1,507.00","1,507.00","1,507.00",,-0.66%
2013-11-14,"1,517.00","1,517.00","1,517.00","1,517.00",,-0.91%
2013-11-13,"1,531.00","1,531.00","1,531.00","1,531.00",,-0.78%
2013-11-12,"1,543.00","1,543.00","1,543.00","1,543.00",,-1.34%
2013-11-11,"1,564.00","1,564.00","1,564.00","1,564.00",,-1.08%
2013-11-08,"1,581.00","1,581.00","1,581.00","1,581.00",,-0.75%
2013-11-07,"1,593.00","1,593.00","1,593.00","1,593.00",,-0.56%
2013-11-06,"1,602.00","1,602.00","1,602.00","1,602.00",,0.13%
2013-11-05,"1,600.00","1,600.00","1,600.00","1,600.00",,3.09%
2013-11-04,"1,552.00","1,552.00","1,552.00","1,552.00",,1.77%
2013-11-01,"1,525.00","1,525.00","1,525.00","1,525.00",,1.40%
2013-10-31,"1,504.00","1,504.00","1,504.00","1,504.00",,1.35%
2013-10-30,"1,484.00","1,484.00","1,484.00","1,484.00",,-4.32%
2013-10-29,"1,551.00","1,551.00","1,551.00","1,551.00",,-4.20%
2013-10-28,"1,619.00","1,619.00","1,619.00","1,619.00",,-3.11%
2013-10-25,"1,671.00","1,671.00","1,671.00","1,671.00",,-2.17%
2013-10-24,"1,708.00","1,708.00","1,708.00","1,708.00",,-4.37%
2013-10-23,"1,786.00","1,786.00","1,786.00","1,786.00",,-3.30%
2013-10-22,"1,847.00","1,847.00","1,847.00","1,847.00",,-1.65%
2013-10-21,"1,878.00","1,878.00","1,878.00","1,878.00",,-1.21%
2013-10-18,"1,901.00","1,901.00","1,901.00","1,901.00",,-3.01%
2013-10-17,"1,960.00","1,960.00","1,960.00","1,960.00",,-0.25%
2013-10-16,"1,965.00","1,965.00","1,965.00","1,965.00",,0.10%
2013-10-15,"1,963.00","1,963.00","1,963.00","1,963.00",,0.10%
2013-10-14,"1,961.00","1,961.00","1,961.00","1,961.00",,-1.21%
2013-10-11,"1,985.00","1,985.00","1,985.00","1,985.00",,-1.29%
2013-10-10,"2,011.00","2,011.00","2,011.00","2,011.00",,-5.36%
2013-10-09,"2,125.00","2,125.00","2,125.00","2,125.00",,-0.98%
2013-10-08,"2,146.00","2,146.00","2,146.00","2,146.00",,1.47%
2013-10-07,"2,115.00","2,115.00","2,115.00","2,115.00",,1.49%
2013-10-04,"2,084.00","2,084.00","2,084.00","2,084.00",,1.81%
2013-10-03,"2,047.00","2,047.00","2,047.00","2,047.00",,1.94%
2013-10-02,"2,008.00","2,008.00","2,008.00","2,008.00",,0.70%
2013-10-01,"1,994.00","1,994.00","1,994.00","1,994.00",,-0.45%
2013-09-30,"2,003.00","2,003.00","2,003.00","2,003.00",,-2.10%
2013-09-27,"2,046.00","2,046.00","2,046.00","2,046.00",,-3.17%
2013-09-26,"2,113.00","2,113.00","2,113.00","2,113.00",,-0.66%
2013-09-25,"2,127.00","2,127.00","2,127.00","2,127.00",,5.24%
2013-09-24,"2,021.00","2,021.00","2,021.00","2,021.00",,3.80%
2013-09-23,"1,947.00","1,947.00","1,947.00","1,947.00",,2.26%
2013-09-20,"1,904.00","1,904.00","1,904.00","1,904.00",,2.37%
2013-09-19,"1,860.00","1,860.00","1,860.00","1,860.00",,2.09%
2013-09-18,"1,822.00","1,822.00","1,822.00","1,822.00",,4.71%
2013-09-17,"1,740.00","1,740.00","1,740.00","1,740.00",,5.39%
2013-09-16,"1,651.00","1,651.00","1,651.00","1,651.00",,0.92%
2013-09-13,"1,636.00","1,636.00","1,636.00","1,636.00",,0.93%
2013-09-12,"1,621.00","1,621.00","1,621.00","1,621.00",,-0.43%
2013-09-11,"1,628.00","1,628.00","1,628.00","1,628.00",,5.65%
2013-09-10,"1,541.00","1,541.00","1,541.00","1,541.00",,4.26%
2013-09-09,"1,478.00","1,478.00","1,478.00","1,478.00",,9.32%
2013-09-06,"1,352.00","1,352.00","1,352.00","1,352.00",,5.71%
2013-09-05,"1,279.00","1,279.00","1,279.00","1,279.00",,5.27%
2013-09-04,"1,215.00","1,215.00","1,215.00","1,215.00",,4.02%
2013-09-03,"1,168.00","1,168.00","1,168.00","1,168.00",,2.55%
2013-09-02,"1,139.00","1,139.00","1,139.00","1,139.00",,0.62%
2013-08-30,"1,132.00","1,132.00","1,132.00","1,132.00",,-0.35%
2013-08-29,"1,136.00","1,136.00","1,136.00","1,136.00",,-0.87%
2013-08-28,"1,146.00","1,146.00","1,146.00","1,146.00",,-1.97%
2013-08-27,"1,169.00","1,169.00","1,169.00","1,169.00",,0.34%
2013-08-23,"1,165.00","1,165.00","1,165.00","1,165.00",,0.60%
2013-08-22,"1,158.00","1,158.00","1,158.00","1,158.00",,0.17%
2013-08-21,"1,156.00","1,145.00","1,156.00","1,145.00",,0.96%
2013-08-20,"1,145.00","1,145.00","1,145.00","1,145.00",,2.69%
2013-08-19,"1,115.00","1,115.00","1,115.00","1,115.00",,1.18%
2013-08-16,"1,102.00","1,102.00","1,102.00","1,102.00",,1.01%
2013-08-15,"1,091.00","1,091.00","1,091.00","1,091.00",,2.92%
2013-08-14,"1,060.00","1,060.00","1,060.00","1,060.00",,5.26%
2013-08-13,"1,007.00","1,007.00","1,007.00","1,007.00",,1.10%
2013-08-12,996.00,996.00,996.00,996.00,,-0.50%
2013-08-09,"1,001.00","1,001.00","1,001.00","1,001.00",,-1.09%
2013-08-08,"1,012.00","1,012.00","1,012.00","1,012.00",,-1.17%
2013-08-07,"1,024.00","1,024.00","1,024.00","1,024.00",,-2.10%
2013-08-06,"1,046.00","1,046.00","1,046.00","1,046.00",,-1.13%
2013-08-05,"1,058.00","1,058.00","1,058.00","1,058.00",,-0.66%
2013-08-02,"1,065.00","1,065.00","1,065.00","1,065.00",,-0.09%
2013-08-01,"1,066.00","1,066.00","1,066.00","1,066.00",,0.38%
2013-07-31,"1,062.00","1,062.00","1,062.00","1,062.00",,-0.47%
2013-07-30,"1,067.00","1,067.00","1,067.00","1,067.00",,-0.74%
2013-07-29,"1,075.00","1,075.00","1,075.00","1,075.00",,-0.65%
2013-07-26,"1,082.00","1,082.00","1,082.00","1,082.00",,-0.92%
2013-07-25,"1,092.00","1,092.00","1,092.00","1,092.00",,-2.24%
2013-07-24,"1,117.00","1,117.00","1,117.00","1,117.00",,-0.89%
2013-07-23,"1,127.00","1,127.00","1,127.00","1,127.00",,-0.70%
2013-07-22,"1,135.00","1,135.00","1,135.00","1,135.00",,-0.26%
2013-07-19,"1,138.00","1,138.00","1,138.00","1,138.00",,-0.70%
2013-07-18,"1,146.00","1,146.00","1,146.00","1,146.00",,-0.43%
2013-07-17,"1,151.00","1,151.00","1,151.00","1,151.00",,-0.09%
2013-07-16,"1,152.00","1,152.00","1,152.00","1,152.00",,0.09%
2013-07-15,"1,151.00","1,151.00","1,151.00","1,151.00",,0.17%
2013-07-12,"1,149.00","1,149.00","1,149.00","1,149.00",,0.88%
2013-07-11,"1,139.00","1,139.00","1,139.00","1,139.00",,0.80%
2013-07-10,"1,130.00","1,130.00","1,130.00","1,130.00",,0.89%
2013-07-09,"1,120.00","1,120.00","1,120.00","1,120.00",,0.45%
2013-07-08,"1,115.00","1,115.00","1,115.00","1,115.00",,1.46%
2013-07-05,"1,099.00","1,099.00","1,099.00","1,099.00",,-0.36%
2013-07-04,"1,103.00","1,103.00","1,103.00","1,103.00",,-2.65%
2013-07-03,"1,133.00","1,133.00","1,133.00","1,133.00",,-3.16%
2013-07-02,"1,170.00","1,170.00","1,170.00","1,170.00",,-0.76%
2013-07-01,"1,179.00","1,179.00","1,179.00","1,179.00",,0.68%
2013-06-28,"1,171.00","1,171.00","1,171.00","1,171.00",,1.74%
2013-06-27,"1,151.00","1,151.00","1,151.00","1,151.00",,2.31%
2013-06-26,"1,125.00","1,125.00","1,125.00","1,125.00",,3.21%
2013-06-25,"1,090.00","1,090.00","1,090.00","1,090.00",,2.64%
2013-06-24,"1,062.00","1,062.00","1,062.00","1,062.00",,3.41%
2013-06-21,"1,027.00","1,027.00","1,027.00","1,027.00",,1.48%
2013-06-20,"1,012.00","1,012.00","1,012.00","1,012.00",,1.71%
2013-06-19,995.00,995.00,995.00,995.00,,3.43%
2013-06-18,962.00,962.00,962.00,962.00,,4.00%
2013-06-17,925.00,925.00,925.00,925.00,,2.78%
2013-06-14,900.00,900.00,900.00,900.00,,3.09%
2013-06-13,873.00,873.00,873.00,873.00,,3.07%
2013-06-12,847.00,847.00,847.00,847.00,,2.67%
2013-06-11,825.00,825.00,825.00,825.00,,1.23%
2013-06-10,815.00,815.00,815.00,815.00,,0.37%
2013-06-07,812.00,812.00,812.00,812.00,,0.74%
2013-06-06,806.00,806.00,806.00,806.00,,0.62%
2013-06-05,801.00,801.00,801.00,801.00,,-0.50%
2013-06-04,805.00,805.00,805.00,805.00,,-0.12%
2013-06-03,806.00,806.00,806.00,806.00,,-0.37%
2013-05-31,809.00,809.00,809.00,809.00,,-0.25%
2013-05-30,811.00,811.00,811.00,811.00,,-0.86%
2013-05-29,818.00,818.00,818.00,818.00,,-0.49%
2013-05-28,822.00,822.00,822.00,822.00,,-0.48%
2013-05-24,826.00,826.00,826.00,826.00,,-0.24%
2013-05-23,828.00,828.00,828.00,828.00,,-0.12%
2013-05-22,829.00,829.00,829.00,829.00,,-0.12%
2013-05-21,830.00,830.00,830.00,830.00,,-0.72%
2013-05-20,836.00,836.00,836.00,836.00,,-0.59%
2013-05-17,841.00,841.00,841.00,841.00,,-1.06%
2013-05-16,850.00,850.00,850.00,850.00,,-1.28%
2013-05-15,861.00,861.00,861.00,861.00,,-1.26%
2013-05-14,872.00,872.00,872.00,872.00,,-0.80%
2013-05-13,879.00,879.00,879.00,879.00,,-0.57%
2013-05-10,884.00,884.00,884.00,884.00,,-0.56%
2013-05-09,889.00,889.00,889.00,889.00,,-0.34%
2013-05-08,892.00,892.00,892.00,892.00,,0.34%
2013-05-07,889.00,889.00,889.00,889.00,,1.25%
2013-05-03,878.00,878.00,878.00,878.00,,0.57%
2013-05-02,873.00,873.00,873.00,873.00,,1.28%
2013-05-01,862.00,862.00,862.00,862.00,,-0.12%
2013-04-30,863.00,863.00,863.00,863.00,,-0.58%
2013-04-29,868.00,868.00,868.00,868.00,,-0.34%
2013-04-26,871.00,871.00,871.00,871.00,,-0.11%
2013-04-25,872.00,872.00,872.00,872.00,,-0.80%
2013-04-24,879.00,879.00,879.00,879.00,,-0.68%
2013-04-23,885.00,885.00,885.00,885.00,,-0.45%
2013-04-22,889.00,889.00,889.00,889.00,,0.11%
2013-04-19,888.00,888.00,888.00,888.00,,0.34%
2013-04-18,885.00,885.00,885.00,885.00,,0.00%
2013-04-17,885.00,885.00,885.00,885.00,,0.57%
2013-04-16,880.00,880.00,880.00,880.00,,0.46%
2013-04-15,876.00,876.00,876.00,876.00,,0.11%
2013-04-12,875.00,875.00,875.00,875.00,,1.16%
2013-04-11,865.00,865.00,865.00,865.00,,0.70%
2013-04-10,859.00,859.00,859.00,859.00,,0.35%
2013-04-09,856.00,856.00,856.00,856.00,,-0.23%
2013-04-08,858.00,858.00,858.00,858.00,,-0.35%
2013-04-05,861.00,861.00,861.00,861.00,,-0.58%
2013-04-04,866.00,866.00,866.00,866.00,,-1.25%
2013-04-03,877.00,877.00,877.00,877.00,,-2.12%
2013-04-02,896.00,896.00,896.00,896.00,,-1.54%
2013-03-28,910.00,910.00,910.00,910.00,,-1.30%
2013-03-27,922.00,922.00,922.00,922.00,,-0.97%
2013-03-26,931.00,931.00,931.00,931.00,,-0.43%
2013-03-25,935.00,935.00,935.00,935.00,,0.21%
2013-03-22,933.00,933.00,933.00,933.00,,0.32%
2013-03-21,930.00,930.00,930.00,930.00,,0.76%
2013-03-20,923.00,923.00,923.00,923.00,,1.21%
2013-03-19,912.00,912.00,912.00,912.00,,1.45%
2013-03-18,899.00,899.00,899.00,899.00,,0.78%
2013-03-15,892.00,892.00,892.00,892.00,,1.36%
2013-03-14,880.00,880.00,880.00,880.00,,0.57%
2013-03-13,875.00,875.00,875.00,875.00,,1.16%
2013-03-12,865.00,865.00,865.00,865.00,,2.13%
2013-03-11,847.00,847.00,847.00,847.00,,0.47%
2013-03-08,843.00,843.00,843.00,843.00,,1.08%
2013-03-07,834.00,834.00,834.00,834.00,,1.71%
2013-03-06,820.00,820.00,820.00,820.00,,1.74%
2013-03-05,806.00,806.00,806.00,806.00,,2.15%
2013-03-04,789.00,789.00,789.00,789.00,,1.68%
2013-03-01,776.00,776.00,776.00,776.00,,2.51%
2013-02-28,757.00,757.00,757.00,757.00,,1.61%
2013-02-27,745.00,745.00,745.00,745.00,,0.54%
2013-02-26,741.00,741.00,741.00,741.00,,-0.27%
2013-02-25,743.00,743.00,743.00,743.00,,0.41%
2013-02-22,740.00,740.00,740.00,740.00,,0.41%
2013-02-21,737.00,737.00,737.00,737.00,,0.27%
2013-02-20,735.00,735.00,735.00,735.00,,-0.41%
2013-02-19,738.00,738.00,738.00,738.00,,-1.20%
2013-02-18,747.00,747.00,747.00,747.00,,-0.80%
2013-02-15,753.00,753.00,753.00,753.00,,0.67%
2013-02-14,748.00,748.00,748.00,748.00,,-0.40%
2013-02-13,751.00,751.00,751.00,751.00,,0.54%
2013-02-12,747.00,747.00,747.00,747.00,,0.13%
2013-02-11,746.00,746.00,746.00,746.00,,-0.27%
2013-02-08,748.00,748.00,748.00,748.00,,-0.13%
2013-02-07,749.00,749.00,749.00,749.00,,1.22%
2013-02-06,740.00,740.00,740.00,740.00,,0.14%
2013-02-05,739.00,739.00,739.00,739.00,,-0.81%
2013-02-04,745.00,745.00,745.00,745.00,,-0.67%
2013-02-01,750.00,750.00,750.00,750.00,,-1.32%
2013-01-31,760.00,760.00,760.00,760.00,,-0.91%
2013-01-30,767.00,767.00,767.00,767.00,,-1.54%
2013-01-29,779.00,779.00,779.00,779.00,,-1.64%
2013-01-28,792.00,792.00,792.00,792.00,,-0.75%
2013-01-25,798.00,798.00,798.00,798.00,,-1.24%
2013-01-24,808.00,808.00,808.00,808.00,,-1.10%
2013-01-23,817.00,817.00,817.00,817.00,,-0.97%
2013-01-22,825.00,825.00,825.00,825.00,,-1.55%
2013-01-21,838.00,838.00,838.00,838.00,,0.12%
2013-01-18,837.00,837.00,837.00,837.00,,2.07%
2013-01-17,820.00,820.00,820.00,820.00,,4.99%
2013-01-16,781.00,781.00,781.00,781.00,,2.09%
2013-01-15,765.00,765.00,765.00,765.00,,0.39%
2013-01-14,762.00,762.00,762.00,762.00,,0.26%
2013-01-11,760.00,760.00,760.00,760.00,,1.20%
2013-01-10,751.00,751.00,751.00,751.00,,1.08%
2013-01-09,743.00,743.00,743.00,743.00,,1.23%
2013-01-08,734.00,734.00,734.00,734.00,,3.09%
2013-01-07,712.00,712.00,712.00,712.00,,0.85%
2013-01-04,706.00,706.00,706.00,706.00,,0.86%
2013-01-03,700.00,700.00,700.00,700.00,,0.29%
2013-01-02,698.00,698.00,698.00,698.00,,-0.14%
2012-12-24,699.00,699.00,699.00,699.00,,-0.14%
2012-12-21,700.00,700.00,700.00,700.00,,-1.13%
2012-12-20,708.00,708.00,708.00,708.00,,-1.67%
2012-12-19,720.00,720.00,720.00,720.00,,-3.10%
2012-12-18,743.00,743.00,743.00,743.00,,-3.00%
2012-12-17,766.00,766.00,766.00,766.00,,-2.30%
2012-12-14,784.00,784.00,784.00,784.00,,-1.88%
2012-12-13,799.00,799.00,799.00,799.00,,-3.27%
2012-12-12,826.00,826.00,826.00,826.00,,-8.22%
2012-12-11,900.00,900.00,900.00,900.00,,-3.95%
2012-12-10,937.00,937.00,937.00,937.00,,-3.00%
2012-12-07,966.00,966.00,966.00,966.00,,-2.42%
2012-12-06,990.00,990.00,990.00,990.00,,-3.13%
2012-12-05,"1,022.00","1,022.00","1,022.00","1,022.00",,-3.04%
2012-12-04,"1,054.00","1,054.00","1,054.00","1,054.00",,-2.14%
2012-12-03,"1,077.00","1,077.00","1,077.00","1,077.00",,-0.83%
2012-11-30,"1,086.00","1,086.00","1,086.00","1,086.00",,-1.00%
2012-11-29,"1,097.00","1,097.00","1,097.00","1,097.00",,-0.63%
2012-11-28,"1,104.00","1,104.00","1,104.00","1,104.00",,0.64%
2012-11-27,"1,097.00","1,097.00","1,097.00","1,097.00",,0.27%
2012-11-26,"1,094.00","1,094.00","1,094.00","1,094.00",,0.37%
2012-11-23,"1,090.00","1,090.00","1,090.00","1,090.00",,0.55%
2012-11-22,"1,084.00","1,084.00","1,084.00","1,084.00",,1.03%
2012-11-21,"1,073.00","1,073.00","1,073.00","1,073.00",,0.66%
2012-11-20,"1,066.00","1,066.00","1,066.00","1,066.00",,1.14%
2012-11-19,"1,054.00","1,054.00","1,054.00","1,054.00",,1.74%
2012-11-16,"1,036.00","1,036.00","1,036.00","1,036.00",,1.17%
2012-11-15,"1,024.00","1,024.00","1,024.00","1,024.00",,1.29%
2012-11-14,"1,011.00","1,011.00","1,011.00","1,011.00",,2.64%
2012-11-13,985.00,985.00,985.00,985.00,,2.07%
2012-11-12,965.00,965.00,965.00,965.00,,2.66%
2012-11-09,940.00,940.00,940.00,940.00,,2.62%
2012-11-08,916.00,916.00,916.00,916.00,,0.00%
2012-11-07,916.00,916.00,916.00,916.00,,-3.27%
2012-11-06,947.00,947.00,947.00,947.00,,-2.47%
2012-11-05,971.00,971.00,971.00,971.00,,-1.52%
2012-11-02,986.00,986.00,986.00,986.00,,-1.40%
2012-11-01,"1,000.00","1,000.00","1,000.00","1,000.00",,-2.53%
2012-10-31,"1,026.00","1,026.00","1,026.00","1,026.00",,-1.63%
2012-10-30,"1,043.00","1,043.00","1,043.00","1,043.00",,-0.48%
2012-10-29,"1,048.00","1,048.00","1,048.00","1,048.00",,-0.10%
2012-10-26,"1,049.00","1,049.00","1,049.00","1,049.00",,-0.19%
2012-10-25,"1,051.00","1,051.00","1,051.00","1,051.00",,-3.40%
2012-10-24,"1,088.00","1,088.00","1,088.00","1,088.00",,-1.89%
2012-10-23,"1,109.00","1,109.00","1,109.00","1,109.00",,6.94%
2012-10-22,"1,037.00","1,037.00","1,037.00","1,037.00",,2.67%
2012-10-19,"1,010.00","1,010.00","1,010.00","1,010.00",,2.12%
2012-10-18,989.00,989.00,989.00,989.00,,-1.00%
2012-10-17,999.00,999.00,999.00,999.00,,1.83%
2012-10-16,981.00,981.00,981.00,981.00,,4.25%
2012-10-15,941.00,941.00,941.00,941.00,,1.62%
2012-10-12,926.00,926.00,926.00,926.00,,2.55%
2012-10-11,903.00,903.00,903.00,903.00,,3.20%
2012-10-10,875.00,875.00,875.00,875.00,,0.00%
2012-10-09,875.00,875.00,875.00,875.00,,-0.91%
2012-10-08,883.00,883.00,883.00,883.00,,0.91%
2012-10-05,875.00,875.00,875.00,875.00,,3.55%
2012-10-04,845.00,845.00,845.00,845.00,,5.89%
2012-10-03,798.00,798.00,798.00,798.00,,2.57%
2012-10-02,778.00,778.00,778.00,778.00,,0.13%
2012-10-01,777.00,777.00,777.00,777.00,,1.44%
2012-09-28,766.00,766.00,766.00,766.00,,2.96%
2012-09-27,744.00,744.00,744.00,744.00,,-1.06%
2012-09-26,752.00,752.00,752.00,752.00,,-1.44%
2012-09-25,763.00,763.00,763.00,763.00,,-1.17%
2012-09-24,772.00,772.00,772.00,772.00,,-0.26%
2012-09-21,774.00,774.00,774.00,774.00,,2.52%
2012-09-20,755.00,755.00,755.00,755.00,,4.57%
2012-09-19,722.00,722.00,722.00,722.00,,3.59%
2012-09-18,697.00,697.00,697.00,697.00,,5.13%
2012-09-17,663.00,663.00,663.00,663.00,,0.15%
2012-09-14,662.00,662.00,662.00,662.00,,-0.15%
2012-09-13,663.00,663.00,663.00,663.00,,0.30%
2012-09-12,661.00,661.00,661.00,661.00,,-0.15%
2012-09-11,662.00,662.00,662.00,662.00,,-0.60%
2012-09-10,666.00,666.00,666.00,666.00,,-0.45%
2012-09-07,669.00,669.00,669.00,669.00,,-0.89%
2012-09-06,675.00,675.00,675.00,675.00,,-1.32%
2012-09-05,684.00,684.00,684.00,684.00,,-1.30%
2012-09-04,693.00,693.00,693.00,693.00,,-0.72%
2012-09-03,698.00,698.00,698.00,698.00,,-0.71%
2012-08-31,703.00,703.00,703.00,703.00,,-0.57%
2012-08-30,707.00,707.00,707.00,707.00,,-1.53%
2012-08-29,718.00,718.00,718.00,718.00,,-0.83%
2012-08-28,724.00,724.00,724.00,724.00,,0.98%
2012-08-27,717.00,717.00,717.00,717.00,,0.00%
2012-08-24,717.00,717.00,717.00,717.00,,0.28%
2012-08-23,715.00,715.00,715.00,715.00,,0.42%
2012-08-22,712.00,712.00,712.00,712.00,,0.42%
2012-08-21,709.00,709.00,709.00,709.00,,-0.28%
2012-08-20,711.00,711.00,711.00,711.00,,-0.42%
2012-08-17,714.00,714.00,714.00,714.00,,-0.83%
2012-08-16,720.00,720.00,720.00,720.00,,-1.10%
2012-08-15,728.00,728.00,728.00,728.00,,-2.93%
2012-08-14,750.00,750.00,750.00,750.00,,-1.83%
2012-08-13,764.00,764.00,764.00,764.00,,-1.29%
2012-08-10,774.00,774.00,774.00,774.00,,-2.03%
2012-08-09,790.00,790.00,790.00,790.00,,-2.71%
2012-08-08,812.00,812.00,812.00,812.00,,-2.87%
2012-08-07,836.00,836.00,836.00,836.00,,-0.83%
2012-08-06,843.00,843.00,843.00,843.00,,-1.06%
2012-08-03,852.00,852.00,852.00,852.00,,-1.05%
2012-08-02,861.00,861.00,861.00,861.00,,-1.94%
2012-08-01,878.00,878.00,878.00,878.00,,-2.12%
2012-07-31,897.00,897.00,897.00,897.00,,-1.97%
2012-07-30,915.00,915.00,915.00,915.00,,-1.93%
2012-07-27,933.00,933.00,933.00,933.00,,-2.61%
2012-07-26,958.00,958.00,958.00,958.00,,-2.44%
2012-07-25,982.00,982.00,982.00,982.00,,-2.09%
2012-07-24,"1,003.00","1,003.00","1,003.00","1,003.00",,-1.86%
2012-07-23,"1,022.00","1,022.00","1,022.00","1,022.00",,-1.45%
2012-07-20,"1,037.00","1,037.00","1,037.00","1,037.00",,-1.52%
2012-07-19,"1,053.00","1,053.00","1,053.00","1,053.00",,-1.96%
2012-07-18,"1,074.00","1,074.00","1,074.00","1,074.00",,-1.74%
2012-07-17,"1,093.00","1,093.00","1,093.00","1,093.00",,-0.82%
2012-07-16,"1,102.00","1,102.00","1,102.00","1,102.00",,-0.72%
2012-07-13,"1,110.00","1,110.00","1,110.00","1,110.00",,-0.98%
2012-07-12,"1,121.00","1,121.00","1,121.00","1,121.00",,-2.18%
2012-07-11,"1,146.00","1,146.00","1,146.00","1,146.00",,-1.21%
2012-07-10,"1,160.00","1,160.00","1,160.00","1,160.00",,-0.17%
2012-07-09,"1,162.00","1,162.00","1,162.00","1,162.00",,0.43%
2012-07-06,"1,157.00","1,157.00","1,157.00","1,157.00",,1.67%
2012-07-05,"1,138.00","1,138.00","1,138.00","1,138.00",,3.17%
2012-07-04,"1,103.00","1,103.00","1,103.00","1,103.00",,3.76%
2012-07-03,"1,063.00","1,063.00","1,063.00","1,063.00",,4.94%
2012-07-02,"1,013.00","1,013.00","1,013.00","1,013.00",,0.90%
2012-06-29,"1,004.00","1,004.00","1,004.00","1,004.00",,1.01%
2012-06-28,994.00,994.00,994.00,994.00,,0.61%
2012-06-27,988.00,988.00,988.00,988.00,,0.71%
2012-06-26,981.00,981.00,981.00,981.00,,0.31%
2012-06-25,978.00,978.00,978.00,978.00,,0.00%
2012-06-22,978.00,978.00,978.00,978.00,,0.00%
2012-06-21,978.00,978.00,978.00,978.00,,0.62%
2012-06-20,972.00,972.00,972.00,972.00,,1.89%
2012-06-19,954.00,954.00,954.00,954.00,,1.71%
2012-06-18,938.00,938.00,938.00,938.00,,1.52%
2012-06-15,924.00,924.00,924.00,924.00,,1.32%
2012-06-14,912.00,912.00,912.00,912.00,,1.11%
2012-06-13,902.00,893.00,902.00,893.00,,1.01%
2012-06-12,893.00,893.00,893.00,893.00,,1.02%
2012-06-11,884.00,884.00,884.00,884.00,,0.80%
2012-06-08,877.00,877.00,877.00,877.00,,0.57%
2012-06-07,872.00,872.00,872.00,872.00,,-0.68%
2012-06-06,878.00,878.00,878.00,878.00,,-2.88%
2012-06-01,904.00,904.00,904.00,904.00,,-2.06%
2012-05-31,923.00,923.00,923.00,923.00,,-2.84%
2012-05-30,950.00,950.00,950.00,950.00,,-3.65%
2012-05-29,986.00,986.00,986.00,986.00,,-2.57%
2012-05-28,"1,012.00","1,012.00","1,012.00","1,012.00",,-2.13%
2012-05-25,"1,034.00","1,034.00","1,034.00","1,034.00",,-2.27%
2012-05-24,"1,058.00","1,058.00","1,058.00","1,058.00",,-3.82%
2012-05-23,"1,100.00","1,100.00","1,100.00","1,100.00",,-2.40%
2012-05-22,"1,127.00","1,127.00","1,127.00","1,127.00",,-1.23%
2012-05-21,"1,141.00","1,141.00","1,141.00","1,141.00",,0.00%
2012-05-18,"1,141.00","1,141.00","1,141.00","1,141.00",,0.35%
2012-05-17,"1,137.00","1,137.00","1,137.00","1,137.00",,0.00%
2012-05-16,"1,137.00","1,137.00","1,137.00","1,137.00",,0.62%
2012-05-15,"1,130.00","1,130.00","1,130.00","1,130.00",,-0.18%
2012-05-14,"1,132.00","1,132.00","1,132.00","1,132.00",,-0.53%
2012-05-11,"1,138.00","1,138.00","1,138.00","1,138.00",,-0.70%
2012-05-10,"1,146.00","1,146.00","1,146.00","1,146.00",,-0.87%
2012-05-09,"1,156.00","1,156.00","1,156.00","1,156.00",,-0.77%
2012-05-08,"1,165.00","1,165.00","1,165.00","1,165.00",,0.69%
2012-05-07,"1,157.00","1,157.00","1,157.00","1,157.00",,0.00%
2012-05-04,"1,157.00","1,157.00","1,157.00","1,157.00",,0.00%
2012-05-03,"1,157.00","1,157.00","1,157.00","1,157.00",,0.70%
2012-05-02,"1,149.00","1,149.00","1,149.00","1,149.00",,-0.26%
2012-05-01,"1,152.00","1,152.00","1,152.00","1,152.00",,-0.26%
2012-04-30,"1,155.00","1,155.00","1,155.00","1,155.00",,-0.09%
2012-04-27,"1,156.00","1,156.00","1,156.00","1,156.00",,0.70%
2012-04-26,"1,148.00","1,148.00","1,148.00","1,148.00",,0.97%
2012-04-25,"1,137.00","1,137.00","1,137.00","1,137.00",,1.88%
2012-04-24,"1,116.00","1,116.00","1,116.00","1,116.00",,2.39%
2012-04-23,"1,090.00","1,090.00","1,090.00","1,090.00",,2.16%
2012-04-20,"1,067.00","1,067.00","1,067.00","1,067.00",,3.79%
2012-04-19,"1,028.00","1,028.00","1,028.00","1,028.00",,2.19%
2012-04-18,"1,006.00","1,006.00","1,006.00","1,006.00",,1.72%
2012-04-17,989.00,989.00,989.00,989.00,,1.44%
2012-04-16,975.00,975.00,975.00,975.00,,0.31%
2012-04-13,972.00,972.00,972.00,972.00,,1.25%
2012-04-12,960.00,960.00,960.00,960.00,,1.69%
2012-04-11,944.00,944.00,944.00,944.00,,1.72%
2012-04-10,928.00,928.00,928.00,928.00,,0.00%
2012-04-05,928.00,928.00,928.00,928.00,,0.22%
2012-04-04,926.00,926.00,926.00,926.00,,-0.54%
2012-04-03,931.00,931.00,931.00,931.00,,-0.32%
2012-04-02,934.00,934.00,934.00,934.00,,0.00%
2012-03-30,934.00,934.00,934.00,934.00,,0.43%
2012-03-29,930.00,930.00,930.00,930.00,,0.87%
2012-03-28,922.00,922.00,922.00,922.00,,0.55%
2012-03-27,917.00,917.00,917.00,917.00,,0.55%
2012-03-26,912.00,912.00,912.00,912.00,,0.44%
2012-03-23,908.00,908.00,908.00,908.00,,0.67%
2012-03-22,902.00,902.00,902.00,902.00,,0.67%
2012-03-21,896.00,896.00,896.00,896.00,,1.36%
2012-03-20,884.00,884.00,884.00,884.00,,0.57%
2012-03-19,879.00,879.00,879.00,879.00,,0.57%
2012-03-16,874.00,874.00,874.00,874.00,,0.92%
2012-03-15,866.00,866.00,866.00,866.00,,1.29%
2012-03-14,855.00,855.00,855.00,855.00,,1.30%
2012-03-13,844.00,844.00,844.00,844.00,,0.84%
2012-03-12,837.00,837.00,837.00,837.00,,1.58%
2012-03-09,824.00,824.00,824.00,824.00,,1.48%
2012-03-08,812.00,812.00,812.00,812.00,,1.75%
2012-03-07,798.00,798.00,798.00,798.00,,1.40%
2012-03-06,787.00,787.00,787.00,787.00,,0.64%
2012-03-05,782.00,782.00,782.00,782.00,,1.43%
2012-03-02,771.00,771.00,771.00,771.00,,1.05%
2012-03-01,763.00,763.00,763.00,763.00,,1.73%
2012-02-29,750.00,750.00,750.00,750.00,,1.63%
2012-02-28,738.00,738.00,738.00,738.00,,1.10%
2012-02-27,730.00,730.00,730.00,730.00,,1.67%
2012-02-24,718.00,718.00,718.00,718.00,,1.70%
2012-02-23,706.00,706.00,706.00,706.00,,0.28%
2012-02-22,704.00,704.00,704.00,704.00,,-0.28%
2012-02-21,706.00,706.00,706.00,706.00,,-1.26%
2012-02-20,715.00,715.00,715.00,715.00,,-0.28%
2012-02-17,717.00,717.00,717.00,717.00,,-0.83%
2012-02-16,723.00,723.00,723.00,723.00,,-1.09%
2012-02-15,731.00,731.00,731.00,731.00,,-0.41%
2012-02-14,734.00,734.00,734.00,734.00,,0.69%
2012-02-13,729.00,729.00,729.00,729.00,,1.96%
2012-02-10,715.00,715.00,715.00,715.00,,2.88%
2012-02-09,695.00,695.00,695.00,695.00,,2.81%
2012-02-08,676.00,676.00,676.00,676.00,,2.42%
2012-02-07,660.00,660.00,660.00,660.00,,1.85%
2012-02-06,648.00,648.00,648.00,648.00,,0.15%
2012-02-03,647.00,647.00,647.00,647.00,,-0.61%
2012-02-02,651.00,651.00,651.00,651.00,,-1.66%
2012-02-01,662.00,662.00,662.00,662.00,,-2.65%
2012-01-31,680.00,680.00,680.00,680.00,,-3.13%
2012-01-30,702.00,702.00,702.00,702.00,,-3.31%
2012-01-27,726.00,753.00,753.00,726.00,,-3.59%
2012-01-26,753.00,753.00,753.00,753.00,,-3.95%
2012-01-25,784.00,784.00,784.00,784.00,,-2.85%
2012-01-24,807.00,807.00,807.00,807.00,,-4.04%
2012-01-23,841.00,841.00,841.00,841.00,,-2.44%
2012-01-20,862.00,862.00,862.00,862.00,,-3.47%
2012-01-19,893.00,893.00,893.00,893.00,,-3.56%
2012-01-18,926.00,926.00,926.00,926.00,,-4.93%
2012-01-17,974.00,974.00,974.00,974.00,,-3.85%
2012-01-16,"1,013.00","1,013.00","1,013.00","1,013.00",,-3.80%
2012-01-13,"1,053.00","1,053.00","1,053.00","1,053.00",,-4.71%
2012-01-12,"1,105.00","1,105.00","1,105.00","1,105.00",,-7.38%
2012-01-11,"1,193.00","1,193.00","1,193.00","1,193.00",,-5.17%
2012-01-10,"1,258.00","1,258.00","1,258.00","1,258.00",,-3.82%
2012-01-09,"1,308.00","1,308.00","1,308.00","1,308.00",,-2.90%
2012-01-06,"1,347.00","1,347.00","1,347.00","1,347.00",,-5.54%
2012-01-05,"1,426.00","1,426.00","1,426.00","1,426.00",,-8.12%
2012-01-04,"1,552.00","1,552.00","1,552.00","1,552.00",,-4.43%
2012-01-03,"1,624.00","1,624.00","1,624.00","1,624.00",,-6.56%
2011-12-23,"1,738.00","1,738.00","1,738.00","1,738.00",,-2.74%
2011-12-22,"1,787.00","1,787.00","1,787.00","1,787.00",,-3.72%
2011-12-21,"1,856.00","1,856.00","1,856.00","1,856.00",,-1.17%
2011-12-20,"1,878.00","1,878.00","1,878.00","1,878.00",,-0.37%
2011-12-19,"1,885.00","1,885.00","1,885.00","1,885.00",,-0.16%
2011-12-16,"1,888.00","1,888.00","1,888.00","1,888.00",,-0.05%
2011-12-15,"1,889.00","1,889.00","1,889.00","1,889.00",,-1.20%
2011-12-14,"1,912.00","1,912.00","1,912.00","1,912.00",,-0.52%
2011-12-13,"1,922.00","1,922.00","1,922.00","1,922.00",,-0.41%
2011-12-12,"1,930.00","1,930.00","1,930.00","1,930.00",,0.42%
2011-12-09,"1,922.00","1,922.00","1,922.00","1,922.00",,2.13%
2011-12-08,"1,882.00","1,882.00","1,882.00","1,882.00",,1.78%
2011-12-07,"1,849.00","1,849.00","1,849.00","1,849.00",,0.05%
2011-12-06,"1,848.00","1,848.00","1,848.00","1,848.00",,-0.43%
2011-12-05,"1,856.00","1,856.00","1,856.00","1,856.00",,-0.54%
2011-12-02,"1,866.00","1,866.00","1,866.00","1,866.00",,0.21%
2011-12-01,"1,862.00","1,862.00","1,862.00","1,862.00",,0.87%
2011-11-30,"1,846.00","1,846.00","1,846.00","1,846.00",,0.98%
2011-11-29,"1,828.00","1,828.00","1,828.00","1,828.00",,1.05%
2011-11-28,"1,809.00","1,809.00","1,809.00","1,809.00",,0.11%
2011-11-25,"1,807.00","1,807.00","1,807.00","1,807.00",,-0.39%
2011-11-24,"1,814.00","1,814.00","1,814.00","1,814.00",,-0.87%
2011-11-23,"1,830.00","1,830.00","1,830.00","1,830.00",,-1.29%
2011-11-22,"1,854.00","1,854.00","1,854.00","1,854.00",,-1.07%
2011-11-21,"1,874.00","1,874.00","1,874.00","1,874.00",,-1.11%
2011-11-18,"1,895.00","1,895.00","1,895.00","1,895.00",,-0.16%
2011-11-17,"1,898.00","1,898.00","1,898.00","1,898.00",,0.74%
2011-11-16,"1,884.00","1,884.00","1,884.00","1,884.00",,2.06%
2011-11-15,"1,846.00","1,846.00","1,846.00","1,846.00",,1.54%
2011-11-14,"1,818.00","1,818.00","1,818.00","1,818.00",,-0.93%
2011-11-11,"1,835.00","1,835.00","1,835.00","1,835.00",,-0.27%
2011-11-10,"1,840.00","1,840.00","1,840.00","1,840.00",,2.11%
2011-11-09,"1,802.00","1,802.00","1,802.00","1,802.00",,2.44%
2011-11-08,"1,759.00","1,759.00","1,759.00","1,759.00",,-0.40%
2011-11-07,"1,766.00","1,766.00","1,766.00","1,766.00",,-1.01%
2011-11-04,"1,784.00","1,784.00","1,784.00","1,784.00",,-1.82%
2011-11-03,"1,817.00","1,817.00","1,817.00","1,817.00",,-2.26%
2011-11-02,"1,859.00","1,859.00","1,859.00","1,859.00",,-2.77%
2011-11-01,"1,912.00","1,912.00","1,912.00","1,912.00",,-2.70%
2011-10-31,"1,965.00","1,965.00","1,965.00","1,965.00",,-2.63%
2011-10-28,"2,018.00","2,018.00","2,018.00","2,018.00",,-3.49%
2011-10-27,"2,091.00","2,091.00","2,091.00","2,091.00",,-2.52%
2011-10-26,"2,145.00","2,145.00","2,145.00","2,145.00",,-0.74%
2011-10-25,"2,161.00","2,161.00","2,161.00","2,161.00",,0.37%
2011-10-24,"2,153.00","2,153.00","2,153.00","2,153.00",,0.00%
2011-10-21,"2,153.00","2,161.00","2,161.00","2,153.00",,-0.37%
2011-10-20,"2,161.00","2,161.00","2,161.00","2,161.00",,0.98%
2011-10-19,"2,140.00","2,140.00","2,140.00","2,140.00",,0.19%
2011-10-18,"2,136.00","2,136.00","2,136.00","2,136.00",,-1.11%
2011-10-17,"2,160.00","2,160.00","2,160.00","2,160.00",,-0.60%
2011-10-14,"2,173.00","2,173.00","2,173.00","2,173.00",,0.84%
2011-10-13,"2,155.00","2,155.00","2,155.00","2,155.00",,1.32%
2011-10-12,"2,127.00","2,127.00","2,127.00","2,127.00",,1.00%
2011-10-11,"2,106.00","2,106.00","2,106.00","2,106.00",,3.64%
2011-10-10,"2,032.00","2,032.00","2,032.00","2,032.00",,1.60%
2011-10-07,"2,000.00","2,000.00","2,000.00","2,000.00",,1.68%
2011-10-06,"1,967.00","1,967.00","1,967.00","1,967.00",,3.09%
2011-10-05,"1,908.00","1,908.00","1,908.00","1,908.00",,1.22%
2011-10-04,"1,885.00","1,885.00","1,885.00","1,885.00",,-0.05%
2011-10-03,"1,886.00","1,886.00","1,886.00","1,886.00",,-0.68%
2011-09-30,"1,899.00","1,899.00","1,899.00","1,899.00",,-0.73%
2011-09-29,"1,913.00","1,913.00","1,913.00","1,913.00",,-0.36%
2011-09-28,"1,920.00","1,920.00","1,920.00","1,920.00",,-0.36%
2011-09-27,"1,927.00","1,927.00","1,927.00","1,927.00",,-0.05%
2011-09-26,"1,928.00","1,928.00","1,928.00","1,928.00",,0.42%
2011-09-23,"1,920.00","1,920.00","1,920.00","1,920.00",,1.91%
2011-09-22,"1,884.00","1,884.00","1,884.00","1,884.00",,4.03%
2011-09-21,"1,811.00","1,811.00","1,811.00","1,811.00",,0.89%
2011-09-20,"1,795.00","1,795.00","1,795.00","1,795.00",,1.76%
2011-09-19,"1,764.00","1,764.00","1,764.00","1,764.00",,-2.76%
2011-09-16,"1,814.00","1,814.00","1,814.00","1,814.00",,-4.88%
2011-09-15,"1,907.00","1,907.00","1,907.00","1,907.00",,-1.04%
2011-09-14,"1,927.00","1,927.00","1,927.00","1,927.00",,1.37%
2011-09-13,"1,901.00","1,901.00","1,901.00","1,901.00",,1.33%
2011-09-12,"1,876.00","1,876.00","1,876.00","1,876.00",,2.07%
2011-09-09,"1,838.00","1,838.00","1,838.00","1,838.00",,3.14%
2011-09-08,"1,782.00","1,782.00","1,782.00","1,782.00",,2.18%
2011-09-07,"1,744.00","1,744.00","1,744.00","1,744.00",,-1.30%
2011-09-06,"1,767.00","1,767.00","1,767.00","1,767.00",,0.97%
2011-09-05,"1,750.00","1,750.00","1,750.00","1,750.00",,0.57%
2011-09-02,"1,740.00","1,740.00","1,740.00","1,740.00",,3.45%
2011-09-01,"1,682.00","1,682.00","1,682.00","1,682.00",,3.89%
2011-08-31,"1,619.00","1,619.00","1,619.00","1,619.00",,5.34%
2011-08-30,"1,537.00","1,537.00","1,537.00","1,537.00",,-0.26%
2011-08-26,"1,541.00","1,541.00","1,541.00","1,541.00",,-2.59%
2011-08-25,"1,582.00","1,582.00","1,582.00","1,582.00",,-1.25%
2011-08-24,"1,602.00","1,602.00","1,602.00","1,602.00",,2.36%
2011-08-23,"1,565.00","1,565.00","1,565.00","1,565.00",,3.30%
2011-08-22,"1,515.00","1,515.00","1,515.00","1,515.00",,3.63%
2011-08-19,"1,462.00","1,462.00","1,462.00","1,462.00",,3.39%
2011-08-18,"1,414.00","1,414.00","1,414.00","1,414.00",,3.14%
2011-08-17,"1,371.00","1,371.00","1,371.00","1,371.00",,2.01%
2011-08-16,"1,344.00","1,344.00","1,344.00","1,344.00",,2.91%
2011-08-15,"1,306.00","1,306.00","1,306.00","1,306.00",,1.48%
2011-08-12,"1,287.00","1,287.00","1,287.00","1,287.00",,0.78%
2011-08-11,"1,277.00","1,277.00","1,277.00","1,277.00",,0.95%
2011-08-10,"1,265.00","1,265.00","1,265.00","1,265.00",,0.64%
2011-08-09,"1,257.00","1,257.00","1,257.00","1,257.00",,-0.55%
2011-08-08,"1,264.00","1,264.00","1,264.00","1,264.00",,-0.32%
2011-08-05,"1,268.00","1,268.00","1,268.00","1,268.00",,0.00%
2011-08-04,"1,268.00","1,268.00","1,268.00","1,268.00",,0.63%
2011-08-03,"1,260.00","1,260.00","1,260.00","1,260.00",,0.56%
2011-08-02,"1,253.00","1,253.00","1,253.00","1,253.00",,-0.24%
2011-08-01,"1,256.00","1,256.00","1,256.00","1,256.00",,-0.63%
2011-07-29,"1,264.00","1,264.00","1,264.00","1,264.00",,-1.10%
2011-07-28,"1,278.00","1,278.00","1,278.00","1,278.00",,-1.39%
2011-07-27,"1,296.00","1,296.00","1,296.00","1,296.00",,-1.07%
2011-07-26,"1,310.00","1,310.00","1,310.00","1,310.00",,-0.53%
2011-07-25,"1,317.00","1,317.00","1,317.00","1,317.00",,-0.45%
2011-07-22,"1,323.00","1,323.00","1,323.00","1,323.00",,-0.15%
2011-07-21,"1,325.00","1,325.00","1,325.00","1,325.00",,-0.23%
2011-07-20,"1,328.00","1,328.00","1,328.00","1,328.00",,-0.15%
2011-07-19,"1,330.00","1,330.00","1,330.00","1,330.00",,-0.75%
2011-07-18,"1,340.00","1,340.00","1,340.00","1,340.00",,-0.96%
2011-07-15,"1,353.00","1,353.00","1,353.00","1,353.00",,-1.02%
2011-07-14,"1,367.00","1,367.00","1,367.00","1,367.00",,-1.16%
2011-07-13,"1,383.00","1,383.00","1,383.00","1,383.00",,-1.98%
2011-07-12,"1,411.00","1,411.00","1,411.00","1,411.00",,-1.81%
2011-07-11,"1,437.00","1,437.00","1,437.00","1,437.00",,-0.83%
2011-07-08,"1,449.00","1,449.00","1,449.00","1,449.00",,-0.28%
2011-07-07,"1,453.00","1,453.00","1,453.00","1,453.00",,0.69%
2011-07-06,"1,443.00","1,443.00","1,443.00","1,443.00",,1.05%
2011-07-05,"1,428.00","1,428.00","1,428.00","1,428.00",,0.63%
2011-07-04,"1,419.00","1,419.00","1,419.00","1,419.00",,-0.21%
2011-07-01,"1,422.00","1,422.00","1,422.00","1,422.00",,0.64%
2011-06-30,"1,413.00","1,413.00","1,413.00","1,413.00",,-0.49%
2011-06-29,"1,420.00","1,420.00","1,420.00","1,420.00",,-1.25%
2011-06-28,"1,438.00","1,438.00","1,438.00","1,438.00",,-0.28%
2011-06-27,"1,442.00","1,442.00","1,442.00","1,442.00",,1.26%
2011-06-24,"1,424.00","1,424.00","1,424.00","1,424.00",,0.71%
2011-06-23,"1,414.00","1,414.00","1,414.00","1,414.00",,0.57%
2011-06-22,"1,406.00","1,406.00","1,406.00","1,406.00",,-0.21%
2011-06-21,"1,409.00","1,409.00","1,409.00","1,409.00",,-0.63%
2011-06-20,"1,418.00","1,418.00","1,418.00","1,418.00",,-0.35%
2011-06-17,"1,423.00","1,423.00","1,423.00","1,423.00",,-0.07%
2011-06-16,"1,424.00","1,424.00","1,424.00","1,424.00",,1.35%
2011-06-15,"1,405.00","1,405.00","1,405.00","1,405.00",,0.36%
2011-06-14,"1,400.00","1,400.00","1,400.00","1,400.00",,-0.85%
2011-06-13,"1,412.00","1,412.00","1,412.00","1,412.00",,-0.42%
2011-06-10,"1,418.00","1,418.00","1,418.00","1,418.00",,-0.70%
2011-06-09,"1,428.00","1,428.00","1,428.00","1,428.00",,-0.42%
2011-06-08,"1,434.00","1,434.00","1,434.00","1,434.00",,-1.51%
2011-06-07,"1,456.00","1,456.00","1,456.00","1,456.00",,-1.89%
2011-06-06,"1,484.00","1,484.00","1,484.00","1,484.00",,-0.34%
2011-06-03,"1,489.00","1,489.00","1,489.00","1,489.00",,0.00%
2011-06-02,"1,489.00","1,489.00","1,489.00","1,489.00",,0.27%
2011-06-01,"1,485.00","1,485.00","1,485.00","1,485.00",,0.34%
2011-05-31,"1,480.00","1,480.00","1,480.00","1,480.00",,0.41%
2011-05-27,"1,474.00","1,474.00","1,474.00","1,474.00",,0.48%
2011-05-26,"1,467.00","1,467.00","1,467.00","1,467.00",,1.45%
2011-05-25,"1,446.00","1,446.00","1,446.00","1,446.00",,3.43%
2011-05-24,"1,398.00","1,398.00","1,398.00","1,398.00",,2.12%
2011-05-23,"1,369.00","1,369.00","1,369.00","1,369.00",,1.48%
2011-05-20,"1,349.00","1,349.00","1,349.00","1,349.00",,1.50%
2011-05-19,"1,329.00","1,329.00","1,329.00","1,329.00",,4.56%
2011-05-18,"1,271.00","1,271.00","1,271.00","1,271.00",,-0.24%
2011-05-17,"1,274.00","1,274.00","1,274.00","1,274.00",,-1.32%
2011-05-16,"1,291.00","1,291.00","1,291.00","1,291.00",,-1.15%
2011-05-13,"1,306.00","1,306.00","1,306.00","1,306.00",,-1.06%
2011-05-12,"1,320.00","1,320.00","1,320.00","1,320.00",,-1.05%
2011-05-11,"1,334.00","1,334.00","1,334.00","1,334.00",,-0.74%
2011-05-10,"1,344.00","1,344.00","1,344.00","1,344.00",,-0.30%
2011-05-09,"1,348.00","1,348.00","1,348.00","1,348.00",,0.60%
2011-05-06,"1,340.00","1,340.00","1,340.00","1,340.00",,1.98%
2011-05-05,"1,314.00","1,314.00","1,314.00","1,314.00",,0.92%
2011-05-04,"1,302.00","1,302.00","1,302.00","1,302.00",,0.77%
2011-05-03,"1,292.00","1,292.00","1,292.00","1,292.00",,1.81%
2011-04-28,"1,269.00","1,269.00","1,269.00","1,269.00",,0.79%
2011-04-27,"1,259.00","1,259.00","1,259.00","1,259.00",,0.72%
2011-04-26,"1,250.00","1,250.00","1,250.00","1,250.00",,-0.32%
2011-04-21,"1,254.00","1,254.00","1,254.00","1,254.00",,-0.63%
2011-04-20,"1,262.00","1,262.00","1,262.00","1,262.00",,-0.71%
2011-04-19,"1,271.00","1,271.00","1,271.00","1,271.00",,-1.01%
2011-04-18,"1,284.00","1,284.00","1,284.00","1,284.00",,-0.93%
2011-04-15,"1,296.00","1,296.00","1,296.00","1,296.00",,-0.99%
2011-04-14,"1,309.00","1,309.00","1,309.00","1,309.00",,-1.13%
2011-04-13,"1,324.00","1,324.00","1,324.00","1,324.00",,-1.34%
2011-04-12,"1,342.00","1,342.00","1,342.00","1,342.00",,-1.25%
2011-04-11,"1,359.00","1,359.00","1,359.00","1,359.00",,-1.24%
2011-04-08,"1,376.00","1,376.00","1,376.00","1,376.00",,-1.78%
2011-04-07,"1,401.00","1,401.00","1,401.00","1,401.00",,-2.03%
2011-04-06,"1,430.00","1,430.00","1,430.00","1,430.00",,-2.19%
2011-04-05,"1,462.00","1,462.00","1,462.00","1,462.00",,-2.40%
2011-04-04,"1,498.00","1,498.00","1,498.00","1,498.00",,-1.45%
2011-04-01,"1,520.00","1,520.00","1,520.00","1,520.00",,-0.65%
2011-03-31,"1,530.00","1,530.00","1,530.00","1,530.00",,-0.97%
2011-03-30,"1,545.00","1,545.00","1,545.00","1,545.00",,-1.72%
2011-03-29,"1,572.00","1,572.00","1,572.00","1,572.00",,-0.82%
2011-03-28,"1,585.00","1,585.00","1,585.00","1,585.00",,0.00%
2011-03-25,"1,585.00","1,585.00","1,585.00","1,585.00",,0.13%
2011-03-24,"1,583.00","1,583.00","1,583.00","1,583.00",,1.15%
2011-03-23,"1,565.00","1,565.00","1,565.00","1,565.00",,1.43%
2011-03-22,"1,543.00","1,543.00","1,543.00","1,543.00",,0.78%
2011-03-21,"1,531.00","1,531.00","1,531.00","1,531.00",,0.00%
2011-03-18,"1,531.00","1,531.00","1,531.00","1,531.00",,-0.13%
2011-03-17,"1,533.00","1,533.00","1,533.00","1,533.00",,-0.33%
2011-03-16,"1,538.00","1,538.00","1,538.00","1,538.00",,-0.65%
2011-03-15,"1,548.00","1,548.00","1,548.00","1,548.00",,-0.71%
2011-03-14,"1,559.00","1,559.00","1,559.00","1,559.00",,-0.19%
2011-03-11,"1,562.00","1,562.00","1,562.00","1,562.00",,1.56%
2011-03-10,"1,538.00","1,538.00","1,538.00","1,538.00",,4.48%
2011-03-09,"1,472.00","1,472.00","1,472.00","1,472.00",,3.37%
2011-03-08,"1,424.00","1,424.00","1,424.00","1,424.00",,3.04%
2011-03-07,"1,382.00","1,382.00","1,382.00","1,382.00",,2.67%
2011-03-04,"1,346.00","1,346.00","1,346.00","1,346.00",,2.20%
2011-03-03,"1,317.00","1,317.00","1,317.00","1,317.00",,2.81%
2011-03-02,"1,281.00","1,281.00","1,281.00","1,281.00",,1.51%
2011-03-01,"1,262.00","1,262.00","1,262.00","1,262.00",,0.88%
2011-02-28,"1,251.00","1,251.00","1,251.00","1,251.00",,0.48%
2011-02-25,"1,245.00","1,245.00","1,245.00","1,245.00",,0.24%
2011-02-24,"1,242.00","1,242.00","1,242.00","1,242.00",,-0.88%
2011-02-23,"1,253.00","1,253.00","1,253.00","1,253.00",,-2.03%
2011-02-22,"1,279.00","1,279.00","1,279.00","1,279.00",,-1.24%
2011-02-21,"1,295.00","1,295.00","1,295.00","1,295.00",,-0.46%
2011-02-18,"1,301.00","1,301.00","1,301.00","1,301.00",,0.70%
2011-02-17,"1,292.00","1,292.00","1,292.00","1,292.00",,1.65%
2011-02-16,"1,271.00","1,271.00","1,271.00","1,271.00",,2.83%
2011-02-15,"1,236.00","1,236.00","1,236.00","1,236.00",,2.49%
2011-02-14,"1,206.00","1,206.00","1,206.00","1,206.00",,2.38%
2011-02-11,"1,178.00","1,178.00","1,178.00","1,178.00",,3.70%
2011-02-10,"1,136.00","1,136.00","1,136.00","1,136.00",,4.03%
2011-02-09,"1,092.00","1,092.00","1,092.00","1,092.00",,2.63%
2011-02-08,"1,064.00","1,064.00","1,064.00","1,064.00",,1.82%
2011-02-07,"1,045.00","1,045.00","1,045.00","1,045.00",,0.19%
2011-02-04,"1,043.00","1,043.00","1,043.00","1,043.00",,-0.19%
2011-02-03,"1,045.00","1,045.00","1,045.00","1,045.00",,-1.79%
2011-02-02,"1,064.00","1,064.00","1,064.00","1,064.00",,-1.85%
2011-02-01,"1,084.00","1,084.00","1,084.00","1,084.00",,-2.08%
2011-01-31,"1,107.00","1,107.00","1,107.00","1,107.00",,-2.64%
2011-01-28,"1,137.00","1,137.00","1,137.00","1,137.00",,-4.13%
2011-01-27,"1,186.00","1,186.00","1,186.00","1,186.00",,-3.89%
2011-01-26,"1,234.00","1,234.00","1,234.00","1,234.00",,-4.49%
2011-01-25,"1,292.00","1,292.00","1,292.00","1,292.00",,-3.94%
2011-01-24,"1,345.00","1,345.00","1,345.00","1,345.00",,-1.82%
2011-01-21,"1,370.00","1,370.00","1,370.00","1,370.00",,-1.65%
2011-01-20,"1,393.00","1,393.00","1,393.00","1,393.00",,-1.28%
2011-01-19,"1,411.00","1,411.00","1,411.00","1,411.00",,-1.47%
2011-01-18,"1,432.00","1,432.00","1,432.00","1,432.00",,-0.49%
2011-01-17,"1,439.00","1,439.00","1,439.00","1,439.00",,0.00%
2011-01-14,"1,439.00","1,439.00","1,439.00","1,439.00",,-0.48%
2011-01-13,"1,446.00","1,446.00","1,446.00","1,446.00",,-0.48%
2011-01-12,"1,453.00","1,453.00","1,453.00","1,453.00",,-1.82%
2011-01-11,"1,480.00","1,480.00","1,480.00","1,480.00",,-1.00%
2011-01-10,"1,495.00","1,495.00","1,495.00","1,495.00",,-1.58%
2011-01-07,"1,519.00","1,519.00","1,519.00","1,519.00",,-1.62%
2011-01-06,"1,544.00","1,544.00","1,544.00","1,544.00",,-4.75%
2011-01-05,"1,621.00","1,621.00","1,621.00","1,621.00",,-4.25%
2011-01-04,"1,693.00","1,693.00","1,693.00","1,693.00",,-4.51%
