Date,Price,Open,High,Low,Vol.,Change %
2026-09-04,94.49,94.49,94.525,94.455,,0.00%
2026-09-03,94.49,94.305,94.496,94.29,,-0.51%
2026-09-02,94.975,94.96,94.98,94.845,,0.02%
2026-09-01,94.96,95.005,95.1,94.8,,-0.22%
2026-08-31,95.167,95.495,95.495,95.11,,-0.22%
2026-08-28,95.38,95.545,95.575,95.325,,-0.17%
2026-08-27,95.545,95.425,95.565,95.403,,0.13%
2026-08-26,95.425,95.425,95.425,95.425,,0.01%
2026-08-25,95.417,95.7,95.74,95.41,,-0.35%
2026-08-24,95.75,95.645,95.75,95.644,,0.05%
2026-08-21,95.7,95.71,95.754,95.663,,-0.01%
2026-08-20,95.71,95.568,95.72,95.568,,-0.05%
2026-08-19,95.758,95.685,95.768,95.685,,0.08%
2026-08-18,95.685,95.61,95.688,95.61,,0.08%
2026-08-17,95.61,95.483,95.62,95.483,,0.17%
2026-08-14,95.45,95.45,95.451,95.383,,0.00%
2026-08-13,95.45,95.34,95.452,95.34,,0.12%
2026-08-12,95.34,95.405,95.436,95.26,,-0.10%
2026-08-11,95.44,95.31,95.452,95.31,,0.14%
2026-08-10,95.305,95.175,95.305,95.175,,0.10%
2026-08-07,95.21,95.28,95.365,95.2,,0.05%
2026-08-06,95.16,95.135,95.244,95.12,,0.04%
2026-08-05,95.12,94.925,95.253,94.923,,-0.28%
2026-08-04,95.383,95.34,95.393,95.253,,0.05%
2026-08-03,95.34,95.145,95.355,95.123,,-0.05%
2026-07-31,95.39,95.39,95.473,95.255,,-0.31%
2026-07-30,95.685,95.598,95.755,95.574,,0.03%
2026-07-29,95.653,95.725,95.79,95.485,,-0.21%
2026-07-28,95.858,95.91,95.91,95.637,,-0.06%
2026-07-27,95.915,96.175,96.278,95.79,,-0.68%
2026-07-24,96.568,96.635,96.655,96.348,,-0.01%
2026-07-23,96.578,96.57,96.578,96.458,,0.01%
2026-07-22,96.57,96.348,96.575,96.255,,0.34%
2026-07-21,96.24,96.415,96.417,96.13,,-0.22%
2026-07-20,96.45,96.405,96.53,96.365,,0.17%
2026-07-17,96.285,96.31,96.4,96.27,,-0.07%
2026-07-16,96.35,96.26,96.375,96.225,,0.09%
2026-07-15,96.26,96.178,96.309,96.055,,0.06%
2026-07-14,96.205,95.95,96.243,95.95,,0.61%
2026-07-13,95.625,95.678,95.855,95.593,,0.31%
2026-07-10,95.33,95.39,95.419,95.222,,-0.06%
2026-07-09,95.39,95.555,95.572,95.28,,-0.18%
2026-07-08,95.56,95.178,95.602,94.99,,0.62%
2026-07-07,94.97,95.4,95.4,94.965,,-0.45%
2026-07-06,95.4,95.235,95.48,95.215,,0.19%
2026-07-03,95.215,95.4,95.4,95.165,,-0.19%
2026-07-02,95.4,94.933,95.401,94.933,,0.15%
2026-07-01,95.253,94.665,95.285,94.62,,0.62%
2026-06-30,94.665,94.545,94.76,94.521,,0.13%
2026-06-29,94.545,94.355,94.555,94.253,,0.20%
2026-06-26,94.36,94.36,94.36,94.36,,-0.04%
2026-06-25,94.4,94.305,94.545,94.155,,-0.29%
2026-06-24,94.67,94.9,94.92,94.6,,-0.07%
2026-06-23,94.74,94.68,94.915,94.635,,0.06%
2026-06-22,94.683,94.36,94.755,94.245,,0.38%
2026-06-19,94.325,94.34,94.528,94.205,,-0.01%
2026-06-18,94.338,94.665,94.708,94.185,,-0.20%
2026-06-17,94.53,94.46,94.6,94.288,,-0.05%
2026-06-16,94.575,94.618,94.721,94.49,,-0.15%
2026-06-15,94.715,94.73,94.776,94.458,,-0.42%
2026-06-12,95.11,95.76,95.76,94.95,,-0.68%
2026-06-11,95.765,95.525,95.765,95.525,,0.52%
2026-06-10,95.27,95.545,95.568,95.085,,-0.09%
2026-06-09,95.36,95.725,95.725,95.233,,-0.37%
2026-06-08,95.713,95.325,95.727,95.163,,0.80%
2026-06-05,94.95,95.718,95.775,94.89,,-0.88%
2026-06-04,95.79,95.705,95.795,95.6,,0.08%
2026-06-03,95.71,95.27,95.8,95.27,,0.46%
2026-06-02,95.27,95.06,95.288,95.031,,0.29%
2026-06-01,94.995,94.975,95.042,94.733,,-0.02%
2026-05-29,95.01,95.695,95.695,94.961,,-0.72%
2026-05-28,95.695,95.7,95.7,95.693,,-0.01%
2026-05-27,95.7,95.755,95.798,95.655,,0.01%
2026-05-26,95.695,95.385,95.695,95.345,,0.48%
2026-05-25,95.235,95.355,95.45,95.113,,-0.49%
2026-05-22,95.7,96.21,96.305,95.685,,-0.53%
2026-05-21,96.21,96.305,96.508,96.038,,-0.64%
2026-05-20,96.83,96.865,96.965,96.72,,0.30%
2026-05-19,96.538,96.37,96.62,96.275,,0.20%
2026-05-18,96.35,96.17,96.393,96.12,,0.40%
2026-05-15,95.97,95.875,96.144,95.865,,0.21%
2026-05-14,95.768,95.735,95.963,95.628,,0.06%
2026-05-13,95.71,95.64,95.805,95.518,,0.07%
2026-05-12,95.64,95.325,95.746,95.325,,0.34%
2026-05-11,95.315,94.955,95.315,94.885,,0.93%
2026-05-08,94.441,94.26,94.679,94.26,,0.19%
2026-05-07,94.26,94.615,94.908,94.075,,-0.38%
2026-05-06,94.615,95.04,95.183,94.564,,-0.60%
2026-05-05,95.19,95.315,95.466,95.19,,0.10%
2026-05-04,95.093,94.955,95.093,94.819,,0.20%
2026-05-01,94.905,94.91,94.91,94.905,,-0.01%
2026-04-30,94.91,94.865,95.337,94.85,,0.05%
2026-04-29,94.865,94.545,94.865,94.545,,0.34%
2026-04-28,94.545,94.375,94.583,94.375,,0.37%
2026-04-27,94.195,94.255,94.289,94.103,,-0.06%
2026-04-24,94.25,94.11,94.313,94.11,,0.15%
2026-04-23,94.11,94.01,94.158,94.005,,0.33%
2026-04-22,93.8,93.495,93.869,93.494,,0.33%
2026-04-21,93.495,93.12,93.631,93.12,,0.40%
2026-04-20,93.12,92.71,93.243,92.631,,0.56%
2026-04-17,92.603,93.14,93.14,92.444,,-0.48%
2026-04-16,93.053,93.26,93.407,92.926,,-0.36%
2026-04-15,93.385,93.106,93.503,93.074,,0.24%
2026-04-14,93.165,93.156,93.407,93.016,,-0.07%
2026-04-13,93.233,93.318,93.431,93.12,,0.15%
2026-04-10,93.09,92.683,93.092,92.409,,0.67%
2026-04-09,92.47,92.57,92.915,92.313,,-0.12%
2026-04-08,92.585,92.86,92.86,92.333,,-0.30%
2026-04-07,92.867,93.008,93.075,92.818,,-0.21%
2026-04-06,93.065,92.838,93.204,92.716,,0.38%
2026-04-03,92.71,92.952,92.803,92.614,,-0.29%
2026-04-02,92.978,93.279,93.691,92.797,,-0.27%
2026-04-01,93.226,93.627,93.89,93.022,,-0.28%
2026-03-31,93.485,94.373,94.38,93.432,,-0.95%
2026-03-30,94.379,93.048,95.22,93.032,,-0.43%
2026-03-27,94.782,94.298,94.988,94.116,,0.52%
2026-03-26,94.288,93.8,94.301,93.8,,0.41%
2026-03-25,93.906,93.99,94.214,93.763,,-0.15%
2026-03-24,94.043,93.505,94.141,93.505,,0.89%
2026-03-23,93.212,93.743,94.137,92.911,,-0.51%
2026-03-20,93.692,92.924,93.826,92.834,,0.84%
2026-03-19,92.911,93.027,93.384,92.859,,-0.23%
2026-03-18,93.129,92.407,93.129,92.34,,0.79%
2026-03-17,92.395,92.24,92.491,92.24,,0.14%
2026-03-16,92.264,92.449,92.483,92.147,,-0.30%
2026-03-13,92.54,92.366,92.572,92.24,,0.16%
2026-03-12,92.388,92.243,92.506,92.055,,0.17%
2026-03-11,92.229,91.899,92.258,91.837,,0.28%
2026-03-10,91.974,91.851,92.204,91.674,,-0.20%
2026-03-09,92.155,92.33,92.386,92.113,,0.24%
2026-03-06,91.933,91.662,92.012,91.57,,0.16%
2026-03-05,91.787,92.132,92.165,91.335,,-0.36%
2026-03-04,92.123,92.012,92.311,91.88,,0.08%
2026-03-03,92.05,91.56,92.239,91.56,,0.51%
2026-03-02,91.585,91.234,91.774,91.167,,0.56%
2026-02-27,91.076,91.022,91.142,90.915,,0.09%
2026-02-26,90.993,90.941,91.078,90.806,,0.11%
2026-02-25,90.894,90.913,90.97,90.863,,-0.03%
2026-02-24,90.918,91.026,91.032,90.855,,-0.11%
2026-02-23,91.016,90.765,91.034,90.68,,0.32%
2026-02-20,90.73,91.042,91.088,90.721,,-0.34%
2026-02-19,91.038,90.793,91.211,90.7,,0.26%
2026-02-18,90.804,90.627,90.809,90.575,,0.19%
2026-02-17,90.632,90.784,90.804,90.607,,-0.16%
2026-02-16,90.779,90.596,90.832,90.536,,0.25%
2026-02-13,90.555,90.613,90.762,90.516,,-0.01%
2026-02-12,90.564,90.672,90.732,90.39,,-0.19%
2026-02-11,90.736,90.587,90.846,90.465,,0.16%
2026-02-10,90.588,90.793,90.798,90.47,,-0.19%
2026-02-09,90.756,90.518,90.811,90.373,,0.18%
2026-02-06,90.596,90.315,90.845,90.173,,0.31%
2026-02-05,90.319,90.362,90.521,90.063,,-0.08%
2026-02-04,90.391,90.377,90.535,90.233,,-0.04%
2026-02-03,90.423,90.328,90.52,90.022,,-0.94%
2026-02-02,91.285,91.778,92.023,91.28,,-0.45%
2026-01-30,91.694,91.87,92.027,91.667,,-0.10%
2026-01-29,91.782,92.031,92.129,91.779,,-0.28%
2026-01-28,92.043,91.54,92.22,91.418,,0.62%
2026-01-27,91.474,91.775,91.896,91.472,,-0.26%
2026-01-26,91.713,91.531,91.79,91.5,,0.04%
2026-01-23,91.675,91.559,91.988,91.415,,0.11%
2026-01-22,91.57,91.537,91.681,91.279,,0.03%
2026-01-21,91.546,91.055,91.753,90.998,,0.47%
2026-01-20,91.119,90.905,91.119,90.871,,0.24%
2026-01-19,90.902,90.717,91.015,90.61,,0.21%
2026-01-16,90.709,90.318,90.891,90.318,,0.38%
2026-01-15,90.362,90.19,90.439,90.181,,0.13%
2026-01-14,90.248,90.265,90.391,89.983,,-0.04%
2026-01-13,90.282,90.233,90.351,90.165,,0.17%
2026-01-12,90.132,90.257,90.272,90.117,,-0.12%
2026-01-09,90.244,89.883,90.318,89.855,,0.38%
2026-01-08,89.905,89.852,90.132,89.73,,0.05%
2026-01-07,89.864,90.166,90.232,89.807,,-0.27%
2026-01-06,90.108,90.231,90.264,90.05,,-0.14%
2026-01-05,90.233,90.131,90.311,90.095,,0.24%
2026-01-02,90.014,89.942,90.255,89.864,,0.05%
2026-01-01,89.968,89.955,89.993,89.865,,0.11%
2025-12-31,89.871,89.78,90.001,89.727,,0.11%
2025-12-30,89.77,89.974,90.02,89.687,,-0.14%
2025-12-29,89.9,89.837,89.993,89.83,,0.12%
2025-12-26,89.796,89.753,89.962,89.697,,0.07%
2025-12-25,89.736,89.735,89.736,89.735,,-0.09%
2025-12-24,89.814,89.534,89.86,89.419,,0.42%
2025-12-23,89.436,89.563,89.851,89.411,,-0.19%
2025-12-22,89.604,89.542,89.768,89.446,,0.03%
2025-12-19,89.577,90.238,90.302,89.255,,-0.76%
2025-12-18,90.267,90.389,90.464,90.042,,-0.16%
2025-12-17,90.409,91.02,91.075,89.906,,-0.59%
2025-12-16,90.949,90.777,91.082,90.71,,0.19%
2025-12-15,90.775,90.55,90.793,90.51,,0.21%
2025-12-12,90.584,90.188,90.652,90.174,,0.37%
2025-12-11,90.251,89.875,90.488,89.846,,0.51%
2025-12-10,89.793,89.908,90.084,89.763,,-0.14%
2025-12-09,89.917,90.13,90.207,89.825,,-0.24%
2025-12-08,90.13,89.962,90.267,89.962,,0.21%
2025-12-05,89.945,89.9,90.076,89.7,,0.12%
2025-12-04,89.837,90.15,90.462,89.726,,-0.37%
2025-12-03,90.171,89.923,90.329,89.857,,0.28%
2025-12-02,89.918,89.606,90.014,89.591,,0.34%
2025-12-01,89.613,89.325,89.8,89.325,,0.29%
2025-11-28,89.357,89.361,89.516,89.316,,-0.01%
2025-11-27,89.365,89.161,89.409,89.116,,0.23%
2025-11-26,89.161,89.17,89.288,89.146,,0.01%
2025-11-25,89.153,89.148,89.274,88.979,,0.01%
2025-11-24,89.148,89.527,89.538,89.063,,-0.55%
2025-11-21,89.641,88.692,89.734,88.602,,1.04%
2025-11-20,88.715,88.487,88.763,88.483,,0.25%
2025-11-19,88.492,88.557,88.623,88.416,,-0.07%
2025-11-18,88.552,88.61,88.697,88.495,,-0.09%
2025-11-17,88.636,88.705,88.748,88.559,,-0.06%
2025-11-14,88.689,88.777,88.808,88.636,,-0.14%
2025-11-13,88.817,88.59,88.831,88.582,,0.26%
2025-11-12,88.59,88.501,88.663,88.499,,0.14%
2025-11-11,88.467,88.707,88.726,88.421,,-0.27%
2025-11-10,88.707,88.65,88.746,88.623,,0.05%
2025-11-07,88.665,88.625,88.731,88.59,,-0.01%
2025-11-06,88.673,88.632,88.693,88.459,,0.13%
2025-11-05,88.557,88.71,88.774,88.545,,-0.20%
2025-11-04,88.732,88.722,88.779,88.332,,0.01%
2025-11-03,88.724,88.722,88.806,88.697,,-0.05%
2025-10-31,88.769,88.637,88.814,88.566,,0.15%
2025-10-30,88.632,88.314,88.765,88.308,,0.25%
2025-10-29,88.408,88.232,88.493,88.141,,0.20%
2025-10-28,88.234,88.223,88.423,88.16,,0.01%
2025-10-27,88.225,87.786,88.311,87.785,,0.44%
2025-10-24,87.836,87.777,87.889,87.63,,0.06%
2025-10-23,87.779,87.716,87.964,87.716,,0.04%
2025-10-22,87.74,88.003,88.003,87.612,,-0.32%
2025-10-21,88.021,87.88,88.092,87.88,,0.17%
2025-10-20,87.875,87.956,88.012,87.738,,-0.15%
2025-10-17,88.003,87.939,88.119,87.716,,0.01%
2025-10-16,87.991,87.754,88.058,87.611,,0.21%
2025-10-15,87.81,88.729,88.799,87.809,,-1.09%
2025-10-14,88.782,88.683,88.827,88.627,,0.13%
2025-10-13,88.665,88.726,88.798,88.564,,-0.10%
2025-10-10,88.757,88.817,88.826,88.494,,-0.12%
2025-10-09,88.866,88.778,88.877,88.694,,0.12%
2025-10-08,88.76,88.759,88.824,88.725,,0.02%
2025-10-07,88.739,88.721,88.785,88.691,,0.02%
2025-10-06,88.721,88.763,88.839,88.695,,-0.02%
2025-10-03,88.735,88.749,88.816,88.664,,0.02%
2025-10-02,88.72,88.669,88.883,88.585,,0.04%
2025-10-01,88.683,88.786,88.856,88.612,,-0.18%
2025-09-30,88.841,88.738,88.877,88.673,,0.15%
2025-09-29,88.704,88.661,88.802,88.624,,0.03%
2025-09-26,88.677,88.774,88.792,88.638,,-0.10%
2025-09-25,88.768,88.732,88.818,88.599,,-0.01%
2025-09-24,88.777,88.79,88.939,88.673,,-0.03%
2025-09-23,88.808,88.304,88.821,88.256,,0.57%
2025-09-22,88.303,88.181,88.346,88.116,,0.23%
2025-09-19,88.1,88.207,88.343,88.052,,-0.12%
2025-09-18,88.206,87.891,88.291,87.834,,0.53%
2025-09-17,87.745,87.879,87.91,87.662,,-0.16%
2025-09-16,87.883,88.069,88.16,87.878,,-0.27%
2025-09-15,88.122,88.279,88.302,88.115,,-0.18%
2025-09-12,88.277,88.298,88.431,88.232,,0.01%
2025-09-11,88.267,88.105,88.499,88.084,,0.24%
2025-09-10,88.054,88.22,88.267,88.021,,-0.22%
2025-09-09,88.248,88.002,88.261,87.949,,0.30%
2025-09-08,87.981,88.153,88.196,87.922,,-0.23%
2025-09-05,88.187,88.125,88.367,88.069,,-0.01%
2025-09-04,88.193,88.079,88.22,87.999,,0.14%
2025-09-03,88.073,88.045,88.195,87.975,,0.09%
2025-09-02,87.998,87.985,88.206,87.825,,0.00%
2025-09-01,88.001,88.175,88.343,87.931,,-0.20%
2025-08-29,88.174,87.591,88.313,87.575,,0.67%
2025-08-28,87.591,87.659,87.696,87.52,,-0.08%
2025-08-27,87.661,87.674,87.883,87.607,,0.03%
2025-08-26,87.635,87.623,87.805,87.582,,0.03%
2025-08-25,87.608,87.31,87.623,87.274,,0.32%
2025-08-22,87.331,87.266,87.551,87.179,,0.04%
2025-08-21,87.294,87.023,87.343,86.926,,0.32%
2025-08-20,87.018,87.073,87.171,86.98,,-0.06%
2025-08-19,87.07,87.297,87.382,86.921,,-0.28%
2025-08-18,87.311,87.545,87.559,87.296,,-0.23%
2025-08-15,87.513,87.692,87.694,87.41,,-0.20%
2025-08-14,87.691,87.471,87.7,87.385,,0.28%
2025-08-13,87.45,87.595,87.727,87.38,,-0.18%
2025-08-12,87.606,87.656,87.761,87.575,,-0.06%
2025-08-11,87.66,87.541,87.763,87.472,,0.20%
2025-08-08,87.489,87.435,87.759,87.435,,0.05%
2025-08-07,87.446,87.715,87.798,87.345,,-0.32%
2025-08-06,87.725,87.785,87.851,87.629,,-0.12%
2025-08-05,87.83,87.977,87.977,87.736,,0.17%
2025-08-04,87.68,87.284,87.727,87.155,,0.50%
2025-08-01,87.245,87.49,87.673,87.17,,-0.32%
2025-07-31,87.524,87.715,87.796,87.501,,-0.19%
2025-07-30,87.691,87.058,87.846,87.05,,0.67%
2025-07-29,87.108,86.77,87.108,86.735,,0.47%
2025-07-28,86.697,86.481,86.725,86.402,,0.22%
2025-07-25,86.503,86.432,86.641,86.405,,0.14%
2025-07-24,86.38,86.401,86.445,86.241,,0.00%
2025-07-23,86.38,86.328,86.471,86.284,,0.07%
2025-07-22,86.322,86.195,86.441,86.18,,0.15%
2025-07-21,86.195,86.134,86.362,86.132,,0.05%
2025-07-18,86.15,86.01,86.244,85.972,,0.13%
2025-07-17,86.035,85.922,86.136,85.796,,0.17%
2025-07-16,85.885,85.959,86.081,85.733,,-0.12%
2025-07-15,85.991,86.009,86.032,85.742,,-0.03%
2025-07-14,86.017,85.824,86.062,85.81,,0.22%
2025-07-11,85.825,85.735,85.921,85.69,,0.09%
2025-07-10,85.749,85.715,85.766,85.533,,0.08%
2025-07-09,85.68,85.76,85.932,85.637,,-0.09%
2025-07-08,85.76,85.778,85.835,85.632,,0.00%
2025-07-07,85.76,85.575,86.043,85.575,,0.31%
2025-07-04,85.497,85.48,85.535,85.307,,0.07%
2025-07-03,85.433,85.559,85.708,85.183,,-0.22%
2025-07-02,85.625,85.617,85.772,85.566,,-0.01%
2025-07-01,85.63,85.7,85.7,85.457,,-0.08%
2025-06-30,85.7,85.479,85.845,85.441,,0.29%
2025-06-27,85.455,85.64,85.681,85.422,,-0.22%
2025-06-26,85.64,86.021,86.055,85.614,,-0.46%
2025-06-25,86.04,85.937,86.148,85.791,,0.11%
2025-06-24,85.944,86.157,86.265,85.899,,-0.73%
2025-06-23,86.58,86.788,86.871,86.571,,0.00%
2025-06-20,86.58,86.684,86.698,86.53,,-0.30%
2025-06-19,86.84,86.416,86.916,86.416,,0.47%
2025-06-18,86.43,86.315,86.573,86.263,,0.13%
2025-06-17,86.318,86.03,86.404,85.89,,0.55%
2025-06-16,85.846,86.149,86.26,85.782,,-0.30%
2025-06-13,86.108,86.164,86.217,85.924,,0.62%
2025-06-12,85.581,85.47,85.665,85.401,,0.13%
2025-06-11,85.468,85.56,85.631,85.412,,-0.15%
2025-06-10,85.596,85.666,85.695,85.505,,-0.09%
2025-06-09,85.67,85.803,85.813,85.466,,-0.14%
2025-06-06,85.786,85.838,86.005,85.621,,-0.06%
2025-06-05,85.835,85.849,85.978,85.663,,-0.05%
2025-06-04,85.875,85.692,86.045,85.651,,0.19%
2025-06-03,85.709,85.392,85.709,85.359,,0.42%
2025-06-02,85.354,85.504,85.594,85.292,,-0.20%
2025-05-30,85.525,85.368,85.653,85.248,,0.12%
2025-05-29,85.419,85.557,85.62,85.386,,0.01%
2025-05-28,85.414,85.519,85.737,85.321,,0.10%
2025-05-27,85.33,85.075,85.464,85.04,,0.28%
2025-05-26,85.088,85.037,85.184,84.785,,-0.13%
2025-05-23,85.2,85.953,86.045,85.111,,-0.92%
2025-05-22,85.995,85.609,86.115,85.53,,0.46%
2025-05-21,85.6,85.537,85.702,85.486,,0.07%
2025-05-20,85.54,85.37,85.659,85.344,,0.18%
2025-05-19,85.39,85.463,85.64,85.336,,-0.13%
2025-05-16,85.5,85.445,85.7,85.252,,-0.05%
2025-05-15,85.546,85.4,85.741,85.348,,0.18%
2025-05-14,85.395,85.038,85.522,85.006,,0.14%
2025-05-13,85.275,84.838,85.48,84.63,,0.46%
2025-05-12,84.885,84.695,84.959,84.592,,-0.61%
2025-05-09,85.409,85.884,85.952,85.284,,-0.15%
2025-05-08,85.536,84.778,85.81,84.528,,0.96%
2025-05-07,84.721,84.647,84.909,84.473,,0.49%
2025-05-06,84.305,84.37,84.637,84.25,,0.01%
2025-05-05,84.295,84.491,84.525,84.114,,-0.27%
2025-05-02,84.527,84.657,84.685,83.765,,-0.07%
2025-05-01,84.59,84.609,84.745,84.552,,-0.01%
2025-04-30,84.599,85.22,85.268,84.466,,-0.65%
2025-04-29,85.155,85.16,85.408,84.945,,-0.01%
2025-04-28,85.163,85.382,85.419,84.949,,-0.26%
2025-04-25,85.385,85.293,85.66,85.085,,0.07%
2025-04-24,85.326,85.515,85.671,85.239,,-0.03%
2025-04-23,85.35,85.221,85.533,85.208,,0.20%
2025-04-22,85.18,85.159,85.239,85.049,,0.00%
2025-04-21,85.18,85.378,85.379,85.025,,-0.32%
2025-04-18,85.457,85.409,85.505,85.39,,0.08%
2025-04-17,85.39,85.602,85.631,85.313,,-0.26%
2025-04-16,85.614,85.713,85.773,85.515,,-0.11%
2025-04-15,85.709,86.023,86.023,85.585,,-0.39%
2025-04-14,86.048,86.036,86.11,85.869,,-0.18%
2025-04-11,86.2,86.244,86.269,85.935,,0.00%
2025-04-10,86.2,86.146,86.334,86.118,,-0.53%
2025-04-09,86.66,86.353,86.751,86.353,,0.48%
2025-04-08,86.25,85.943,86.306,85.812,,0.43%
2025-04-07,85.882,85.611,85.913,85.568,,0.41%
2025-04-04,85.53,85.282,85.641,84.932,,0.30%
2025-04-03,85.275,85.804,85.813,85.203,,-0.22%
2025-04-02,85.465,85.611,85.726,85.432,,-0.13%
2025-04-01,85.58,85.459,85.66,85.451,,0.14%
2025-03-31,85.46,85.459,85.558,85.417,,-0.09%
2025-03-28,85.539,85.68,85.739,85.403,,-0.13%
2025-03-27,85.65,85.795,85.915,85.625,,0.00%
2025-03-26,85.653,85.616,85.895,85.596,,0.05%
2025-03-25,85.611,85.532,85.83,85.531,,0.05%
2025-03-24,85.57,85.99,86.046,85.475,,-0.49%
2025-03-21,85.995,86.325,86.344,85.916,,-0.39%
2025-03-20,86.33,86.337,86.418,86.185,,0.01%
2025-03-19,86.32,86.574,86.675,86.301,,-0.23%
2025-03-18,86.52,86.659,86.783,86.509,,-0.21%
2025-03-17,86.7,86.957,86.973,86.691,,-0.28%
2025-03-14,86.946,86.923,87.004,86.871,,0.02%
2025-03-13,86.925,87.153,87.201,86.923,,-0.27%
2025-03-12,87.16,87.183,87.311,87.149,,-0.05%
2025-03-11,87.203,87.332,87.39,87.141,,-0.11%
2025-03-10,87.3,87.139,87.381,87.138,,0.22%
2025-03-07,87.11,87.149,87.22,86.857,,0.08%
2025-03-06,87.039,86.872,87.166,86.868,,0.17%
2025-03-05,86.89,87.271,87.346,86.876,,-0.45%
2025-03-04,87.283,87.334,87.408,87.134,,0.01%
2025-03-03,87.27,87.449,87.449,87.239,,-0.23%
2025-02-28,87.471,87.32,87.559,87.266,,0.15%
2025-02-27,87.34,87.108,87.427,87.106,,0.23%
2025-02-26,87.141,87.086,87.192,87.014,,0.00%
2025-02-25,87.14,86.698,87.263,86.674,,0.54%
2025-02-24,86.67,86.655,86.762,86.506,,0.08%
2025-02-21,86.6,86.509,86.779,86.456,,0.01%
2025-02-20,86.589,86.902,86.926,86.542,,-0.36%
2025-02-19,86.9,86.925,86.958,86.815,,0.01%
2025-02-18,86.895,86.855,86.987,86.837,,0.07%
2025-02-17,86.837,86.676,86.908,86.632,,0.24%
2025-02-14,86.63,86.779,86.905,86.562,,-0.08%
2025-02-13,86.7,86.95,87.014,86.693,,-0.24%
2025-02-12,86.91,86.796,87.034,86.327,,0.13%
2025-02-11,86.794,87.476,87.566,86.639,,-0.78%
2025-02-10,87.474,87.994,87.997,87.429,,-0.21%
2025-02-07,87.655,87.598,87.655,87.309,,0.08%
2025-02-06,87.585,87.336,87.676,87.334,,0.28%
2025-02-05,87.341,87.075,87.501,87.075,,0.30%
2025-02-04,87.08,86.977,87.142,86.948,,0.13%
2025-02-03,86.97,86.916,87.305,86.892,,0.47%
2025-01-31,86.561,86.667,86.682,86.55,,-0.01%
2025-01-30,86.572,86.553,86.661,86.536,,-0.08%
2025-01-29,86.64,86.566,86.648,86.485,,0.06%
2025-01-28,86.589,86.395,86.596,86.391,,0.27%
2025-01-27,86.36,86.244,86.459,86.234,,0.17%
2025-01-24,86.21,86.453,86.478,86.15,,-0.27%
2025-01-23,86.44,86.475,86.531,86.37,,-0.02%
2025-01-22,86.455,86.452,86.601,86.297,,0.00%
2025-01-21,86.457,86.211,86.623,86.211,,0.28%
2025-01-20,86.214,86.564,86.584,86.201,,-0.42%
2025-01-17,86.576,86.61,86.671,86.521,,0.00%
2025-01-16,86.58,86.438,86.648,86.382,,0.22%
2025-01-15,86.39,86.532,86.599,86.298,,-0.16%
2025-01-14,86.53,86.651,86.723,86.47,,-0.14%
2025-01-13,86.651,86.178,86.729,86.094,,0.53%
2025-01-10,86.195,85.922,86.195,85.855,,0.34%
2025-01-09,85.9,85.922,85.947,85.83,,-0.03%
2025-01-08,85.922,85.775,85.943,85.77,,0.13%
2025-01-07,85.808,85.705,85.813,85.649,,0.11%
2025-01-06,85.71,85.816,85.855,85.601,,-0.07%
2025-01-03,85.766,85.836,85.836,85.705,,0.00%
2025-01-02,85.77,85.652,85.798,85.628,,0.14%
2025-01-01,85.65,85.625,85.716,85.625,,0.08%
2024-12-31,85.582,85.539,85.687,85.516,,0.09%
2024-12-30,85.502,85.437,85.606,85.426,,0.13%
2024-12-27,85.393,85.253,85.823,85.229,,0.16%
2024-12-26,85.259,85.201,85.319,85.195,,0.07%
2024-12-25,85.203,85.181,85.21,85.156,,0.03%
2024-12-24,85.181,85.1,85.218,85.075,,0.10%
2024-12-23,85.1,84.96,85.141,84.925,,0.17%
2024-12-20,84.952,85.113,85.113,84.941,,-0.19%
2024-12-19,85.116,85.035,85.149,84.992,,0.26%
2024-12-18,84.895,84.907,84.975,84.84,,-0.01%
2024-12-17,84.907,84.882,84.955,84.877,,-0.01%
2024-12-16,84.917,84.846,84.931,84.794,,0.13%
2024-12-13,84.81,84.828,84.897,84.766,,-0.02%
2024-12-12,84.83,84.847,84.903,84.823,,0.01%
2024-12-11,84.822,84.891,84.919,84.8,,-0.07%
2024-12-10,84.885,84.848,84.915,84.775,,0.03%
2024-12-09,84.857,84.704,84.915,84.675,,0.22%
2024-12-06,84.673,84.685,84.718,84.529,,-0.05%
2024-12-05,84.712,84.713,84.758,84.673,,-0.01%
2024-12-04,84.721,84.69,84.777,84.644,,0.05%
2024-12-03,84.681,84.726,84.801,84.63,,-0.08%
2024-12-02,84.75,84.572,84.761,84.56,,0.22%
2024-11-29,84.564,84.476,84.64,84.459,,0.11%
2024-11-28,84.473,84.441,84.524,84.432,,0.06%
2024-11-27,84.42,84.318,84.479,84.315,,0.11%
2024-11-26,84.324,84.271,84.366,84.225,,0.06%
2024-11-25,84.27,84.408,84.439,84.238,,-0.19%
2024-11-22,84.431,84.5,84.524,84.402,,-0.08%
2024-11-21,84.5,84.367,84.522,84.36,,0.16%
2024-11-20,84.365,84.411,84.419,84.34,,-0.04%
2024-11-19,84.4,84.402,84.44,84.371,,0.00%
2024-11-18,84.403,84.444,84.461,84.371,,-0.03%
2024-11-15,84.429,84.473,84.483,84.411,,-0.04%
2024-11-14,84.466,84.422,84.489,84.384,,0.05%
2024-11-13,84.421,84.38,84.432,84.36,,0.04%
2024-11-12,84.39,84.381,84.428,84.364,,-0.02%
2024-11-11,84.407,84.375,84.429,84.358,,0.01%
2024-11-08,84.4,84.312,84.402,84.302,,0.12%
2024-11-07,84.298,84.311,84.395,84.26,,-0.03%
2024-11-06,84.32,84.114,84.355,84.114,,0.24%
2024-11-05,84.114,84.151,84.181,84.088,,-0.03%
2024-11-04,84.14,84.057,84.149,84.051,,0.07%
2024-11-01,84.085,84.078,84.111,84.039,,0.00%
2024-10-31,84.089,84.094,84.142,84.06,,0.00%
2024-10-30,84.09,84.063,84.11,84.056,,0.03%
2024-10-29,84.065,84.092,84.102,84.043,,-0.01%
2024-10-28,84.07,84.087,84.1,84.054,,-0.04%
2024-10-25,84.1,84.089,84.11,84.056,,0.04%
2024-10-24,84.065,84.093,84.1,84.05,,-0.02%
2024-10-23,84.084,84.108,84.115,84.056,,0.00%
2024-10-22,84.08,84.075,84.105,84.054,,0.00%
2024-10-21,84.08,84.08,84.095,84.037,,0.01%
2024-10-18,84.07,84.045,84.092,84.028,,0.01%
2024-10-17,84.063,84.043,84.083,83.995,,0.03%
2024-10-16,84.04,84.052,84.102,83.975,,-0.01%
2024-10-15,84.05,84.065,84.087,84.015,,-0.03%
2024-10-14,84.072,84.07,84.105,84.022,,-0.04%
2024-10-11,84.106,83.965,84.121,83.942,,0.19%
2024-10-10,83.95,83.939,83.992,83.931,,-0.01%
2024-10-09,83.96,83.938,83.98,83.893,,-0.02%
2024-10-08,83.973,83.97,83.997,83.915,,-0.02%
2024-10-07,83.99,84.007,84.018,83.945,,-0.05%
2024-10-04,84.028,83.977,84.051,83.938,,0.03%
2024-10-03,84.0,83.927,84.036,83.895,,0.08%
2024-10-02,83.93,83.908,84.013,83.849,,0.02%
2024-10-01,83.91,83.851,83.952,83.786,,0.15%
2024-09-30,83.783,83.696,83.836,83.67,,0.08%
2024-09-27,83.72,83.622,83.725,83.598,,0.11%
2024-09-26,83.629,83.64,83.73,83.594,,0.02%
2024-09-25,83.61,83.605,83.653,83.506,,0.00%
2024-09-24,83.61,83.572,83.688,83.518,,0.08%
2024-09-23,83.54,83.481,83.577,83.44,,0.06%
2024-09-20,83.49,83.62,83.637,83.468,,-0.17%
2024-09-19,83.63,83.689,83.749,83.558,,-0.04%
2024-09-18,83.66,83.764,83.807,83.652,,-0.14%
2024-09-17,83.775,83.907,83.914,83.695,,-0.09%
2024-09-16,83.85,83.876,83.919,83.833,,-0.04%
2024-09-13,83.885,83.927,83.956,83.844,,-0.05%
2024-09-12,83.93,84.015,84.015,83.919,,-0.05%
2024-09-11,83.97,83.98,84.007,83.926,,-0.01%
2024-09-10,83.977,84.005,84.01,83.947,,0.03%
2024-09-09,83.956,83.945,83.985,83.921,,-0.04%
2024-09-06,83.99,83.988,83.99,83.906,,0.00%
2024-09-05,83.989,83.979,84.004,83.957,,0.02%
2024-09-04,83.97,83.994,84.02,83.94,,0.01%
2024-09-03,83.96,83.919,83.991,83.897,,0.06%
2024-09-02,83.908,83.875,83.946,83.85,,0.04%
2024-08-30,83.872,83.884,83.905,83.811,,-0.02%
2024-08-29,83.89,83.944,83.956,83.839,,-0.03%
2024-08-28,83.915,83.963,83.988,83.91,,-0.01%
2024-08-27,83.92,83.87,83.965,83.87,,0.08%
2024-08-26,83.85,83.806,83.923,83.788,,0.04%
2024-08-23,83.814,83.926,83.946,83.799,,-0.15%
2024-08-22,83.94,83.9,83.985,83.881,,0.07%
2024-08-21,83.88,83.806,83.952,83.75,,0.14%
2024-08-20,83.76,83.81,83.88,83.738,,-0.12%
2024-08-19,83.86,83.865,83.953,83.827,,-0.04%
2024-08-16,83.89,83.945,83.98,83.888,,-0.07%
2024-08-15,83.95,83.963,84.007,83.936,,-0.02%
2024-08-14,83.97,83.92,83.985,83.896,,0.06%
2024-08-13,83.92,83.949,83.983,83.912,,-0.02%
2024-08-12,83.94,83.915,83.985,83.899,,-0.01%
2024-08-09,83.95,84.015,84.016,83.873,,-0.06%
2024-08-08,84.0,83.942,84.011,83.925,,0.10%
2024-08-07,83.913,83.955,83.994,83.878,,-0.03%
2024-08-06,83.94,83.996,84.0,83.833,,-0.13%
2024-08-05,84.046,83.793,84.182,83.758,,0.29%
2024-08-02,83.799,83.753,83.822,83.715,,0.09%
2024-08-01,83.72,83.709,83.763,83.651,,0.01%
2024-07-31,83.708,83.762,83.77,83.654,,-0.03%
2024-07-30,83.73,83.746,83.764,83.702,,-0.03%
2024-07-29,83.757,83.725,83.774,83.7,,0.03%
2024-07-26,83.731,83.76,83.77,83.702,,0.00%
2024-07-25,83.735,83.768,83.81,83.648,,0.02%
2024-07-24,83.72,83.69,83.739,83.675,,0.04%
2024-07-23,83.685,83.664,83.732,83.606,,0.03%
2024-07-22,83.66,83.741,83.741,83.638,,-0.08%
2024-07-19,83.729,83.668,83.741,83.596,,0.17%
2024-07-18,83.59,83.576,83.682,83.555,,0.00%
2024-07-17,83.59,83.532,83.593,83.494,,0.07%
2024-07-16,83.533,83.59,83.626,83.53,,-0.03%
2024-07-15,83.56,83.507,83.628,83.493,,0.05%
2024-07-12,83.518,83.508,83.564,83.476,,0.00%
2024-07-11,83.516,83.518,83.607,83.472,,0.00%
2024-07-10,83.52,83.492,83.545,83.465,,0.03%
2024-07-09,83.493,83.479,83.522,83.452,,-0.02%
2024-07-08,83.51,83.495,83.522,83.434,,0.00%
2024-07-05,83.51,83.503,83.532,83.458,,0.01%
2024-07-04,83.503,83.495,83.561,83.463,,-0.03%
2024-07-03,83.53,83.498,83.564,83.435,,0.02%
2024-07-02,83.51,83.44,83.568,83.422,,0.05%
2024-07-01,83.465,83.38,83.479,83.349,,0.13%
2024-06-28,83.36,83.458,83.492,83.329,,-0.10%
2024-06-27,83.446,83.579,83.596,83.408,,-0.15%
2024-06-26,83.57,83.452,83.633,83.413,,0.17%
2024-06-25,83.431,83.439,83.51,83.394,,-0.05%
2024-06-24,83.475,83.563,83.59,83.411,,-0.11%
2024-06-21,83.563,83.654,83.654,83.485,,-0.08%
2024-06-20,83.63,83.422,83.684,83.417,,0.19%
2024-06-19,83.47,83.394,83.491,83.34,,0.15%
2024-06-18,83.345,83.498,83.56,83.322,,-0.20%
2024-06-17,83.51,83.523,83.567,83.503,,-0.05%
2024-06-14,83.552,83.546,83.593,83.514,,0.00%
2024-06-13,83.55,83.507,83.575,83.487,,0.13%
2024-06-12,83.44,83.619,83.622,83.433,,-0.22%
2024-06-11,83.625,83.521,83.639,83.48,,0.13%
2024-06-10,83.515,83.53,83.552,83.468,,-0.01%
2024-06-07,83.526,83.472,83.529,83.365,,0.06%
2024-06-06,83.475,83.39,83.527,83.358,,0.12%
2024-06-05,83.379,83.539,83.584,83.277,,-0.21%
2024-06-04,83.552,83.121,83.677,83.085,,0.53%
2024-06-03,83.111,83.124,83.188,82.953,,-0.41%
2024-05-31,83.451,83.321,83.501,83.235,,0.18%
2024-05-30,83.305,83.363,83.443,83.246,,-0.07%
2024-05-29,83.365,83.197,83.411,83.172,,0.22%
2024-05-28,83.18,83.137,83.209,83.102,,0.06%
2024-05-27,83.13,83.07,83.147,83.034,,0.08%
2024-05-24,83.065,83.285,83.3,83.018,,-0.22%
2024-05-23,83.25,83.286,83.322,83.19,,0.02%
2024-05-22,83.235,83.324,83.328,83.21,,-0.04%
2024-05-21,83.265,83.297,83.373,83.226,,-0.05%
2024-05-20,83.305,83.302,83.328,83.224,,0.00%
2024-05-17,83.308,83.512,83.52,83.273,,-0.19%
2024-05-16,83.465,83.42,83.524,83.404,,0.05%
2024-05-15,83.42,83.503,83.529,83.409,,-0.09%
2024-05-14,83.491,83.529,83.551,83.472,,0.03%
2024-05-13,83.47,83.526,83.566,83.465,,-0.09%
2024-05-10,83.546,83.453,83.56,83.446,,0.12%
2024-05-09,83.45,83.476,83.527,83.432,,-0.03%
2024-05-08,83.471,83.466,83.535,83.449,,0.00%
2024-05-07,83.467,83.473,83.529,83.432,,-0.03%
2024-05-06,83.495,83.391,83.545,83.39,,0.14%
2024-05-03,83.381,83.42,83.482,83.308,,-0.10%
2024-05-02,83.463,83.431,83.503,83.401,,-0.01%
2024-05-01,83.468,83.474,83.532,83.446,,0.01%
2024-04-30,83.46,83.459,83.538,83.397,,0.04%
2024-04-29,83.425,83.385,83.514,83.352,,0.02%
2024-04-26,83.405,83.268,83.422,83.267,,0.11%
2024-04-25,83.315,83.338,83.402,83.255,,-0.01%
2024-04-24,83.325,83.28,83.362,83.258,,0.03%
2024-04-23,83.297,83.384,83.407,83.26,,-0.09%
2024-04-22,83.37,83.423,83.458,83.306,,-0.02%
2024-04-19,83.386,83.548,83.721,83.362,,-0.18%
2024-04-18,83.54,83.59,83.606,83.487,,-0.14%
2024-04-17,83.661,83.673,83.748,83.589,,0.00%
2024-04-16,83.665,83.534,83.7,83.469,,0.18%
2024-04-15,83.512,83.481,83.544,83.413,,-0.06%
2024-04-12,83.565,83.369,83.622,83.316,,0.28%
2024-04-11,83.334,83.413,83.438,83.295,,-0.07%
2024-04-10,83.396,83.227,83.426,83.147,,0.24%
2024-04-09,83.193,83.271,83.292,83.166,,-0.11%
2024-04-08,83.285,83.345,83.352,83.225,,-0.04%
2024-04-05,83.321,83.417,83.471,83.241,,-0.05%
2024-04-04,83.365,83.478,83.513,83.35,,-0.17%
2024-04-03,83.511,83.375,83.585,83.33,,0.19%
2024-04-02,83.35,83.374,83.448,83.331,,-0.05%
2024-04-01,83.388,83.343,83.408,83.31,,0.03%
2024-03-29,83.365,83.391,83.399,83.334,,-0.02%
2024-03-28,83.38,83.373,83.424,83.31,,0.07%
2024-03-27,83.322,83.364,83.48,83.291,,-0.01%
2024-03-26,83.33,83.415,83.441,83.254,,-0.10%
2024-03-25,83.415,83.465,83.548,83.384,,-0.21%
2024-03-22,83.587,83.233,83.733,83.206,,0.46%
2024-03-21,83.202,83.117,83.235,83.034,,0.00%
2024-03-20,83.201,83.054,83.233,82.99,,0.20%
2024-03-19,83.035,82.935,83.063,82.899,,0.13%
2024-03-18,82.925,82.891,82.935,82.825,,0.04%
2024-03-15,82.888,82.989,82.995,82.817,,-0.07%
2024-03-14,82.943,82.827,82.952,82.803,,0.13%
2024-03-13,82.835,82.83,82.923,82.774,,0.06%
2024-03-12,82.786,82.739,82.839,82.72,,0.07%
2024-03-11,82.731,82.754,82.782,82.645,,-0.02%
2024-03-08,82.744,82.713,82.77,82.661,,0.04%
2024-03-07,82.713,82.82,82.85,82.669,,-0.11%
2024-03-06,82.805,82.896,82.919,82.802,,-0.11%
2024-03-05,82.896,82.913,82.938,82.863,,-0.02%
2024-03-04,82.916,82.846,82.935,82.831,,0.08%
2024-03-01,82.846,82.926,82.933,82.836,,-0.08%
2024-02-29,82.91,82.91,82.958,82.864,,-0.02%
2024-02-28,82.925,82.924,82.968,82.863,,0.02%
2024-02-27,82.905,82.902,82.921,82.841,,0.04%
2024-02-26,82.874,82.874,82.914,82.851,,-0.02%
2024-02-23,82.887,82.845,82.965,82.845,,0.05%
2024-02-22,82.842,82.933,82.965,82.812,,-0.11%
2024-02-21,82.935,82.895,82.983,82.835,,0.05%
2024-02-20,82.895,83.031,83.043,82.862,,-0.16%
2024-02-19,83.031,82.987,83.061,82.949,,0.02%
2024-02-16,83.018,82.991,83.049,82.983,,0.03%
2024-02-15,82.993,83.035,83.075,82.983,,-0.06%
2024-02-14,83.039,83.104,83.12,83.015,,-0.08%
2024-02-13,83.103,83.008,83.121,82.963,,0.15%
2024-02-12,82.975,83.026,83.057,82.951,,-0.04%
2024-02-09,83.005,82.985,83.059,82.945,,0.03%
2024-02-08,82.983,82.982,83.021,82.893,,0.00%
2024-02-07,82.982,83.07,83.091,82.934,,-0.10%
2024-02-06,83.067,83.044,83.079,83.015,,0.03%
2024-02-05,83.041,83.012,83.096,82.956,,0.04%
2024-02-02,83.004,82.952,83.027,82.826,,0.06%
2024-02-01,82.952,83.083,83.091,82.915,,-0.18%
2024-01-31,83.1,83.1,83.132,82.998,,-0.03%
2024-01-30,83.125,83.136,83.177,83.087,,-0.02%
2024-01-29,83.139,83.149,83.173,83.118,,0.02%
2024-01-26,83.12,83.17,83.173,83.079,,-0.06%
2024-01-25,83.172,83.141,83.178,83.077,,0.04%
2024-01-24,83.135,83.165,83.184,83.068,,-0.02%
2024-01-23,83.155,83.096,83.189,83.061,,0.06%
2024-01-22,83.105,83.077,83.185,83.059,,0.01%
2024-01-19,83.099,83.187,83.193,83.036,,-0.09%
2024-01-18,83.17,83.197,83.206,83.098,,-0.02%
2024-01-17,83.187,83.085,83.218,83.036,,0.12%
2024-01-16,83.089,82.832,83.15,82.829,,0.31%
2024-01-15,82.832,82.835,82.929,82.775,,-0.04%
2024-01-12,82.862,83.068,83.104,82.779,,-0.25%
2024-01-11,83.068,83.004,83.121,82.93,,0.05%
2024-01-10,83.028,83.113,83.185,82.959,,-0.10%
2024-01-09,83.114,83.053,83.15,83.029,,0.08%
2024-01-08,83.05,83.125,83.178,83.026,,-0.10%
2024-01-05,83.132,83.236,83.287,83.067,,-0.14%
2024-01-04,83.248,83.294,83.335,83.195,,-0.05%
2024-01-03,83.291,83.279,83.348,83.244,,0.02%
2024-01-02,83.275,83.179,83.359,83.179,,0.04%
2024-01-01,83.243,83.24,83.243,83.15,,0.03%
2023-12-29,83.218,83.174,83.242,83.099,,0.05%
2023-12-28,83.174,83.268,83.318,83.125,,-0.11%
2023-12-27,83.268,83.163,83.369,83.163,,0.13%
2023-12-26,83.163,83.169,83.218,83.105,,-0.01%
2023-12-25,83.169,83.179,83.18,83.109,,-0.03%
2023-12-22,83.191,83.221,83.275,83.102,,-0.03%
2023-12-21,83.219,83.166,83.291,83.156,,0.06%
2023-12-20,83.167,83.111,83.237,83.087,,0.07%
2023-12-19,83.111,83.153,83.228,83.07,,-0.05%
2023-12-18,83.149,83.018,83.173,82.91,,0.15%
2023-12-15,83.025,83.308,83.333,82.927,,-0.34%
2023-12-14,83.312,83.287,83.372,83.266,,-0.05%
2023-12-13,83.355,83.399,83.438,83.346,,-0.06%
2023-12-12,83.401,83.368,83.434,83.324,,0.06%
2023-12-11,83.355,83.409,83.452,83.349,,-0.09%
2023-12-08,83.43,83.354,83.465,83.335,,0.10%
2023-12-07,83.348,83.337,83.398,83.311,,0.01%
2023-12-06,83.337,83.325,83.381,83.286,,0.01%
2023-12-05,83.325,83.431,83.439,83.318,,-0.13%
2023-12-04,83.431,83.217,83.461,83.215,,0.20%
2023-12-01,83.265,83.356,83.375,83.24,,-0.14%
2023-11-30,83.383,83.359,83.419,83.29,,0.03%
2023-11-29,83.357,83.292,83.383,83.26,,0.01%
2023-11-28,83.345,83.358,83.399,83.292,,0.01%
2023-11-27,83.335,83.324,83.433,83.309,,-0.01%
2023-11-24,83.345,83.35,83.414,83.332,,0.01%
2023-11-23,83.334,83.276,83.368,83.265,,0.02%
2023-11-22,83.315,83.314,83.359,83.255,,-0.03%
2023-11-21,83.336,83.321,83.38,83.228,,0.02%
2023-11-20,83.322,83.265,83.424,83.23,,0.09%
2023-11-17,83.249,83.161,83.303,83.161,,0.11%
2023-11-16,83.16,83.186,83.273,83.153,,-0.04%
2023-11-15,83.193,82.98,83.213,82.962,,0.26%
2023-11-14,82.978,83.209,83.278,82.906,,-0.28%
2023-11-13,83.209,83.309,83.343,83.201,,-0.13%
2023-11-10,83.314,83.302,83.5,83.224,,-0.01%
2023-11-09,83.32,83.232,83.341,83.217,,0.12%
2023-11-08,83.218,83.234,83.31,83.208,,-0.02%
2023-11-07,83.235,83.221,83.287,83.209,,0.01%
2023-11-06,83.223,83.107,83.263,83.084,,0.09%
2023-11-03,83.15,83.247,83.311,83.134,,-0.13%
2023-11-02,83.262,83.24,83.281,83.174,,0.00%
2023-11-01,83.265,83.278,83.337,83.225,,-0.02%
2023-10-31,83.284,83.26,83.292,83.221,,0.03%
2023-10-30,83.255,83.28,83.305,83.212,,-0.02%
2023-10-27,83.272,83.272,83.301,83.19,,0.03%
2023-10-26,83.249,83.164,83.269,83.131,,0.13%
2023-10-25,83.145,83.022,83.205,83.009,,0.16%
2023-10-24,83.015,83.031,83.102,82.956,,-0.10%
2023-10-23,83.099,83.161,83.206,83.085,,-0.07%
2023-10-20,83.16,83.151,83.216,83.012,,0.07%
2023-10-19,83.104,83.284,83.306,83.082,,-0.24%
2023-10-18,83.3,83.255,83.31,83.211,,0.06%
2023-10-17,83.25,83.215,83.289,83.185,,0.07%
2023-10-16,83.195,83.264,83.296,83.183,,-0.11%
2023-10-13,83.283,83.25,83.297,83.211,,-0.01%
2023-10-12,83.295,83.175,83.302,83.125,,0.16%
2023-10-11,83.165,83.218,83.246,83.116,,-0.03%
2023-10-10,83.19,83.266,83.282,83.17,,-0.11%
2023-10-09,83.281,83.187,83.348,83.163,,0.19%
2023-10-06,83.125,83.219,83.303,83.121,,-0.10%
2023-10-05,83.21,83.214,83.305,83.179,,-0.05%
2023-10-04,83.255,83.236,83.346,83.173,,0.04%
2023-10-03,83.222,83.233,83.271,83.127,,0.04%
2023-10-02,83.187,83.165,83.234,83.124,,0.18%
2023-09-29,83.035,83.209,83.209,83.012,,-0.16%
2023-09-28,83.165,83.237,83.273,83.111,,-0.05%
2023-09-27,83.209,83.297,83.312,83.153,,-0.06%
2023-09-26,83.255,83.122,83.309,83.099,,0.14%
2023-09-25,83.135,83.057,83.179,83.029,,0.19%
2023-09-22,82.975,82.876,82.993,82.769,,-0.18%
2023-09-21,83.127,83.193,83.222,83.005,,0.24%
2023-09-20,82.925,83.261,83.297,82.924,,-0.47%
2023-09-19,83.315,83.25,83.345,83.17,,0.02%
2023-09-18,83.298,83.106,83.36,83.084,,0.26%
2023-09-15,83.086,83.064,83.202,82.981,,0.07%
2023-09-14,83.03,82.915,83.101,82.913,,0.11%
2023-09-13,82.941,82.874,83.039,82.856,,0.10%
2023-09-12,82.86,82.905,83.015,82.853,,-0.06%
2023-09-11,82.91,82.955,83.069,82.815,,-0.15%
2023-09-08,83.032,83.134,83.184,82.903,,-0.15%
2023-09-07,83.155,83.22,83.271,83.076,,-0.08%
2023-09-06,83.225,83.075,83.258,82.986,,0.22%
2023-09-05,83.042,82.753,83.097,82.712,,0.38%
2023-09-04,82.724,82.67,82.785,82.651,,0.03%
2023-09-01,82.697,82.648,82.784,82.576,,-0.02%
2023-08-31,82.71,82.679,82.799,82.582,,0.11%
2023-08-30,82.616,82.594,82.819,82.568,,0.02%
2023-08-29,82.601,82.646,82.842,82.576,,-0.03%
2023-08-28,82.628,82.585,82.662,82.528,,-0.04%
2023-08-25,82.665,82.606,82.739,82.532,,0.09%
2023-08-24,82.59,82.579,82.646,82.359,,0.08%
2023-08-23,82.522,83.083,83.089,82.449,,-0.63%
2023-08-22,83.045,83.113,83.123,82.909,,-0.06%
2023-08-21,83.095,83.193,83.218,83.021,,-0.09%
2023-08-18,83.167,83.086,83.221,83.018,,0.03%
2023-08-17,83.14,83.222,83.268,82.989,,-0.10%
2023-08-16,83.222,83.24,83.443,83.085,,-0.02%
2023-08-15,83.239,83.185,83.467,83.17,,0.07%
2023-08-14,83.18,82.895,83.301,82.895,,0.34%
2023-08-11,82.898,82.789,82.911,82.725,,0.31%
2023-08-10,82.644,82.841,82.861,82.59,,-0.28%
2023-08-09,82.872,82.878,82.88,82.783,,-0.01%
2023-08-08,82.881,82.761,82.985,82.748,,0.12%
2023-08-07,82.778,82.741,82.786,82.678,,0.10%
2023-08-04,82.696,82.74,82.893,82.675,,-0.07%
2023-08-03,82.755,82.72,82.826,82.665,,0.02%
2023-08-02,82.735,82.352,82.81,82.321,,0.47%
2023-08-01,82.345,82.24,82.357,82.222,,0.12%
2023-07-31,82.245,82.227,82.313,82.206,,-0.01%
2023-07-28,82.253,82.155,82.354,82.155,,0.12%
2023-07-27,82.155,81.939,82.248,81.88,,0.24%
2023-07-26,81.955,81.899,82.078,81.863,,0.12%
2023-07-25,81.855,81.815,81.918,81.666,,0.07%
2023-07-24,81.795,82.035,82.053,81.786,,-0.24%
2023-07-21,81.99,82.084,82.091,81.929,,-0.11%
2023-07-20,82.08,82.064,82.087,81.908,,0.03%
2023-07-19,82.055,82.087,82.167,82.024,,-0.01%
2023-07-18,82.065,82.062,82.114,81.961,,0.02%
2023-07-17,82.05,82.127,82.209,81.988,,-0.03%
2023-07-14,82.077,82.011,82.203,81.927,,0.03%
2023-07-13,82.05,82.0,82.147,81.947,,0.08%
2023-07-12,81.985,82.405,82.421,81.962,,-0.50%
2023-07-11,82.395,82.551,82.563,82.324,,-0.16%
2023-07-10,82.525,82.666,82.689,82.52,,-0.11%
2023-07-07,82.615,82.766,82.778,82.545,,-0.18%
2023-07-06,82.766,82.399,82.821,82.297,,0.44%
2023-07-05,82.403,82.047,82.413,81.994,,0.52%
2023-07-04,81.974,81.975,82.045,81.868,,0.04%
2023-07-03,81.945,82.061,82.072,81.753,,-0.18%
2023-06-30,82.096,82.09,82.135,81.997,,-0.01%
2023-06-29,82.105,82.037,82.134,81.997,,0.09%
2023-06-28,82.03,81.991,82.099,81.966,,0.02%
2023-06-27,82.011,82.03,82.05,81.934,,0.04%
2023-06-26,81.975,81.971,82.086,81.935,,-0.01%
2023-06-23,81.985,81.927,82.089,81.927,,0.03%
2023-06-22,81.96,81.961,82.017,81.878,,0.02%
2023-06-21,81.94,81.992,82.135,81.94,,-0.08%
2023-06-20,82.005,81.915,82.173,81.915,,0.11%
2023-06-19,81.915,81.976,82.012,81.879,,0.00%
2023-06-16,81.915,81.913,82.03,81.842,,0.01%
2023-06-15,81.905,82.045,82.279,81.905,,-0.07%
2023-06-14,81.96,82.242,82.335,81.897,,-0.34%
2023-06-13,82.24,82.402,82.473,82.152,,-0.21%
2023-06-12,82.415,82.463,82.504,82.4,,-0.04%
2023-06-09,82.445,82.515,82.525,82.404,,-0.09%
2023-06-08,82.516,82.628,82.628,82.475,,0.01%
2023-06-07,82.51,82.51,82.587,82.454,,-0.01%
2023-06-06,82.515,82.511,82.663,82.483,,-0.01%
2023-06-05,82.525,82.456,82.697,82.399,,0.15%
2023-06-02,82.403,82.277,82.447,82.262,,0.15%
2023-06-01,82.277,82.666,82.668,82.268,,-0.50%
2023-05-31,82.69,82.648,82.778,82.62,,0.00%
2023-05-30,82.693,82.557,82.794,82.548,,0.10%
2023-05-29,82.614,82.591,82.682,82.511,,0.05%
2023-05-26,82.575,82.745,82.749,82.542,,-0.20%
2023-05-25,82.742,82.68,82.821,82.666,,0.08%
2023-05-24,82.675,82.88,82.897,82.57,,-0.19%
2023-05-23,82.835,82.835,82.89,82.749,,-0.01%
2023-05-22,82.845,82.809,82.903,82.725,,-0.07%
2023-05-19,82.905,82.767,82.953,82.623,,0.22%
2023-05-18,82.725,82.453,82.797,82.348,,0.39%
2023-05-17,82.405,82.272,82.46,82.261,,0.14%
2023-05-16,82.292,82.239,82.317,82.16,,0.03%
2023-05-15,82.267,82.244,82.388,82.182,,0.08%
2023-05-12,82.201,82.12,82.244,82.095,,0.12%
2023-05-11,82.1,81.926,82.195,81.901,,0.21%
2023-05-10,81.925,82.105,82.113,81.875,,-0.24%
2023-05-09,82.125,81.787,82.163,81.771,,0.42%
2023-05-08,81.78,81.711,81.836,81.659,,0.07%
2023-05-05,81.725,81.718,81.828,81.653,,0.00%
2023-05-04,81.725,81.762,81.829,81.653,,-0.07%
2023-05-03,81.78,81.789,81.872,81.67,,0.01%
2023-05-02,81.77,81.795,81.961,81.715,,-0.02%
2023-05-01,81.79,81.795,81.815,81.715,,0.06%
2023-04-28,81.745,81.72,81.87,81.706,,0.04%
2023-04-27,81.715,81.732,81.864,81.594,,-0.06%
2023-04-26,81.76,82.004,82.027,81.679,,-0.28%
2023-04-25,81.99,81.871,82.043,81.852,,0.04%
2023-04-24,81.96,82.095,82.114,81.865,,-0.12%
2023-04-21,82.055,82.14,82.22,82.008,,-0.10%
2023-04-20,82.14,82.308,82.355,82.051,,-0.17%
2023-04-19,82.28,82.098,82.289,82.057,,0.21%
2023-04-18,82.105,81.995,82.115,81.948,,0.12%
2023-04-17,82.005,81.916,82.096,81.86,,0.20%
2023-04-14,81.845,81.701,81.93,81.547,,0.21%
2023-04-13,81.675,82.008,82.028,81.628,,-0.35%
2023-04-12,81.96,82.088,82.125,81.93,,-0.13%
2023-04-11,82.07,81.967,82.161,81.928,,0.10%
2023-04-10,81.985,81.844,82.045,81.761,,0.12%
2023-04-07,81.885,81.832,81.91,81.79,,0.05%
2023-04-06,81.84,81.953,82.059,81.81,,-0.13%
2023-04-05,81.945,82.123,82.217,81.844,,-0.20%
2023-04-04,82.11,82.219,82.279,82.078,,-0.12%
2023-04-03,82.205,82.391,82.484,82.19,,0.02%
2023-03-31,82.185,82.088,82.282,82.044,,0.10%
2023-03-30,82.1,82.238,82.287,82.03,,-0.13%
2023-03-29,82.206,82.164,82.39,82.164,,0.01%
2023-03-28,82.2,82.195,82.291,82.113,,0.00%
2023-03-27,82.2,82.374,82.441,82.2,,-0.17%
2023-03-24,82.339,82.265,82.524,82.195,,0.09%
2023-03-23,82.265,82.524,82.542,82.054,,-0.32%
2023-03-22,82.525,82.677,82.742,82.395,,-0.22%
2023-03-21,82.705,82.516,82.733,82.516,,0.21%
2023-03-20,82.53,82.495,82.727,82.453,,-0.01%
2023-03-17,82.54,82.615,82.702,82.419,,-0.10%
2023-03-16,82.625,82.774,82.851,82.593,,-0.34%
2023-03-15,82.908,82.28,82.92,82.211,,0.79%
2023-03-14,82.26,82.3,82.58,82.236,,0.00%
2023-03-13,82.263,81.677,82.312,81.677,,0.36%
2023-03-10,81.965,82.037,82.209,81.844,,-0.07%
2023-03-09,82.025,81.967,82.088,81.764,,0.09%
2023-03-08,81.955,82.037,82.298,81.86,,-0.09%
2023-03-07,82.025,81.852,82.025,81.725,,0.26%
2023-03-06,81.815,81.778,81.973,81.61,,0.13%
2023-03-03,81.71,82.348,82.407,81.685,,-0.78%
2023-03-02,82.355,82.425,82.628,82.355,,-0.10%
2023-03-01,82.435,82.588,82.634,82.365,,-0.25%
2023-02-28,82.645,82.69,82.761,82.554,,-0.01%
2023-02-27,82.652,82.872,82.952,82.627,,-0.33%
2023-02-24,82.925,82.643,83.026,82.628,,0.37%
2023-02-23,82.618,82.799,82.835,82.562,,-0.26%
2023-02-22,82.835,82.844,82.937,82.776,,-0.02%
2023-02-21,82.849,82.691,82.892,82.681,,0.15%
2023-02-20,82.721,82.72,82.764,82.604,,-0.05%
2023-02-17,82.765,82.704,82.872,82.704,,0.06%
2023-02-16,82.715,82.719,82.846,82.59,,-0.06%
2023-02-15,82.765,82.842,82.972,82.765,,-0.18%
2023-02-14,82.915,82.597,83.047,82.566,,0.39%
2023-02-13,82.597,82.582,82.788,82.577,,0.09%
2023-02-10,82.52,82.535,82.644,82.33,,-0.02%
2023-02-09,82.54,82.656,82.679,82.402,,-0.14%
2023-02-08,82.655,82.734,82.761,82.472,,-0.26%
2023-02-07,82.87,82.755,82.906,82.619,,0.15%
2023-02-06,82.75,82.388,82.85,82.316,,0.63%
2023-02-03,82.233,82.044,82.326,81.746,,0.23%
2023-02-02,82.044,81.697,82.273,81.685,,0.35%
2023-02-01,81.758,81.765,82.042,81.676,,-0.01%
2023-01-31,81.769,81.599,82.08,81.55,,0.30%
2023-01-30,81.525,81.548,81.725,81.461,,0.01%
2023-01-27,81.515,81.51,81.679,81.473,,0.09%
2023-01-26,81.445,81.531,81.579,81.356,,-0.09%
2023-01-25,81.519,81.602,81.78,81.477,,-0.10%
2023-01-24,81.599,81.488,81.77,81.411,,0.14%
2023-01-23,81.483,80.933,81.509,80.875,,0.62%
2023-01-20,80.984,81.281,81.31,80.973,,-0.32%
2023-01-19,81.245,81.44,81.456,81.207,,-0.25%
2023-01-18,81.445,81.675,81.829,81.164,,-0.23%
2023-01-17,81.635,81.71,81.889,81.547,,-0.03%
2023-01-16,81.656,81.227,81.75,81.197,,0.46%
2023-01-13,81.285,81.115,81.523,81.115,,0.22%
2023-01-12,81.11,81.657,81.754,81.11,,-0.65%
2023-01-11,81.642,81.625,81.831,81.497,,0.01%
2023-01-10,81.63,82.185,82.318,81.605,,-0.67%
2023-01-09,82.18,82.235,82.454,82.095,,-0.12%
2023-01-06,82.275,82.605,82.785,82.275,,-0.39%
2023-01-05,82.596,82.739,82.808,82.427,,-0.09%
2023-01-04,82.667,82.779,82.919,82.667,,-0.14%
2023-01-03,82.779,82.698,83.039,82.654,,0.01%
2023-01-02,82.773,82.67,82.8,82.56,,0.03%
2022-12-30,82.745,82.787,82.829,82.54,,-0.05%
2022-12-29,82.787,82.847,82.902,82.754,,0.03%
2022-12-28,82.764,82.84,82.931,82.748,,-0.09%
2022-12-27,82.835,82.675,82.909,82.655,,0.21%
2022-12-26,82.665,82.775,82.847,82.627,,-0.15%
2022-12-23,82.79,82.88,82.903,82.742,,-0.23%
2022-12-22,82.985,82.825,82.989,82.643,,0.12%
2022-12-21,82.885,82.73,82.933,82.654,,0.33%
2022-12-20,82.61,82.582,82.885,82.565,,-0.08%
2022-12-19,82.677,82.775,82.833,82.566,,-0.07%
2022-12-16,82.733,82.865,82.898,82.626,,-0.16%
2022-12-15,82.862,82.537,82.994,82.415,,0.44%
2022-12-14,82.496,82.61,82.715,82.403,,0.11%
2022-12-13,82.403,82.663,82.922,82.373,,-0.30%
2022-12-12,82.647,82.434,82.745,82.423,,0.28%
2022-12-09,82.42,82.244,82.51,82.086,,0.16%
2022-12-08,82.29,82.267,82.477,82.253,,0.09%
2022-12-07,82.217,82.422,82.783,82.189,,-0.33%
2022-12-06,82.49,81.904,82.643,81.897,,0.72%
2022-12-05,81.9,81.255,81.91,81.195,,0.57%
2022-12-02,81.438,81.165,81.528,81.083,,0.38%
2022-12-01,81.13,81.152,81.336,80.985,,-0.30%
2022-11-30,81.374,81.645,81.65,81.271,,-0.31%
2022-11-29,81.626,81.549,81.759,81.541,,-0.03%
2022-11-28,81.65,81.815,81.846,81.518,,-0.08%
2022-11-25,81.713,81.671,81.754,81.432,,0.09%
2022-11-24,81.642,81.633,81.778,81.588,,0.01%
2022-11-23,81.633,81.719,81.934,81.628,,-0.11%
2022-11-22,81.719,81.728,81.83,81.581,,-0.01%
2022-11-21,81.728,81.672,81.927,81.58,,0.10%
2022-11-18,81.645,81.53,81.801,81.505,,0.13%
2022-11-17,81.54,81.453,81.854,81.422,,0.06%
2022-11-16,81.495,81.105,81.574,81.105,,0.50%
2022-11-15,81.091,80.992,81.449,80.703,,0.12%
2022-11-14,80.992,80.525,81.298,80.51,,0.60%
2022-11-11,80.505,80.565,80.997,80.483,,-0.17%
2022-11-10,80.64,81.444,81.93,80.631,,-0.88%
2022-11-09,81.355,81.34,81.628,81.21,,-0.03%
2022-11-08,81.38,81.832,82.034,81.241,,-0.55%
2022-11-07,81.832,82.075,82.324,81.809,,-0.18%
2022-11-04,81.982,82.691,82.74,81.971,,-0.91%
2022-11-03,82.738,82.894,82.997,82.694,,0.00%
2022-11-02,82.739,82.682,82.819,82.609,,0.10%
2022-11-01,82.66,82.817,82.826,82.494,,-0.14%
2022-10-31,82.78,82.386,82.877,82.316,,0.62%
2022-10-28,82.268,82.364,82.518,82.268,,-0.15%
2022-10-27,82.393,82.031,82.574,82.017,,0.57%
2022-10-26,81.929,82.445,82.539,81.961,,-0.72%
2022-10-25,82.523,82.755,82.859,82.413,,-0.29%
2022-10-24,82.762,82.603,82.884,82.572,,0.27%
2022-10-21,82.542,82.836,83.105,82.54,,-0.34%
2022-10-20,82.825,82.991,83.268,82.526,,-0.24%
2022-10-19,83.021,82.298,83.111,82.288,,0.88%
2022-10-18,82.298,82.161,82.406,82.005,,0.13%
2022-10-17,82.189,82.413,82.426,82.089,,-0.22%
2022-10-14,82.367,82.21,82.448,82.108,,0.21%
2022-10-13,82.192,82.19,82.685,82.107,,0.02%
2022-10-12,82.177,82.267,82.37,82.156,,-0.12%
2022-10-11,82.274,82.421,82.506,82.095,,-0.13%
2022-10-10,82.385,82.706,82.714,82.264,,-0.54%
2022-10-07,82.833,82.292,82.833,82.107,,0.91%
2022-10-06,82.088,81.52,82.316,81.476,,0.54%
2022-10-05,81.649,81.459,81.721,81.327,,0.21%
2022-10-04,81.479,81.495,81.685,81.284,,-0.04%
2022-10-03,81.509,81.532,81.928,81.498,,-0.02%
2022-09-30,81.522,81.498,81.725,81.151,,0.04%
2022-09-29,81.489,81.595,81.967,81.469,,0.07%
2022-09-28,81.431,81.875,82.02,81.345,,-0.36%
2022-09-27,81.727,81.374,81.782,81.282,,0.12%
2022-09-26,81.625,81.34,81.714,81.323,,0.46%
2022-09-23,81.255,81.049,81.286,80.77,,0.24%
2022-09-22,81.062,80.233,81.145,80.199,,1.41%
2022-09-21,79.936,79.765,80.076,79.75,,0.21%
2022-09-20,79.769,79.675,79.784,79.578,,0.07%
2022-09-19,79.713,79.716,79.831,79.574,,0.02%
2022-09-16,79.699,79.861,79.874,79.591,,-0.19%
2022-09-15,79.849,79.495,79.854,79.433,,0.49%
2022-09-14,79.459,79.595,79.625,79.37,,-0.18%
2022-09-13,79.602,79.393,79.632,79.01,,0.31%
2022-09-12,79.355,79.653,79.723,79.288,,-0.38%
2022-09-09,79.655,79.672,79.683,79.452,,-0.04%
2022-09-08,79.69,79.66,79.838,79.637,,0.05%
2022-09-07,79.65,79.908,79.974,79.595,,-0.31%
2022-09-06,79.895,79.804,79.916,79.736,,0.13%
2022-09-05,79.791,79.925,79.928,79.752,,0.09%
2022-09-02,79.722,79.71,79.914,79.604,,0.03%
2022-09-01,79.701,79.535,79.739,79.28,,0.24%
2022-08-31,79.511,79.707,79.717,79.416,,-0.22%
2022-08-30,79.683,79.968,79.985,79.417,,-0.36%
2022-08-29,79.971,79.989,80.135,79.892,,0.00%
2022-08-26,79.971,79.883,79.983,79.709,,0.11%
2022-08-25,79.88,79.811,80.006,79.749,,0.10%
2022-08-24,79.798,79.875,79.9,79.691,,-0.07%
2022-08-23,79.857,79.875,79.919,79.682,,0.00%
2022-08-22,79.855,79.905,79.93,79.769,,-0.09%
2022-08-19,79.925,79.776,79.943,79.697,,0.21%
2022-08-18,79.76,79.405,79.765,79.372,,0.50%
2022-08-17,79.36,79.167,79.514,79.155,,0.13%
2022-08-16,79.256,79.55,79.606,79.25,,-0.36%
2022-08-15,79.546,79.654,79.658,79.459,,-0.13%
2022-08-12,79.651,79.61,79.76,79.59,,0.08%
2022-08-11,79.585,79.066,79.695,79.066,,0.62%
2022-08-10,79.095,79.56,79.613,79.018,,-0.60%
2022-08-09,79.573,79.583,79.661,79.498,,-0.02%
2022-08-08,79.592,79.425,79.69,79.42,,0.29%
2022-08-05,79.365,79.16,79.494,78.918,,0.25%
2022-08-04,79.165,79.096,79.84,79.048,,0.06%
2022-08-03,79.118,78.627,79.244,78.574,,0.65%
2022-08-02,78.605,78.961,79.002,78.393,,-0.46%
2022-08-01,78.971,79.185,79.241,78.894,,-0.48%
2022-07-29,79.351,79.604,79.604,79.167,,-0.36%
2022-07-28,79.638,79.763,79.855,79.586,,-0.28%
2022-07-27,79.86,79.823,79.995,79.774,,0.00%
2022-07-26,79.862,79.736,79.884,79.692,,0.18%
2022-07-25,79.719,79.784,79.885,79.678,,-0.16%
2022-07-22,79.845,79.883,79.939,79.804,,-0.04%
2022-07-21,79.875,80.026,80.068,79.76,,-0.16%
2022-07-20,80.005,79.907,80.068,79.878,,0.18%
2022-07-19,79.865,79.989,80.072,79.857,,-0.19%
2022-07-18,80.015,79.817,80.02,79.703,,0.29%
2022-07-15,79.785,79.867,79.979,79.714,,-0.16%
2022-07-14,79.915,79.708,80.235,79.667,,0.29%
2022-07-13,79.68,79.49,79.871,79.475,,0.27%
2022-07-12,79.465,79.466,79.667,79.459,,0.04%
2022-07-11,79.435,79.255,79.585,79.255,,0.18%
2022-07-08,79.29,79.18,79.435,79.128,,0.15%
2022-07-07,79.175,79.048,79.261,78.885,,0.16%
2022-07-06,79.048,79.163,79.383,78.918,,-0.32%
2022-07-05,79.298,78.965,79.428,78.945,,0.45%
2022-07-04,78.939,78.978,79.062,78.859,,-0.02%
2022-07-01,78.956,78.97,79.136,78.805,,-0.01%
2022-06-30,78.965,78.915,79.095,78.866,,0.03%
2022-06-29,78.945,79.008,79.07,78.844,,-0.06%
2022-06-28,78.995,78.449,79.05,78.432,,0.71%
2022-06-27,78.44,78.268,78.571,78.193,,0.24%
2022-06-24,78.255,78.162,78.364,78.113,,0.14%
2022-06-23,78.145,78.22,78.386,78.129,,-0.04%
2022-06-22,78.18,78.135,78.395,78.106,,0.06%
2022-06-21,78.133,77.949,78.152,77.929,,0.26%
2022-06-20,77.927,78.004,78.037,77.856,,-0.03%
2022-06-17,77.952,78.005,78.113,77.944,,-0.03%
2022-06-16,77.977,78.037,78.109,77.911,,-0.25%
2022-06-15,78.171,78.013,78.229,77.971,,0.19%
2022-06-14,78.022,78.105,78.105,77.93,,-0.10%
2022-06-13,78.104,78.195,78.313,77.968,,-0.05%
2022-06-10,78.144,77.78,78.202,77.762,,0.42%
2022-06-09,77.815,77.721,77.881,77.686,,0.14%
2022-06-08,77.709,77.703,77.791,77.6,,0.06%
2022-06-07,77.664,77.795,77.842,77.627,,-0.19%
2022-06-06,77.814,77.69,77.854,77.564,,0.26%
2022-06-03,77.615,77.425,77.663,77.385,,0.28%
2022-06-02,77.399,77.556,77.654,77.383,,-0.21%
2022-06-01,77.56,77.646,77.66,77.442,,-0.05%
2022-05-31,77.598,77.553,77.746,77.541,,0.06%
2022-05-30,77.554,77.594,77.594,77.473,,-0.09%
2022-05-27,77.624,77.639,77.683,77.53,,-0.02%
2022-05-26,77.636,77.502,77.721,77.486,,0.14%
2022-05-25,77.531,77.479,77.641,77.442,,0.07%
2022-05-24,77.475,77.543,77.687,77.469,,-0.09%
2022-05-23,77.545,77.675,77.73,77.439,,-0.41%
2022-05-20,77.865,77.444,77.899,77.432,,0.58%
2022-05-19,77.415,77.815,77.82,77.387,,-0.51%
2022-05-18,77.81,77.463,77.81,77.46,,0.43%
2022-05-17,77.476,77.805,77.81,77.375,,-0.46%
2022-05-16,77.833,77.499,77.916,77.499,,0.46%
2022-05-13,77.48,77.44,77.562,77.253,,0.06%
2022-05-12,77.435,77.423,77.635,77.304,,0.01%
2022-05-11,77.425,77.268,77.509,77.145,,0.26%
2022-05-10,77.225,77.381,77.458,77.114,,-0.18%
2022-05-09,77.365,77.0,77.536,76.988,,0.50%
2022-05-06,76.979,76.518,77.078,76.512,,0.61%
2022-05-05,76.515,76.155,76.577,75.99,,0.30%
2022-05-04,76.283,76.453,76.589,76.19,,-0.24%
2022-05-03,76.47,76.49,76.693,76.449,,-0.02%
2022-05-02,76.485,76.505,76.533,76.334,,-0.07%
2022-04-29,76.535,76.618,76.694,76.271,,-0.18%
2022-04-28,76.67,76.54,76.732,76.419,,0.05%
2022-04-27,76.633,76.768,76.806,76.49,,-0.06%
2022-04-26,76.68,76.553,76.698,76.436,,-0.09%
2022-04-25,76.748,76.558,76.788,76.543,,0.36%
2022-04-22,76.475,76.296,76.546,76.195,,0.28%
2022-04-21,76.262,76.265,76.373,76.077,,-0.01%
2022-04-20,76.269,76.477,76.533,76.149,,-0.23%
2022-04-19,76.445,76.292,76.572,76.247,,0.21%
2022-04-18,76.284,76.313,76.435,76.205,,-0.06%
2022-04-15,76.332,76.309,76.349,76.278,,0.05%
2022-04-14,76.292,76.148,76.294,76.074,,0.22%
2022-04-13,76.122,76.15,76.28,76.023,,0.05%
2022-04-12,76.082,75.941,76.197,75.928,,0.32%
2022-04-11,75.836,75.962,76.09,75.784,,-0.16%
2022-04-08,75.96,75.93,76.065,75.703,,0.06%
2022-04-07,75.913,75.945,76.056,75.762,,-0.04%
2022-04-06,75.947,75.429,76.077,75.411,,0.64%
2022-04-05,75.465,75.44,75.56,75.266,,0.02%
2022-04-04,75.451,75.92,75.945,75.36,,-0.72%
2022-04-01,75.995,75.926,76.027,75.846,,0.09%
2022-03-31,75.928,75.828,75.968,75.643,,0.14%
2022-03-30,75.823,75.662,75.988,75.602,,0.21%
2022-03-29,75.666,75.981,76.164,75.566,,-0.56%
2022-03-28,76.09,76.325,76.385,76.04,,-0.26%
2022-03-25,76.285,76.246,76.309,76.125,,-0.03%
2022-03-24,76.305,76.53,76.53,76.189,,-0.29%
2022-03-23,76.53,76.121,76.53,75.977,,0.49%
2022-03-22,76.159,76.29,76.498,75.996,,-0.17%
2022-03-21,76.285,76.058,76.293,76.005,,0.29%
2022-03-18,76.065,76.079,76.214,76.007,,0.17%
2022-03-17,75.937,76.056,76.082,75.753,,-0.35%
2022-03-16,76.2,76.266,76.486,76.117,,-0.29%
2022-03-15,76.42,76.47,76.683,76.297,,-0.04%
2022-03-14,76.45,76.664,76.715,76.445,,-0.08%
2022-03-11,76.511,76.373,76.715,76.249,,0.26%
2022-03-10,76.31,76.256,76.505,76.056,,-0.10%
2022-03-09,76.383,76.915,77.004,76.318,,-0.68%
2022-03-08,76.905,76.984,77.187,76.715,,-0.09%
2022-03-07,76.975,76.675,77.173,76.658,,0.72%
2022-03-04,76.425,75.935,76.451,75.935,,0.60%
2022-03-03,75.971,75.653,76.02,75.602,,0.44%
2022-03-02,75.639,75.913,75.94,75.569,,-0.19%
2022-03-01,75.782,75.289,75.816,75.26,,0.35%
2022-02-28,75.521,75.76,75.79,75.282,,0.59%
2022-02-25,75.075,75.429,75.488,75.075,,-0.71%
2022-02-24,75.615,74.692,75.848,74.657,,1.31%
2022-02-23,74.64,74.625,74.73,74.532,,0.01%
2022-02-22,74.63,74.697,74.994,74.616,,0.14%
2022-02-21,74.524,74.583,74.741,74.343,,-0.22%
2022-02-18,74.687,75.075,75.105,74.48,,-0.56%
2022-02-17,75.105,74.993,75.238,74.953,,0.07%
2022-02-16,75.05,75.175,75.297,74.947,,-0.17%
2022-02-15,75.177,75.63,75.736,75.162,,-0.67%
2022-02-14,75.686,75.573,75.712,75.355,,0.45%
2022-02-11,75.348,75.315,75.506,75.171,,0.33%
2022-02-10,75.102,74.809,75.289,74.804,,0.39%
2022-02-09,74.808,74.719,74.873,74.63,,0.12%
2022-02-08,74.719,74.641,74.81,74.575,,0.09%
2022-02-07,74.655,74.699,74.783,74.605,,0.01%
2022-02-04,74.645,74.644,74.866,74.613,,0.00%
2022-02-03,74.644,74.863,74.948,74.623,,-0.24%
2022-02-02,74.823,74.751,75.023,74.672,,0.10%
2022-02-01,74.751,74.563,74.882,74.41,,0.26%
2022-01-31,74.556,75.033,75.074,74.556,,-0.65%
2022-01-28,75.046,75.22,75.234,74.874,,-0.22%
2022-01-27,75.209,75.123,75.328,75.054,,0.41%
2022-01-26,74.903,74.794,74.968,74.697,,0.15%
2022-01-25,74.788,74.645,74.83,74.56,,0.20%
2022-01-24,74.642,74.373,74.75,74.298,,0.31%
2022-01-21,74.409,74.473,74.578,74.276,,-0.08%
2022-01-20,74.468,74.414,74.533,74.292,,0.02%
2022-01-19,74.455,74.569,74.735,74.361,,-0.15%
2022-01-18,74.565,74.254,74.623,74.213,,0.42%
2022-01-17,74.255,74.187,74.365,74.125,,0.13%
2022-01-14,74.156,73.954,74.221,73.916,,0.25%
2022-01-13,73.973,73.783,73.999,73.783,,0.24%
2022-01-12,73.797,73.803,74.055,73.748,,-0.03%
2022-01-11,73.818,74.025,74.058,73.755,,-0.28%
2022-01-10,74.025,74.23,74.244,74.005,,-0.34%
2022-01-07,74.278,74.457,74.458,74.245,,-0.14%
2022-01-06,74.385,74.457,74.523,74.325,,0.13%
2022-01-05,74.285,74.545,74.623,74.253,,-0.33%
2022-01-04,74.53,74.385,74.712,74.375,,0.17%
2022-01-03,74.4,74.463,74.485,74.244,,-0.12%
2021-12-31,74.486,74.431,74.532,74.094,,0.10%
2021-12-30,74.415,74.503,74.66,74.29,,-0.21%
2021-12-29,74.57,74.765,74.86,74.567,,-0.19%
2021-12-28,74.715,74.954,75.0,74.592,,-0.35%
2021-12-27,74.98,75.024,75.179,74.945,,-0.03%
2021-12-24,75.004,75.04,75.203,74.973,,-0.04%
2021-12-23,75.035,75.495,75.496,75.035,,-0.56%
2021-12-22,75.46,75.683,75.683,75.431,,-0.32%
2021-12-21,75.705,75.793,75.804,75.394,,-0.03%
2021-12-20,75.73,76.036,76.183,75.73,,-0.37%
2021-12-17,76.013,76.19,76.286,75.943,,-0.22%
2021-12-16,76.184,76.179,76.32,76.063,,-0.22%
2021-12-15,76.355,76.099,76.419,76.025,,0.41%
2021-12-14,76.045,75.788,76.045,75.764,,0.36%
2021-12-13,75.77,75.685,75.811,75.57,,0.07%
2021-12-10,75.718,75.613,75.864,75.578,,0.16%
2021-12-09,75.599,75.394,75.689,75.381,,0.29%
2021-12-08,75.384,75.416,75.569,75.3,,-0.03%
2021-12-07,75.409,75.39,75.502,75.259,,0.02%
2021-12-06,75.395,75.198,75.477,75.183,,0.20%
2021-12-03,75.241,75.02,75.349,74.936,,0.34%
2021-12-02,74.989,75.016,75.088,74.891,,-0.04%
2021-12-01,75.021,75.08,75.08,74.789,,-0.11%
2021-11-30,75.1,75.05,75.202,74.847,,0.07%
2021-11-29,75.05,74.838,75.174,74.791,,-0.02%
2021-11-26,75.065,74.606,75.085,74.562,,0.76%
2021-11-25,74.502,74.625,74.625,74.447,,-0.16%
2021-11-24,74.622,74.426,74.622,74.31,,0.24%
2021-11-23,74.447,74.44,74.586,74.359,,0.00%
2021-11-22,74.445,74.345,74.516,74.286,,0.13%
2021-11-19,74.35,74.191,74.498,74.187,,0.25%
2021-11-18,74.165,74.316,74.34,74.014,,-0.12%
2021-11-17,74.255,74.457,74.546,74.211,,-0.27%
2021-11-16,74.457,74.438,74.535,74.284,,0.07%
2021-11-15,74.405,74.373,74.495,74.315,,0.08%
2021-11-12,74.347,74.342,74.545,74.287,,0.05%
2021-11-11,74.313,74.41,74.593,74.274,,-0.14%
2021-11-10,74.415,74.175,74.429,74.064,,0.32%
2021-11-09,74.175,73.925,74.175,73.834,,0.34%
2021-11-08,73.921,74.221,74.283,73.876,,-0.36%
2021-11-05,74.191,74.548,74.57,74.164,,-0.48%
2021-11-04,74.548,74.45,74.568,74.229,,0.13%
2021-11-03,74.452,74.7,74.745,74.394,,-0.33%
2021-11-02,74.695,74.837,74.91,74.57,,-0.19%
2021-11-01,74.837,74.96,75.045,74.794,,-0.13%
2021-10-29,74.935,74.788,75.034,74.74,,0.20%
2021-10-28,74.788,75.069,75.144,74.75,,-0.37%
2021-10-27,75.069,74.942,75.11,74.884,,0.17%
2021-10-26,74.942,75.022,75.174,74.862,,-0.11%
2021-10-25,75.022,74.96,75.187,74.887,,0.03%
2021-10-22,74.999,74.884,75.009,74.672,,0.15%
2021-10-21,74.889,74.825,74.929,74.689,,0.11%
2021-10-20,74.81,75.085,75.193,74.749,,-0.41%
2021-10-19,75.12,75.24,75.275,74.877,,-0.12%
2021-10-18,75.21,75.034,75.394,75.034,,0.24%
2021-10-15,75.03,74.99,75.074,74.881,,0.05%
2021-10-14,74.995,75.266,75.369,74.97,,-0.41%
2021-10-13,75.306,75.503,75.523,75.179,,-0.24%
2021-10-12,75.488,75.441,75.683,75.161,,0.11%
2021-10-11,75.403,75.125,75.544,75.053,,0.36%
2021-10-08,75.131,74.851,75.183,74.824,,0.41%
2021-10-07,74.825,74.768,74.935,74.699,,0.06%
2021-10-06,74.778,74.532,75.057,74.52,,0.29%
2021-10-05,74.565,74.572,74.673,74.409,,-0.03%
2021-10-04,74.588,74.145,74.598,74.12,,0.59%
2021-10-01,74.15,74.185,74.375,74.081,,-0.03%
2021-09-30,74.17,74.325,74.369,74.122,,-0.17%
2021-09-29,74.298,74.157,74.343,74.079,,0.13%
2021-09-28,74.2,73.8,74.254,73.729,,0.51%
2021-09-27,73.825,73.69,73.886,73.61,,0.01%
2021-09-24,73.821,73.844,73.877,73.615,,0.01%
2021-09-23,73.81,73.875,73.914,73.595,,-0.02%
2021-09-22,73.825,73.757,73.935,73.655,,0.11%
2021-09-21,73.745,73.65,73.765,73.556,,0.12%
2021-09-20,73.653,73.847,73.858,73.615,,0.01%
2021-09-17,73.645,73.542,73.661,73.413,,0.10%
2021-09-16,73.575,73.45,73.619,73.335,,0.18%
2021-09-15,73.445,73.648,73.74,73.421,,-0.27%
2021-09-14,73.647,73.536,73.731,73.527,,0.11%
2021-09-13,73.565,73.565,73.791,73.555,,0.06%
2021-09-10,73.524,73.557,73.578,73.382,,-0.03%
2021-09-09,73.546,73.733,73.873,73.485,,-0.34%
2021-09-08,73.796,73.396,73.867,73.389,,0.48%
2021-09-07,73.442,73.1,73.497,73.06,,0.50%
2021-09-06,73.078,73.02,73.128,72.987,,0.11%
2021-09-03,72.997,73.025,73.155,72.934,,-0.01%
2021-09-02,73.006,72.987,73.125,72.94,,0.01%
2021-09-01,72.996,72.992,73.16,72.914,,0.06%
2021-08-31,72.951,73.421,73.421,72.907,,-0.47%
2021-08-30,73.299,73.451,73.563,73.188,,-0.24%
2021-08-27,73.475,74.151,74.207,73.456,,-0.92%
2021-08-26,74.155,74.1,74.275,74.094,,0.05%
2021-08-25,74.12,74.145,74.305,74.12,,-0.02%
2021-08-24,74.137,74.107,74.232,74.087,,0.00%
2021-08-23,74.135,74.274,74.309,74.084,,-0.29%
2021-08-20,74.352,74.385,74.481,74.325,,-0.04%
2021-08-19,74.38,74.285,74.458,74.262,,0.12%
2021-08-18,74.29,74.338,74.355,74.227,,-0.11%
2021-08-17,74.375,74.145,74.394,74.133,,0.28%
2021-08-16,74.17,74.224,74.297,74.117,,-0.10%
2021-08-13,74.242,74.266,74.327,74.24,,-0.10%
2021-08-12,74.315,74.1,74.339,74.1,,0.07%
2021-08-11,74.263,74.425,74.495,74.202,,-0.23%
2021-08-10,74.435,74.453,74.507,74.334,,-0.07%
2021-08-09,74.488,74.262,74.502,74.197,,0.33%
2021-08-06,74.242,74.082,74.248,74.045,,0.19%
2021-08-05,74.101,74.175,74.29,74.086,,-0.10%
2021-08-04,74.176,74.218,74.262,74.081,,-0.10%
2021-08-03,74.252,74.334,74.383,74.203,,-0.14%
2021-08-02,74.356,74.368,74.434,74.316,,0.02%
2021-07-30,74.344,74.252,74.45,74.245,,0.13%
2021-07-29,74.248,74.382,74.431,74.218,,-0.34%
2021-07-28,74.5,74.546,74.55,74.309,,-0.01%
2021-07-27,74.504,74.275,74.545,74.275,,0.22%
2021-07-26,74.34,74.462,74.537,74.331,,-0.12%
2021-07-23,74.427,74.467,74.578,74.375,,-0.04%
2021-07-22,74.455,74.438,74.53,74.304,,-0.05%
2021-07-21,74.495,74.527,74.64,74.493,,-0.05%
2021-07-20,74.535,74.968,74.982,74.535,,-0.43%
2021-07-19,74.858,74.702,75.031,74.692,,0.33%
2021-07-16,74.61,74.55,74.668,74.499,,0.08%
2021-07-15,74.55,74.454,74.575,74.434,,0.11%
2021-07-14,74.47,74.672,74.675,74.459,,-0.17%
2021-07-13,74.6,74.537,74.681,74.398,,0.07%
2021-07-12,74.545,74.552,74.673,74.402,,0.08%
2021-07-09,74.487,74.772,74.787,74.47,,-0.34%
2021-07-08,74.74,74.76,74.87,74.652,,-0.08%
2021-07-07,74.8,74.771,74.816,74.568,,0.28%
2021-07-06,74.591,74.328,74.625,74.236,,0.37%
2021-07-05,74.318,74.553,74.57,74.262,,-0.27%
2021-07-02,74.518,74.561,74.885,74.504,,-0.06%
2021-07-01,74.565,74.374,74.64,74.333,,0.27%
2021-06-30,74.365,74.215,74.471,74.205,,0.09%
2021-06-29,74.3,74.292,74.348,74.2,,0.03%
2021-06-28,74.275,74.183,74.317,74.161,,0.07%
2021-06-25,74.22,74.188,74.256,74.114,,0.04%
2021-06-24,74.19,74.223,74.274,74.111,,0.05%
2021-06-23,74.15,74.345,74.398,74.054,,-0.26%
2021-06-22,74.34,74.112,74.415,74.043,,0.27%
2021-06-21,74.14,74.094,74.338,74.054,,0.03%
2021-06-18,74.12,74.19,74.283,73.805,,-0.09%
2021-06-17,74.187,73.596,74.248,73.565,,1.24%
2021-06-16,73.275,73.356,73.394,73.26,,-0.12%
2021-06-15,73.36,73.227,73.378,73.151,,0.24%
2021-06-14,73.185,73.282,73.307,73.099,,-0.08%
2021-06-11,73.245,73.028,73.265,72.889,,0.23%
2021-06-10,73.08,72.965,73.135,72.932,,0.13%
2021-06-09,72.985,72.945,73.02,72.881,,0.04%
2021-06-08,72.955,72.796,72.977,72.763,,0.20%
2021-06-07,72.812,72.92,72.939,72.741,,-0.08%
2021-06-04,72.87,73.032,73.133,72.819,,-0.24%
2021-06-03,73.045,73.038,73.185,72.833,,0.12%
2021-06-02,72.96,72.86,73.325,72.855,,0.13%
2021-06-01,72.865,72.508,72.963,72.483,,0.48%
2021-05-31,72.518,72.395,72.656,72.344,,0.15%
2021-05-28,72.41,72.69,72.69,72.315,,-0.41%
2021-05-27,72.71,72.704,72.796,72.501,,-0.02%
2021-05-26,72.725,72.805,72.805,72.627,,-0.10%
2021-05-25,72.795,72.867,72.886,72.745,,-0.05%
2021-05-24,72.835,72.885,72.981,72.822,,0.01%
2021-05-21,72.827,73.022,73.09,72.756,,-0.26%
2021-05-20,73.015,73.181,73.238,73.015,,-0.28%
2021-05-19,73.22,73.139,73.257,72.931,,0.23%
2021-05-18,73.055,73.219,73.271,72.956,,-0.38%
2021-05-17,73.335,73.305,73.335,73.15,,0.05%
2021-05-14,73.3,73.465,73.492,73.188,,-0.24%
2021-05-13,73.48,73.629,73.654,73.475,,-0.08%
2021-05-12,73.539,73.38,73.544,73.368,,0.22%
2021-05-11,73.375,73.5,73.546,73.281,,-0.12%
2021-05-10,73.46,73.302,73.49,73.273,,0.28%
2021-05-07,73.254,73.619,73.758,73.251,,-0.48%
2021-05-06,73.605,73.812,74.011,73.595,,-0.28%
2021-05-05,73.81,73.788,74.048,73.752,,0.05%
2021-05-04,73.77,73.868,73.977,73.765,,-0.07%
2021-05-03,73.82,74.279,74.333,73.82,,-0.32%
2021-04-30,74.055,74.155,74.222,73.945,,-0.06%
2021-04-29,74.1,74.22,74.292,73.953,,-0.53%
2021-04-28,74.493,74.625,74.63,74.288,,-0.13%
2021-04-27,74.59,74.79,74.839,74.505,,-0.22%
2021-04-26,74.757,74.75,74.917,74.669,,-0.23%
2021-04-23,74.93,75.123,75.126,74.755,,-0.25%
2021-04-22,75.12,75.427,75.435,74.845,,-0.42%
2021-04-21,75.439,75.356,75.57,75.301,,0.06%
2021-04-20,75.395,74.687,75.461,74.507,,0.71%
2021-04-19,74.86,74.575,75.055,74.567,,0.43%
2021-04-16,74.54,74.707,74.854,74.288,,-0.25%
2021-04-15,74.73,75.054,75.35,74.73,,-0.44%
2021-04-14,75.06,75.177,75.251,75.055,,-0.28%
2021-04-13,75.27,75.029,75.546,74.965,,0.37%
2021-04-12,74.99,74.986,75.2,74.733,,0.34%
2021-04-09,74.735,74.582,74.981,74.53,,0.21%
2021-04-08,74.577,74.46,74.923,74.184,,0.28%
2021-04-07,74.368,73.44,74.588,73.432,,1.19%
2021-04-06,73.491,73.26,73.502,73.207,,0.23%
2021-04-05,73.319,73.34,73.463,73.276,,-0.09%
2021-04-02,73.385,73.301,73.4,73.255,,0.07%
2021-04-01,73.332,73.169,73.453,73.155,,0.25%
2021-03-31,73.149,73.418,73.618,73.051,,-0.40%
2021-03-30,73.445,72.742,73.631,72.727,,0.95%
2021-03-29,72.755,72.526,72.768,72.481,,0.19%
2021-03-26,72.615,72.635,72.663,72.363,,-0.07%
2021-03-25,72.665,72.605,72.725,72.558,,0.10%
2021-03-24,72.595,72.57,72.726,72.503,,0.06%
2021-03-23,72.555,72.395,72.555,72.268,,0.24%
2021-03-22,72.38,72.469,72.528,72.306,,-0.05%
2021-03-19,72.413,72.673,72.732,72.413,,-0.39%
2021-03-18,72.7,72.362,72.724,72.32,,0.18%
2021-03-17,72.57,72.537,72.637,72.501,,0.08%
2021-03-16,72.515,72.525,72.643,72.365,,-0.03%
2021-03-15,72.535,72.685,72.786,72.381,,-0.21%
2021-03-12,72.69,72.683,72.871,72.625,,-0.01%
2021-03-11,72.7,72.749,72.801,72.583,,-0.04%
2021-03-10,72.73,72.803,73.107,72.729,,-0.06%
2021-03-09,72.776,73.321,73.386,72.776,,-0.80%
2021-03-08,73.36,73.21,73.417,72.928,,0.23%
2021-03-05,73.19,73.063,73.218,72.74,,0.62%
2021-03-04,72.739,72.882,73.109,72.598,,-0.28%
2021-03-03,72.94,73.26,73.292,72.688,,-0.44%
2021-03-02,73.26,73.38,73.532,73.26,,-0.20%
2021-03-01,73.405,73.585,73.783,73.167,,-0.72%
2021-02-26,73.937,72.975,74.06,72.946,,1.64%
2021-02-25,72.745,72.412,72.776,72.282,,0.49%
2021-02-24,72.39,72.382,72.471,72.263,,0.01%
2021-02-23,72.382,72.465,72.564,72.308,,-0.09%
2021-02-22,72.45,72.575,72.601,72.285,,-0.15%
2021-02-19,72.56,72.585,72.732,72.418,,-0.03%
2021-02-18,72.585,72.837,72.837,72.538,,-0.34%
2021-02-17,72.835,72.915,72.97,72.725,,-0.05%
2021-02-16,72.87,72.62,72.917,72.601,,0.34%
2021-02-15,72.624,72.613,72.7,72.513,,0.04%
2021-02-12,72.595,72.706,72.83,72.56,,-0.16%
2021-02-11,72.71,72.816,72.895,72.665,,-0.12%
2021-02-10,72.795,72.865,72.903,72.775,,-0.08%
2021-02-09,72.856,72.93,72.962,72.826,,-0.11%
2021-02-08,72.935,72.829,73.01,72.777,,0.16%
2021-02-05,72.815,72.986,73.042,72.775,,-0.19%
2021-02-04,72.955,72.823,73.003,72.823,,0.19%
2021-02-03,72.815,72.95,73.018,72.81,,-0.14%
2021-02-02,72.917,73.03,73.104,72.897,,-0.28%
2021-02-01,73.12,72.918,73.195,72.809,,0.29%
2021-01-29,72.907,72.93,73.038,72.814,,-0.05%
2021-01-28,72.944,73.022,73.186,72.893,,-0.17%
2021-01-27,73.07,72.92,73.101,72.785,,0.21%
2021-01-26,72.915,72.958,73.143,72.854,,-0.08%
2021-01-25,72.97,72.977,73.026,72.878,,-0.02%
2021-01-22,72.985,72.965,73.111,72.92,,0.02%
2021-01-21,72.97,72.916,73.061,72.894,,0.08%
2021-01-20,72.915,73.192,73.206,72.896,,-0.38%
2021-01-19,73.192,73.178,73.311,73.113,,0.01%
2021-01-18,73.188,73.15,73.333,73.137,,0.08%
2021-01-15,73.13,73.089,73.211,72.99,,0.07%
2021-01-14,73.08,73.135,73.239,72.923,,-0.12%
2021-01-13,73.17,73.19,73.238,73.061,,-0.08%
2021-01-12,73.225,73.494,73.494,73.2,,-0.34%
2021-01-11,73.474,73.45,73.6,73.358,,0.18%
2021-01-08,73.34,73.455,73.509,73.201,,-0.12%
2021-01-07,73.43,73.161,73.483,73.063,,0.40%
2021-01-06,73.136,73.168,73.229,73.046,,0.01%
2021-01-05,73.13,73.08,73.291,72.98,,0.07%
2021-01-04,73.08,73.107,73.134,72.83,,-0.06%
2021-01-01,73.125,73.1,73.128,73.023,,0.10%
2020-12-31,73.054,73.195,73.243,72.952,,-0.12%
2020-12-30,73.144,73.37,73.398,73.136,,-0.36%
2020-12-29,73.405,73.545,73.545,73.313,,-0.19%
2020-12-28,73.548,73.558,73.613,73.458,,-0.01%
2020-12-25,73.558,73.558,73.558,73.558,,0.00%
2020-12-24,73.555,73.8,73.84,73.506,,-0.30%
2020-12-23,73.78,73.905,73.905,73.654,,-0.10%
2020-12-22,73.854,73.94,73.95,73.802,,-0.24%
2020-12-21,74.028,73.575,74.105,73.575,,0.62%
2020-12-18,73.575,73.53,73.588,73.475,,0.07%
2020-12-17,73.525,73.6,73.635,73.372,,-0.16%
2020-12-16,73.64,73.532,73.66,73.459,,0.11%
2020-12-15,73.558,73.675,73.685,73.542,,-0.11%
2020-12-14,73.64,73.738,73.738,73.45,,-0.13%
2020-12-11,73.738,73.73,73.817,73.535,,-0.01%
2020-12-10,73.745,73.73,73.782,73.625,,0.02%
2020-12-09,73.73,73.712,73.73,73.515,,0.01%
2020-12-08,73.725,73.81,73.846,73.512,,-0.07%
2020-12-07,73.779,73.805,73.976,73.69,,0.00%
2020-12-04,73.776,73.865,73.865,73.647,,-0.13%
2020-12-03,73.87,73.695,73.988,73.67,,0.14%
2020-12-02,73.77,73.5,73.836,73.402,,0.37%
2020-12-01,73.5,74.025,74.025,73.445,,-0.68%
2020-11-30,74.0,73.935,74.025,73.874,,0.09%
2020-11-27,73.935,73.837,74.116,73.742,,0.13%
2020-11-26,73.837,73.792,73.914,73.72,,0.07%
2020-11-25,73.789,73.97,74.017,73.743,,-0.39%
2020-11-24,74.08,74.244,74.244,73.869,,-0.24%
2020-11-23,74.26,74.12,74.277,74.005,,0.19%
2020-11-20,74.12,74.165,74.211,74.056,,0.01%
2020-11-19,74.11,74.313,74.349,74.103,,-0.01%
2020-11-18,74.12,74.475,74.53,74.058,,-0.48%
2020-11-17,74.48,74.345,74.635,74.345,,0.13%
2020-11-16,74.38,74.59,74.59,74.38,,-0.27%
2020-11-13,74.582,74.663,74.725,74.464,,-0.14%
2020-11-12,74.685,74.438,74.761,74.365,,0.30%
2020-11-11,74.462,74.17,74.522,74.17,,0.23%
2020-11-10,74.29,73.955,74.478,73.947,,0.34%
2020-11-09,74.035,73.976,74.175,73.637,,0.08%
2020-11-06,73.976,74.03,74.287,73.86,,0.07%
2020-11-05,73.925,74.318,74.41,73.914,,-0.60%
2020-11-04,74.368,74.598,75.015,74.337,,-0.34%
2020-11-03,74.625,74.422,74.635,74.247,,0.15%
2020-11-02,74.51,74.567,74.567,74.265,,-0.08%
2020-10-30,74.567,74.32,74.712,74.24,,0.25%
2020-10-29,74.38,74.23,74.533,73.938,,0.26%
2020-10-28,74.19,73.73,74.271,73.647,,0.77%
2020-10-27,73.624,73.938,74.021,73.599,,-0.47%
2020-10-26,73.97,73.842,74.114,73.692,,0.17%
2020-10-23,73.842,73.645,73.887,73.471,,0.23%
2020-10-22,73.67,73.68,73.808,73.519,,0.10%
2020-10-21,73.6,73.44,73.763,73.357,,0.20%
2020-10-20,73.45,73.343,73.558,73.295,,0.12%
2020-10-19,73.36,73.444,73.444,73.289,,-0.11%
2020-10-16,73.444,73.407,73.451,73.255,,0.01%
2020-10-15,73.435,73.295,73.52,73.205,,0.25%
2020-10-14,73.255,73.395,73.466,73.193,,-0.21%
2020-10-13,73.41,73.351,73.475,73.245,,0.06%
2020-10-12,73.364,73.015,73.428,73.015,,0.47%
2020-10-09,73.02,73.15,73.265,72.97,,-0.38%
2020-10-08,73.3,73.33,73.381,73.185,,-0.05%
2020-10-07,73.335,73.55,73.613,73.254,,-0.14%
2020-10-06,73.441,73.093,73.518,73.093,,0.44%
2020-10-05,73.117,73.295,73.482,73.07,,-0.24%
2020-10-02,73.295,73.239,73.45,73.239,,0.11%
2020-10-01,73.218,73.595,73.61,73.021,,-0.48%
2020-09-30,73.57,73.818,73.865,73.523,,-0.26%
2020-09-29,73.76,73.785,73.918,73.716,,-0.01%
2020-09-28,73.765,73.685,73.862,73.527,,0.11%
2020-09-25,73.685,73.735,73.788,73.566,,-0.30%
2020-09-24,73.91,73.835,74.055,73.765,,0.45%
2020-09-23,73.58,73.503,73.635,73.43,,0.08%
2020-09-22,73.52,73.575,73.645,73.385,,-0.08%
2020-09-21,73.58,73.535,73.649,73.26,,0.05%
2020-09-18,73.54,73.475,73.613,73.143,,-0.10%
2020-09-17,73.61,73.715,73.784,73.582,,0.09%
2020-09-16,73.545,73.595,73.779,73.465,,-0.09%
2020-09-15,73.61,73.395,73.735,73.312,,0.31%
2020-09-14,73.385,73.48,73.605,73.265,,-0.07%
2020-09-11,73.44,73.535,73.628,73.405,,0.00%
2020-09-10,73.44,73.462,73.508,73.155,,0.18%
2020-09-09,73.31,73.787,73.833,73.31,,-0.60%
2020-09-08,73.75,73.63,73.974,73.385,,0.41%
2020-09-07,73.447,73.291,73.508,73.028,,0.21%
2020-09-04,73.291,73.48,73.505,73.006,,-0.14%
2020-09-03,73.391,73.225,73.57,73.152,,0.17%
2020-09-02,73.27,73.143,73.32,72.893,,0.36%
2020-09-01,73.004,73.215,73.225,72.753,,-0.35%
2020-08-31,73.257,73.115,73.702,73.05,,0.19%
2020-08-28,73.116,73.828,73.878,73.116,,-1.07%
2020-08-27,73.904,74.29,74.37,73.782,,-0.43%
2020-08-26,74.222,74.225,74.459,74.193,,0.00%
2020-08-25,74.223,74.1,74.517,74.07,,0.07%
2020-08-24,74.17,74.922,74.922,73.962,,-1.00%
2020-08-21,74.922,74.98,75.005,74.82,,-0.12%
2020-08-20,75.014,74.973,75.131,74.935,,0.22%
2020-08-19,74.848,74.655,74.935,74.628,,0.37%
2020-08-18,74.575,74.74,74.887,74.575,,-0.23%
2020-08-17,74.744,74.903,74.921,74.715,,-0.21%
2020-08-14,74.903,74.89,74.977,74.734,,0.12%
2020-08-13,74.813,74.775,74.933,74.769,,0.02%
2020-08-12,74.795,74.615,74.935,74.615,,0.23%
2020-08-11,74.62,74.855,74.887,74.523,,-0.34%
2020-08-10,74.875,75.025,75.025,74.858,,-0.20%
2020-08-07,75.025,75.072,75.112,74.891,,0.17%
2020-08-06,74.9,74.875,75.017,74.778,,0.14%
2020-08-05,74.798,74.983,75.03,74.763,,-0.35%
2020-08-04,75.062,75.165,75.214,74.962,,-0.16%
2020-08-03,75.185,74.918,75.314,74.863,,0.36%
2020-07-31,74.918,74.75,74.939,74.685,,0.05%
2020-07-30,74.877,74.83,74.967,74.795,,-0.09%
2020-07-29,74.948,74.87,74.949,74.677,,0.05%
2020-07-28,74.909,74.785,74.943,74.708,,0.15%
2020-07-27,74.8,74.76,74.903,74.665,,0.05%
2020-07-24,74.76,74.908,74.985,74.697,,-0.07%
2020-07-23,74.815,74.625,74.961,74.6,,0.27%
2020-07-22,74.61,74.543,74.872,74.509,,0.09%
2020-07-21,74.54,74.725,74.875,74.516,,-0.28%
2020-07-20,74.75,74.898,75.033,74.735,,-0.20%
2020-07-17,74.898,75.2,75.255,74.898,,-0.38%
2020-07-16,75.18,75.115,75.295,75.107,,0.07%
2020-07-15,75.125,75.325,75.38,75.05,,-0.37%
2020-07-14,75.407,75.275,75.535,75.268,,0.26%
2020-07-13,75.212,75.195,75.237,75.083,,0.02%
2020-07-10,75.195,75.165,75.34,75.141,,0.05%
2020-07-09,75.155,74.935,75.166,74.902,,0.28%
2020-07-08,74.945,74.835,75.084,74.825,,0.18%
2020-07-07,74.81,74.65,74.984,74.645,,0.23%
2020-07-06,74.635,74.636,74.828,74.488,,0.00%
2020-07-03,74.636,74.725,75.03,74.583,,-0.15%
2020-07-02,74.75,75.465,75.534,74.637,,-0.98%
2020-07-01,75.49,75.525,75.625,75.47,,-0.07%
2020-06-30,75.545,75.52,75.633,75.422,,0.05%
2020-06-29,75.51,75.62,75.67,75.457,,-0.15%
2020-06-26,75.62,75.58,75.679,75.43,,0.04%
2020-06-25,75.587,75.717,75.788,75.518,,-0.10%
2020-06-24,75.665,75.473,75.769,75.473,,0.21%
2020-06-23,75.503,75.782,75.913,75.452,,-0.38%
2020-06-22,75.79,76.26,76.295,75.73,,-0.62%
2020-06-19,76.26,76.341,76.365,76.095,,-0.18%
2020-06-18,76.4,76.255,76.4,76.048,,0.14%
2020-06-17,76.29,76.26,76.367,76.091,,0.05%
2020-06-16,76.25,75.857,76.313,75.773,,0.36%
2020-06-15,75.979,76.05,76.167,75.913,,-0.09%
2020-06-12,76.05,75.975,76.24,75.756,,0.10%
2020-06-11,75.971,75.68,75.971,75.58,,0.44%
2020-06-10,75.635,75.511,75.676,75.398,,0.17%
2020-06-09,75.505,75.445,75.706,75.41,,0.14%
2020-06-08,75.4,75.56,75.673,75.391,,-0.21%
2020-06-05,75.56,75.44,75.727,75.325,,0.13%
2020-06-04,75.459,75.355,75.645,75.337,,0.18%
2020-06-03,75.325,75.05,75.553,75.009,,0.30%
2020-06-02,75.1,75.545,75.62,74.973,,-0.54%
2020-06-01,75.505,75.47,75.776,75.272,,-0.13%
2020-05-29,75.605,75.7,75.742,75.44,,-0.07%
2020-05-28,75.66,75.804,75.905,75.634,,-0.34%
2020-05-27,75.92,75.547,75.971,75.52,,0.61%
2020-05-26,75.459,75.843,75.855,75.407,,-0.56%
2020-05-25,75.887,75.95,76.11,75.855,,-0.08%
2020-05-22,75.95,75.655,76.023,75.625,,0.44%
2020-05-21,75.62,75.545,75.827,75.398,,0.09%
2020-05-20,75.555,75.71,75.87,75.468,,-0.12%
2020-05-19,75.645,75.61,75.808,75.55,,-0.07%
2020-05-18,75.7,75.83,76.062,75.632,,-0.17%
2020-05-15,75.83,75.51,75.941,75.405,,0.44%
2020-05-14,75.495,75.441,75.699,75.341,,0.17%
2020-05-13,75.365,75.275,75.508,75.048,,0.40%
2020-05-12,75.062,75.945,75.967,75.049,,-1.09%
2020-05-11,75.889,75.535,75.925,75.45,,0.47%
2020-05-08,75.535,75.588,75.645,75.263,,-0.34%
2020-05-07,75.794,76.1,76.145,75.773,,-0.41%
2020-05-06,76.105,75.805,76.108,75.63,,0.52%
2020-05-05,75.71,75.64,75.868,75.471,,0.09%
2020-05-04,75.64,75.75,75.815,75.574,,-0.15%
2020-05-01,75.75,75.319,75.805,75.293,,0.89%
2020-04-30,75.08,75.404,75.429,74.909,,-0.50%
2020-04-29,75.455,76.07,76.109,75.455,,-0.80%
2020-04-28,76.065,76.124,76.449,75.814,,-0.22%
2020-04-27,76.229,76.27,76.352,76.019,,-0.05%
2020-04-24,76.27,75.962,76.482,75.817,,0.49%
2020-04-23,75.895,76.465,76.465,75.824,,-0.67%
2020-04-22,76.41,76.93,77.01,76.41,,-0.73%
2020-04-21,76.975,76.59,77.004,76.583,,0.52%
2020-04-20,76.575,76.55,76.68,76.301,,0.03%
2020-04-17,76.55,76.821,76.821,76.242,,-0.33%
2020-04-16,76.805,76.625,76.915,76.55,,0.31%
2020-04-15,76.564,76.036,76.654,75.934,,0.72%
2020-04-14,76.015,76.318,76.378,76.015,,-0.31%
2020-04-13,76.249,75.879,76.458,75.879,,0.49%
2020-04-10,75.879,75.895,75.935,75.845,,-0.55%
2020-04-09,76.3,76.1,76.555,76.016,,0.47%
2020-04-08,75.945,75.625,76.41,75.625,,0.40%
2020-04-07,75.645,75.965,75.993,75.521,,-0.43%
2020-04-06,75.975,76.24,76.256,75.89,,-0.35%
2020-04-03,76.241,75.965,76.315,75.783,,-0.21%
2020-04-02,76.4,76.387,76.431,76.345,,-0.01%
2020-04-01,76.404,75.32,76.422,75.32,,1.41%
2020-03-31,75.343,75.535,75.68,75.28,,-0.09%
2020-03-30,75.41,75.145,75.675,75.096,,-0.08%
2020-03-27,75.472,74.625,75.533,74.365,,0.78%
2020-03-26,74.89,75.885,75.965,74.89,,-1.94%
2020-03-25,76.375,76.375,76.375,76.375,,-0.01%
2020-03-24,76.379,76.09,76.386,75.946,,0.06%
2020-03-23,76.335,75.37,76.335,75.37,,1.24%
2020-03-20,75.399,74.825,75.399,74.71,,0.82%
2020-03-19,74.786,74.875,75.312,74.667,,0.32%
2020-03-18,74.55,73.995,74.55,73.924,,0.66%
2020-03-17,74.063,74.085,74.318,73.858,,0.08%
2020-03-16,74.003,74.025,74.358,73.999,,0.22%
2020-03-13,73.84,74.57,74.57,73.734,,-0.99%
2020-03-12,74.576,74.15,74.578,74.072,,1.21%
2020-03-11,73.682,73.81,74.017,73.545,,-0.63%
2020-03-10,74.15,74.248,74.248,74.15,,-0.06%
2020-03-09,74.196,73.975,74.255,73.854,,0.26%
2020-03-06,74.004,73.895,74.075,73.53,,0.68%
2020-03-05,73.506,73.525,73.565,73.045,,-0.05%
2020-03-04,73.54,73.075,73.635,72.903,,0.67%
2020-03-03,73.05,72.48,73.38,72.425,,0.23%
2020-03-02,72.882,72.528,72.953,72.027,,0.47%
2020-02-28,72.539,71.765,72.574,71.765,,1.23%
2020-02-27,71.655,71.665,71.702,71.544,,0.10%
2020-02-26,71.58,71.84,71.88,71.53,,-0.33%
2020-02-25,71.82,71.88,71.913,71.603,,-0.16%
2020-02-24,71.935,71.925,72.005,71.765,,0.08%
2020-02-21,71.88,71.66,72.049,71.66,,0.28%
2020-02-20,71.68,71.735,71.825,71.525,,0.11%
2020-02-19,71.6,71.566,71.6,71.444,,0.02%
2020-02-18,71.585,71.425,71.601,71.365,,0.34%
2020-02-17,71.34,71.43,71.488,71.245,,-0.26%
2020-02-14,71.529,71.296,71.61,71.279,,0.28%
2020-02-13,71.33,71.355,71.502,71.246,,0.03%
2020-02-12,71.307,71.205,71.38,71.201,,0.03%
2020-02-11,71.285,71.24,71.329,71.182,,-0.01%
2020-02-10,71.29,71.395,71.457,71.278,,-0.31%
2020-02-07,71.515,71.263,71.532,71.2,,0.41%
2020-02-06,71.225,71.2,71.3,71.11,,0.05%
2020-02-05,71.19,71.11,71.295,71.11,,0.11%
2020-02-04,71.115,71.225,71.299,71.088,,-0.29%
2020-02-03,71.324,71.525,71.66,71.268,,-0.32%
2020-01-31,71.555,71.57,71.58,71.281,,0.01%
2020-01-30,71.55,71.415,71.652,71.385,,0.34%
2020-01-29,71.31,71.24,71.413,71.158,,0.15%
2020-01-28,71.2,71.446,71.446,71.2,,-0.35%
2020-01-27,71.45,71.475,71.521,71.367,,0.17%
2020-01-24,71.33,71.335,71.366,71.215,,-0.10%
2020-01-23,71.4,71.205,71.458,71.16,,0.45%
2020-01-22,71.08,71.175,71.262,71.069,,-0.13%
2020-01-21,71.17,71.188,71.25,71.113,,0.18%
2020-01-20,71.04,71.08,71.155,71.011,,-0.05%
2020-01-17,71.079,70.975,71.116,70.935,,0.14%
2020-01-16,70.978,70.768,70.998,70.755,,0.36%
2020-01-15,70.72,70.995,71.017,70.678,,-0.18%
2020-01-14,70.85,70.73,70.968,70.715,,0.20%
2020-01-13,70.71,70.798,70.942,70.71,,-0.35%
2020-01-10,70.96,71.255,71.265,70.847,,-0.35%
2020-01-09,71.21,71.525,71.542,71.139,,-0.42%
2020-01-08,71.51,71.96,72.115,71.465,,-0.47%
2020-01-07,71.845,71.765,71.921,71.668,,-0.03%
2020-01-06,71.867,72.029,72.125,71.84,,0.14%
2020-01-03,71.77,71.613,71.847,71.515,,0.59%
2020-01-02,71.35,71.243,71.401,71.238,,0.17%
2020-01-01,71.227,71.365,71.378,71.225,,-0.18%
2019-12-31,71.355,71.295,71.385,71.225,,0.05%
2019-12-30,71.32,71.34,71.427,71.29,,-0.19%
2019-12-27,71.455,71.315,71.505,71.175,,0.22%
2019-12-26,71.3,71.27,71.348,71.225,,0.03%
2019-12-25,71.28,71.28,71.28,71.28,,0.00%
2019-12-24,71.28,71.225,71.322,71.147,,0.08%
2019-12-23,71.22,71.122,71.31,71.11,,0.23%
2019-12-20,71.06,71.135,71.257,71.038,,-0.17%
2019-12-19,71.18,71.002,71.211,70.875,,0.25%
2019-12-18,71.0,71.025,71.124,70.917,,-0.05%
2019-12-17,71.035,70.955,71.073,70.833,,0.17%
2019-12-16,70.915,70.755,71.048,70.755,,0.17%
2019-12-13,70.798,70.57,70.885,70.51,,0.32%
2019-12-12,70.57,70.68,70.903,70.536,,-0.20%
2019-12-11,70.71,70.832,70.948,70.71,,-0.14%
2019-12-10,70.81,70.953,71.038,70.8,,-0.23%
2019-12-09,70.97,71.295,71.295,70.97,,-0.44%
2019-12-06,71.283,71.24,71.433,71.175,,0.04%
2019-12-05,71.252,71.49,71.658,71.173,,-0.31%
2019-12-04,71.474,71.805,71.825,71.456,,-0.37%
2019-12-03,71.74,71.635,71.809,71.524,,0.15%
2019-12-02,71.634,71.785,71.815,71.589,,-0.16%
2019-11-29,71.749,71.615,71.873,71.61,,0.34%
2019-11-28,71.505,71.245,71.665,71.24,,0.34%
2019-11-27,71.26,71.445,71.488,71.225,,-0.31%
2019-11-26,71.48,71.675,71.685,71.475,,-0.29%
2019-11-25,71.689,71.705,71.76,71.608,,-0.14%
2019-11-22,71.792,71.755,71.875,71.658,,0.06%
2019-11-21,71.75,71.803,71.898,71.709,,0.01%
2019-11-20,71.746,71.835,71.917,71.645,,-0.12%
2019-11-19,71.83,71.915,72.012,71.614,,-0.16%
2019-11-18,71.945,71.678,71.945,71.565,,0.41%
2019-11-15,71.65,71.795,71.874,71.587,,-0.44%
2019-11-14,71.966,72.075,72.245,71.855,,-0.26%
2019-11-13,72.15,71.755,72.15,71.651,,0.50%
2019-11-12,71.79,71.58,71.79,71.536,,0.31%
2019-11-11,71.57,71.37,71.61,71.295,,0.29%
2019-11-08,71.36,71.295,71.362,71.159,,0.44%
2019-11-07,71.047,71.033,71.123,70.885,,0.05%
2019-11-06,71.01,70.761,71.028,70.761,,0.33%
2019-11-05,70.775,70.802,70.86,70.622,,-0.02%
2019-11-04,70.789,70.555,70.805,70.555,,0.04%
2019-11-01,70.76,70.975,70.993,70.76,,-0.31%
2019-10-31,70.98,70.78,71.066,70.726,,0.04%
2019-10-30,70.952,70.885,71.028,70.839,,0.09%
2019-10-29,70.89,70.745,70.915,70.685,,0.20%
2019-10-28,70.745,70.82,70.842,70.68,,-0.11%
2019-10-25,70.82,71.042,71.066,70.774,,-0.20%
2019-10-24,70.965,70.72,71.085,70.72,,0.34%
2019-10-23,70.725,71.005,71.039,70.725,,-0.12%
2019-10-22,70.81,70.92,71.01,70.81,,-0.16%
2019-10-21,70.925,71.075,71.075,70.774,,-0.23%
2019-10-18,71.09,71.195,71.315,71.036,,-0.06%
2019-10-17,71.13,71.364,71.473,71.088,,-0.33%
2019-10-16,71.364,71.57,71.725,71.348,,-0.19%
2019-10-15,71.5,71.244,71.596,71.215,,0.37%
2019-10-14,71.237,70.887,71.25,70.733,,0.44%
2019-10-11,70.924,70.808,71.085,70.794,,-0.09%
2019-10-10,70.99,70.955,71.165,70.955,,-0.18%
2019-10-09,71.12,71.185,71.23,70.943,,-0.14%
2019-10-08,71.22,70.989,71.233,70.928,,0.34%
2019-10-07,70.976,70.965,71.1,70.914,,0.21%
2019-10-04,70.825,70.818,71.044,70.765,,-0.29%
2019-10-03,71.03,71.225,71.375,70.858,,-0.17%
2019-10-02,71.15,71.111,71.375,71.102,,0.06%
2019-10-01,71.11,70.66,71.173,70.66,,0.66%
2019-09-30,70.645,70.425,70.885,70.356,,0.19%
2019-09-27,70.509,70.951,70.977,70.364,,-0.64%
2019-09-26,70.964,71.026,71.027,70.834,,-0.03%
2019-09-25,70.988,70.976,71.144,70.943,,0.02%
2019-09-24,70.971,70.802,71.053,70.723,,0.24%
2019-09-23,70.799,71.035,71.05,70.779,,-0.39%
2019-09-20,71.075,71.205,71.205,70.675,,-0.42%
2019-09-19,71.375,71.345,71.389,71.058,,0.32%
2019-09-18,71.145,71.505,71.52,71.145,,-0.48%
2019-09-17,71.49,71.825,71.982,71.366,,-0.13%
2019-09-16,71.58,71.68,71.68,71.403,,0.84%
2019-09-13,70.985,70.977,71.156,70.841,,0.03%
2019-09-12,70.967,71.57,71.578,70.917,,-0.85%
2019-09-11,71.577,71.865,71.875,71.514,,-0.41%
2019-09-10,71.875,71.778,72.014,71.742,,0.14%
2019-09-09,71.778,71.705,71.783,71.491,,0.19%
2019-09-06,71.645,71.922,71.958,71.595,,-0.39%
2019-09-05,71.928,71.986,72.011,71.789,,-0.08%
2019-09-04,71.989,72.2,72.308,71.942,,-0.25%
2019-09-03,72.17,71.975,72.409,71.958,,0.28%
2019-09-02,71.969,71.455,71.995,71.455,,0.72%
2019-08-30,71.453,71.775,71.818,71.364,,-0.33%
2019-08-29,71.69,71.927,72.1,71.623,,-0.19%
2019-08-28,71.829,71.545,71.875,71.463,,0.40%
2019-08-27,71.543,72.02,72.02,71.371,,-0.67%
2019-08-26,72.025,71.933,72.262,71.862,,0.72%
2019-08-23,71.513,71.941,72.045,71.505,,-0.58%
2019-08-22,71.93,71.6,71.998,71.595,,0.69%
2019-08-21,71.44,71.558,71.613,71.353,,-0.15%
2019-08-20,71.549,71.513,71.832,71.513,,0.14%
2019-08-19,71.451,71.225,71.506,71.054,,0.42%
2019-08-16,71.155,71.365,71.488,71.045,,-0.91%
2019-08-15,71.81,71.497,71.829,71.309,,0.75%
2019-08-14,71.275,70.995,71.369,70.845,,-0.20%
2019-08-13,71.419,71.135,71.494,71.024,,0.19%
2019-08-12,71.283,71.0,71.373,70.989,,0.50%
2019-08-09,70.925,70.444,70.925,70.436,,0.72%
2019-08-08,70.42,71.175,71.175,70.42,,-1.02%
2019-08-07,71.145,70.974,71.202,70.59,,0.15%
2019-08-06,71.04,70.825,71.04,70.47,,0.31%
2019-08-05,70.821,70.11,70.839,70.11,,1.61%
2019-08-02,69.7,69.235,69.709,69.205,,0.99%
2019-08-01,69.018,69.258,69.258,68.999,,0.21%
2019-07-31,68.875,68.855,68.947,68.756,,0.02%
2019-07-30,68.862,68.758,68.903,68.659,,0.16%
2019-07-29,68.755,68.908,68.965,68.713,,-0.18%
2019-07-26,68.88,69.161,69.161,68.816,,-0.23%
2019-07-25,69.042,68.991,69.07,68.889,,0.09%
2019-07-24,68.98,69.025,69.109,68.927,,-0.08%
2019-07-23,69.033,68.941,69.047,68.901,,0.15%
2019-07-22,68.93,68.953,69.068,68.885,,0.10%
2019-07-19,68.86,68.825,68.949,68.721,,0.01%
2019-07-18,68.855,68.792,69.005,68.717,,0.01%
2019-07-17,68.846,68.691,68.894,68.627,,0.29%
2019-07-16,68.65,68.54,68.764,68.516,,0.15%
2019-07-15,68.545,68.533,68.615,68.484,,-0.02%
2019-07-12,68.56,68.451,68.69,68.424,,0.22%
2019-07-11,68.41,68.419,68.488,68.282,,-0.01%
2019-07-10,68.419,68.62,68.678,68.311,,-0.21%
2019-07-09,68.565,68.66,68.845,68.511,,0.00%
2019-07-08,68.566,68.577,68.759,68.495,,0.17%
2019-07-05,68.45,68.539,68.778,68.383,,-0.11%
2019-07-04,68.527,68.817,68.895,68.477,,-0.40%
2019-07-03,68.8,68.882,68.958,68.792,,-0.13%
2019-07-02,68.89,68.917,69.068,68.869,,0.01%
2019-07-01,68.885,68.962,69.09,68.828,,-0.09%
2019-06-28,68.95,69.058,69.118,68.868,,-0.20%
2019-06-27,69.088,69.215,69.348,69.019,,-0.23%
2019-06-26,69.245,69.319,69.528,69.11,,-0.13%
2019-06-25,69.334,69.266,69.439,69.226,,0.09%
2019-06-24,69.273,69.623,69.624,69.265,,-0.49%
2019-06-21,69.615,69.765,69.768,69.506,,0.14%
2019-06-20,69.52,69.485,69.673,69.337,,-0.19%
2019-06-19,69.65,69.557,69.813,69.492,,0.06%
2019-06-18,69.61,69.878,69.896,69.609,,-0.34%
2019-06-17,69.85,69.818,69.992,69.741,,0.02%
2019-06-14,69.833,69.566,69.864,69.515,,0.44%
2019-06-13,69.53,69.372,69.57,69.302,,0.22%
2019-06-12,69.375,69.419,69.46,69.261,,-0.01%
2019-06-11,69.385,69.534,69.534,69.341,,-0.22%
2019-06-10,69.535,69.368,69.673,69.368,,0.26%
2019-06-07,69.355,69.136,69.55,69.112,,0.27%
2019-06-06,69.165,69.395,69.45,69.165,,-0.32%
2019-06-05,69.385,69.322,69.421,69.17,,0.14%
2019-06-04,69.291,69.06,69.335,69.028,,0.17%
2019-06-03,69.171,69.607,69.611,69.128,,-0.59%
2019-05-31,69.58,69.842,69.926,69.58,,-0.35%
2019-05-30,69.825,69.835,69.945,69.703,,-0.03%
2019-05-29,69.845,69.583,70.011,69.578,,0.34%
2019-05-28,69.61,69.5,69.74,69.5,,0.15%
2019-05-27,69.504,69.403,69.624,69.346,,0.18%
2019-05-24,69.38,69.691,69.806,69.376,,-0.41%
2019-05-23,69.665,69.665,70.065,69.375,,0.02%
2019-05-22,69.65,69.666,69.803,69.614,,0.01%
2019-05-21,69.645,69.817,69.821,69.618,,0.05%
2019-05-20,69.609,69.39,69.765,69.356,,-0.95%
2019-05-17,70.28,70.242,70.307,70.069,,0.21%
2019-05-16,70.13,70.229,70.335,69.97,,-0.17%
2019-05-15,70.249,70.315,70.435,70.167,,-0.12%
2019-05-14,70.332,70.605,70.625,70.249,,-0.34%
2019-05-13,70.57,70.006,70.65,69.975,,0.79%
2019-05-10,70.015,70.076,70.107,69.747,,-0.26%
2019-05-09,70.2,69.734,70.279,69.714,,0.69%
2019-05-08,69.72,69.611,69.752,69.446,,0.11%
2019-05-07,69.645,69.41,69.646,69.275,,0.38%
2019-05-06,69.38,69.305,69.477,69.304,,0.41%
2019-05-03,69.095,69.429,69.432,69.095,,-0.45%
2019-05-02,69.41,69.615,69.631,69.325,,-0.19%
2019-05-01,69.545,69.581,69.583,69.466,,-0.15%
2019-04-30,69.647,69.825,69.919,69.53,,-0.24%
2019-04-29,69.818,69.875,69.887,69.797,,-0.05%
2019-04-26,69.85,70.164,70.239,69.81,,-0.46%
2019-04-25,70.17,70.005,70.34,69.915,,0.30%
2019-04-24,69.96,69.771,70.001,69.757,,0.27%
2019-04-23,69.77,69.625,69.839,69.535,,0.10%
2019-04-22,69.7,69.36,69.905,69.36,,0.42%
2019-04-19,69.407,69.421,69.429,69.36,,0.02%
2019-04-18,69.395,69.428,69.625,69.328,,-0.05%
2019-04-17,69.431,69.549,69.57,69.358,,-0.14%
2019-04-16,69.53,69.424,69.687,69.416,,0.19%
2019-04-15,69.395,69.16,69.47,69.035,,0.30%
2019-04-12,69.19,69.035,69.383,69.024,,0.25%
2019-04-11,69.02,69.155,69.216,68.834,,-0.19%
2019-04-10,69.15,69.273,69.367,69.086,,-0.19%
2019-04-09,69.28,69.553,69.735,69.249,,-0.40%
2019-04-08,69.555,69.335,69.718,69.335,,0.56%
2019-04-05,69.17,68.997,69.333,68.977,,0.28%
2019-04-04,68.98,68.535,69.215,68.515,,0.77%
2019-04-03,68.45,68.725,68.83,68.385,,-0.68%
2019-04-02,68.92,69.275,69.382,68.715,,-0.41%
2019-04-01,69.205,69.343,69.426,69.185,,0.03%
2019-03-29,69.185,69.198,69.32,69.041,,-0.01%
2019-03-28,69.19,69.104,69.369,68.928,,0.13%
2019-03-27,69.1,69.039,69.188,68.775,,0.15%
2019-03-26,68.996,68.93,69.017,68.772,,0.15%
2019-03-25,68.89,69.159,69.173,68.79,,-0.40%
2019-03-22,69.17,68.645,69.17,68.535,,0.52%
2019-03-21,68.81,68.56,68.81,68.505,,0.03%
2019-03-20,68.79,69.02,69.17,68.725,,-0.33%
2019-03-19,69.015,68.617,69.073,68.35,,0.57%
2019-03-18,68.625,68.958,68.958,68.437,,-0.49%
2019-03-15,68.963,69.336,69.348,68.921,,-0.58%
2019-03-14,69.365,69.545,69.755,69.255,,-0.24%
2019-03-13,69.529,69.591,69.782,69.408,,-0.14%
2019-03-12,69.625,69.82,69.82,69.49,,-0.32%
2019-03-11,69.85,70.018,70.035,69.808,,-0.23%
2019-03-08,70.012,70.096,70.232,69.815,,-0.15%
2019-03-07,70.116,70.139,70.14,69.94,,0.05%
2019-03-06,70.08,70.474,70.69,70.029,,-0.58%
2019-03-05,70.49,70.964,70.976,70.452,,-0.59%
2019-03-04,70.91,70.807,70.929,70.793,,-0.13%
2019-03-01,71.0,70.826,71.0,70.709,,0.23%
2019-02-28,70.84,71.225,71.267,70.712,,-0.51%
2019-02-27,71.2,71.025,71.486,70.923,,0.34%
2019-02-26,70.96,70.827,71.34,70.812,,0.18%
2019-02-25,70.834,71.022,71.1,70.827,,-0.28%
2019-02-22,71.035,71.195,71.255,71.035,,-0.18%
2019-02-21,71.165,71.071,71.27,70.915,,0.22%
2019-02-20,71.01,71.32,71.338,70.935,,-0.41%
2019-02-19,71.3,71.345,71.598,71.258,,-0.12%
2019-02-18,71.387,71.325,71.526,71.313,,0.08%
2019-02-15,71.33,71.042,71.47,71.042,,0.44%
2019-02-14,71.02,70.862,71.239,70.795,,0.20%
2019-02-13,70.875,70.56,70.892,70.398,,0.48%
2019-02-12,70.535,71.252,71.252,70.52,,-0.85%
2019-02-11,71.14,71.235,71.296,71.045,,-0.05%
2019-02-08,71.175,71.385,71.423,71.009,,-0.18%
2019-02-07,71.3,71.634,71.762,71.277,,-0.35%
2019-02-06,71.55,71.525,71.688,71.486,,0.03%
2019-02-05,71.53,71.709,71.813,71.529,,-0.25%
2019-02-04,71.71,71.462,71.851,71.453,,0.38%
2019-02-01,71.435,71.105,71.487,70.94,,0.67%
2019-01-31,70.96,70.962,71.227,70.86,,-0.39%
2019-01-30,71.235,71.433,71.433,71.113,,-0.22%
2019-01-29,71.39,71.1,71.468,71.025,,0.45%
2019-01-28,71.07,70.92,71.197,70.908,,0.24%
2019-01-25,70.9,71.04,71.245,70.891,,-0.14%
2019-01-24,71.0,71.162,71.308,70.956,,-0.27%
2019-01-23,71.19,71.25,71.366,71.11,,-0.10%
2019-01-22,71.26,71.189,71.461,71.159,,0.10%
2019-01-21,71.188,71.207,71.529,71.138,,-0.03%
2019-01-18,71.21,71.045,71.275,70.991,,0.23%
2019-01-17,71.05,71.153,71.414,70.975,,0.10%
2019-01-16,70.98,71.105,71.266,70.929,,-0.17%
2019-01-15,71.1,70.743,71.153,70.719,,0.48%
2019-01-14,70.76,70.413,70.945,70.352,,0.51%
2019-01-11,70.399,70.418,70.59,70.345,,-0.03%
2019-01-10,70.42,70.54,70.652,70.313,,-0.20%
2019-01-09,70.56,70.102,70.646,70.043,,0.60%
2019-01-08,70.14,69.801,70.241,69.761,,0.48%
2019-01-07,69.804,69.53,69.935,69.239,,0.37%
2019-01-04,69.55,70.13,70.145,69.55,,-0.80%
2019-01-03,70.11,70.295,70.526,70.035,,0.16%
2019-01-02,70.0,69.453,70.24,69.453,,0.79%
2019-01-01,69.453,69.635,69.745,69.435,,-0.17%
2018-12-31,69.57,69.774,69.941,69.57,,-0.52%
2018-12-28,69.933,70.138,70.15,69.873,,-0.61%
2018-12-27,70.361,70.075,70.392,70.075,,0.42%
2018-12-26,70.07,70.075,70.165,69.75,,0.03%
2018-12-25,70.05,70.05,70.05,70.05,,-0.08%
2018-12-24,70.105,70.15,70.296,69.877,,-0.05%
2018-12-21,70.14,69.994,70.319,69.744,,0.23%
2018-12-20,69.98,70.7,70.71,69.65,,-0.43%
2018-12-19,70.279,70.343,70.476,69.847,,-0.48%
2018-12-18,70.62,71.335,71.356,70.428,,-1.38%
2018-12-17,71.61,71.892,71.892,71.497,,-0.43%
2018-12-14,71.92,71.555,72.05,71.555,,0.55%
2018-12-13,71.53,71.859,71.859,71.452,,-0.43%
2018-12-12,71.84,72.279,72.279,71.776,,-0.62%
2018-12-11,72.291,72.5,72.5,71.679,,-0.32%
2018-12-10,72.52,71.355,72.646,71.235,,2.34%
2018-12-07,70.86,70.565,70.86,70.447,,0.01%
2018-12-06,70.85,70.805,71.145,70.74,,0.41%
2018-12-05,70.56,70.705,70.745,70.385,,0.04%
2018-12-04,70.53,70.495,70.685,70.325,,0.13%
2018-12-03,70.44,69.875,70.465,69.875,,1.13%
2018-11-30,69.65,69.69,69.908,69.565,,-0.19%
2018-11-29,69.78,70.105,70.14,69.778,,-1.22%
2018-11-28,70.64,70.895,70.895,70.575,,-0.20%
2018-11-27,70.785,70.82,71.028,70.71,,-0.05%
2018-11-26,70.82,70.49,70.9,70.305,,0.23%
2018-11-23,70.655,70.675,70.675,70.655,,-0.05%
2018-11-22,70.69,71.135,71.195,70.675,,-0.86%
2018-11-21,71.305,71.415,71.415,71.305,,-0.17%
2018-11-20,71.43,71.365,71.518,71.283,,-0.25%
2018-11-19,71.61,71.925,72.083,71.55,,-0.51%
2018-11-16,71.98,71.995,71.995,71.715,,0.09%
2018-11-15,71.915,72.035,72.185,71.87,,-0.55%
2018-11-14,72.31,72.175,72.405,72.005,,-0.42%
2018-11-13,72.615,72.795,72.808,72.515,,-0.34%
2018-11-12,72.86,72.735,73.068,72.735,,0.52%
2018-11-09,72.48,72.68,72.826,72.42,,0.14%
2018-11-08,72.38,72.455,72.455,72.38,,-0.10%
2018-11-07,72.45,72.945,72.945,72.45,,-0.69%
2018-11-06,72.955,72.945,73.075,72.91,,-0.17%
2018-11-05,73.08,72.808,73.135,72.756,,0.88%
2018-11-02,72.44,73.125,73.213,72.43,,-1.38%
2018-11-01,73.455,73.855,73.873,73.455,,-0.68%
2018-10-31,73.96,73.915,74.135,73.795,,0.38%
2018-10-30,73.68,73.555,73.7,73.515,,0.38%
2018-10-29,73.4,73.355,73.525,73.322,,-0.08%
2018-10-26,73.46,73.43,73.473,73.27,,0.31%
2018-10-25,73.23,73.345,73.375,73.16,,0.00%
2018-10-24,73.23,73.155,73.338,73.095,,-0.44%
2018-10-23,73.55,73.705,73.828,73.505,,-0.01%
2018-10-22,73.56,73.305,73.565,73.193,,0.25%
2018-10-19,73.375,73.605,73.653,73.295,,-0.21%
2018-10-18,73.53,73.585,73.61,73.48,,-0.10%
2018-10-17,73.6,73.415,73.664,73.368,,0.18%
2018-10-16,73.465,73.81,73.958,73.465,,-0.41%
2018-10-15,73.77,73.798,74.065,73.77,,0.22%
2018-10-12,73.61,73.825,73.855,73.525,,-0.59%
2018-10-11,74.05,74.375,74.485,74.0,,-0.27%
2018-10-10,74.25,74.155,74.291,74.055,,-0.12%
2018-10-09,74.34,73.905,74.4,73.875,,0.37%
2018-10-08,74.065,73.87,74.1,73.77,,0.40%
2018-10-05,73.77,73.62,74.25,73.425,,0.19%
2018-10-04,73.63,73.705,73.82,73.495,,0.39%
2018-10-03,73.345,73.265,73.43,72.92,,0.58%
2018-10-02,72.925,72.925,72.925,72.925,,0.00%
2018-10-01,72.925,72.605,72.945,72.605,,0.57%
2018-09-28,72.51,72.565,72.665,72.4,,-0.08%
2018-09-27,72.57,72.425,72.765,72.385,,-0.04%
2018-09-26,72.6,72.705,72.748,72.533,,-0.12%
2018-09-25,72.685,72.905,72.96,72.575,,0.02%
2018-09-24,72.67,72.475,72.735,72.335,,0.60%
2018-09-21,72.24,71.855,72.475,71.755,,0.31%
2018-09-20,72.015,72.345,72.345,72.015,,-0.48%
2018-09-19,72.36,72.715,72.87,72.338,,-0.48%
2018-09-18,72.71,72.555,72.985,72.355,,0.23%
2018-09-17,72.54,72.525,72.69,72.31,,0.92%
2018-09-14,71.88,71.695,71.988,71.53,,-0.22%
2018-09-13,72.038,72.038,72.038,72.038,,-0.17%
2018-09-12,72.16,72.838,72.915,71.92,,-0.66%
2018-09-11,72.64,72.305,72.745,72.245,,0.26%
2018-09-10,72.455,72.135,72.68,72.075,,0.93%
2018-09-07,71.79,71.955,72.04,71.66,,-0.22%
2018-09-06,71.95,71.625,72.1,71.625,,0.27%
2018-09-05,71.755,71.405,71.955,71.375,,0.24%
2018-09-04,71.585,71.285,71.585,71.095,,0.52%
2018-09-03,71.215,70.79,71.22,70.725,,0.30%
2018-08-31,71.005,70.955,71.025,70.855,,0.37%
2018-08-30,70.745,70.635,70.875,70.595,,0.30%
2018-08-29,70.535,70.325,70.635,70.24,,0.62%
2018-08-28,70.1,70.045,70.29,70.045,,-0.09%
2018-08-27,70.165,69.765,70.165,69.705,,0.28%
2018-08-24,69.97,70.215,70.235,69.891,,-0.19%
2018-08-23,70.105,70.015,70.17,69.966,,0.34%
2018-08-22,69.87,69.88,69.895,69.8,,0.01%
2018-08-21,69.86,69.66,69.915,69.53,,0.06%
2018-08-20,69.82,69.815,69.875,69.595,,-0.40%
2018-08-17,70.1,70.13,70.16,70.08,,0.01%
2018-08-16,70.09,70.225,70.42,70.09,,0.24%
2018-08-15,69.92,69.92,69.92,69.92,,-0.06%
2018-08-14,69.96,69.855,70.085,69.695,,-0.09%
2018-08-13,70.02,69.485,70.02,69.405,,1.64%
2018-08-10,68.89,68.845,69.025,68.768,,0.19%
2018-08-09,68.76,68.475,68.76,68.455,,0.15%
2018-08-08,68.66,68.673,68.71,68.575,,0.04%
2018-08-07,68.63,68.82,68.934,68.63,,-0.29%
2018-08-06,68.83,68.575,68.894,68.54,,0.42%
2018-08-03,68.545,68.695,68.845,68.545,,-0.12%
2018-08-02,68.625,68.375,68.74,68.265,,0.40%
2018-08-01,68.35,68.555,68.628,68.35,,-0.16%
2018-07-31,68.46,68.705,68.705,68.445,,-0.21%
2018-07-30,68.605,68.705,68.792,68.605,,0.00%
2018-07-27,68.605,68.655,68.755,68.535,,-0.08%
2018-07-26,68.66,68.705,68.76,68.618,,-0.10%
2018-07-25,68.73,68.965,68.98,68.67,,-0.31%
2018-07-24,68.947,68.97,69.088,68.845,,0.15%
2018-07-23,68.845,68.705,68.865,68.645,,0.15%
2018-07-20,68.74,69.02,69.128,68.74,,-0.41%
2018-07-19,69.02,68.715,69.105,68.695,,0.58%
2018-07-18,68.625,68.425,68.645,68.385,,0.28%
2018-07-17,68.43,68.355,68.47,68.275,,-0.18%
2018-07-16,68.55,68.555,68.715,68.505,,0.07%
2018-07-13,68.5,68.52,68.561,68.328,,-0.03%
2018-07-12,68.52,68.765,68.765,68.49,,-0.31%
2018-07-11,68.73,68.825,68.895,68.71,,-0.04%
2018-07-10,68.755,68.665,68.864,68.655,,0.14%
2018-07-09,68.66,68.565,68.785,68.565,,-0.21%
2018-07-06,68.805,68.885,69.028,68.805,,-0.11%
2018-07-05,68.88,68.805,69.005,68.688,,0.28%
2018-07-04,68.69,68.525,68.778,68.445,,0.20%
2018-07-03,68.55,68.935,68.965,68.525,,-0.25%
2018-07-02,68.72,68.49,68.82,68.335,,0.38%
2018-06-29,68.46,68.695,68.695,68.355,,-0.55%
2018-06-28,68.84,68.895,69.095,68.72,,0.29%
2018-06-27,68.64,68.425,68.705,68.42,,0.39%
2018-06-26,68.37,68.135,68.37,68.075,,0.37%
2018-06-25,68.115,67.905,68.173,67.905,,0.36%
2018-06-22,67.87,67.835,67.89,67.71,,-0.11%
2018-06-21,67.945,68.205,68.243,67.945,,-0.17%
2018-06-20,68.06,68.095,68.18,68.025,,-0.37%
2018-06-19,68.31,67.98,68.385,67.977,,0.40%
2018-06-18,68.04,68.155,68.165,67.945,,-0.03%
2018-06-15,68.06,67.915,68.065,67.887,,0.55%
2018-06-14,67.69,67.57,67.73,67.565,,0.07%
2018-06-13,67.645,67.6,67.705,67.549,,0.24%
2018-06-12,67.48,67.46,67.51,67.36,,0.01%
2018-06-11,67.47,67.445,67.48,67.275,,-0.09%
2018-06-08,67.53,67.465,67.79,67.435,,0.16%
2018-06-07,67.42,66.935,67.46,66.935,,0.87%
2018-06-06,66.84,67.085,67.16,66.84,,-0.39%
2018-06-05,67.1,67.075,67.225,67.075,,0.04%
2018-06-04,67.07,66.91,67.165,66.845,,0.11%
2018-06-01,66.995,67.455,67.455,66.995,,-0.65%
2018-05-31,67.43,67.425,67.595,67.315,,-0.01%
2018-05-30,67.44,67.85,67.895,67.39,,-0.59%
2018-05-29,67.84,67.625,67.99,67.625,,0.65%
2018-05-28,67.4,67.505,67.533,67.296,,-0.49%
2018-05-25,67.73,68.33,68.33,67.713,,-0.89%
2018-05-24,68.34,68.35,68.428,68.29,,-0.04%
2018-05-23,68.37,68.155,68.48,68.155,,0.51%
2018-05-22,68.02,67.985,68.09,67.933,,-0.14%
2018-05-21,68.115,68.105,68.165,68.023,,0.18%
2018-05-18,67.99,67.775,68.1,67.765,,0.33%
2018-05-17,67.765,67.725,67.81,67.585,,-0.01%
2018-05-16,67.775,68.105,68.135,67.755,,-0.45%
2018-05-15,68.08,67.685,68.143,67.455,,0.77%
2018-05-14,67.56,67.253,67.625,67.215,,0.30%
2018-05-11,67.36,67.145,67.38,67.115,,0.17%
2018-05-10,67.245,67.335,67.438,67.225,,-0.16%
2018-05-09,67.35,67.14,67.477,67.14,,0.33%
2018-05-08,67.13,67.175,67.288,66.988,,-0.01%
2018-05-07,67.14,66.825,67.18,66.785,,0.48%
2018-05-04,66.82,66.655,66.915,66.625,,0.22%
2018-05-03,66.67,66.6,66.72,66.525,,-0.03%
2018-05-02,66.69,66.755,66.778,66.635,,-0.16%
2018-05-01,66.8,66.455,66.81,66.45,,0.51%
2018-04-30,66.46,66.595,66.595,66.345,,-0.24%
2018-04-27,66.62,66.835,66.848,66.62,,-0.28%
2018-04-26,66.805,66.885,66.913,66.697,,-0.17%
2018-04-25,66.92,66.485,66.975,66.485,,0.77%
2018-04-24,66.41,66.415,66.455,66.29,,-0.18%
2018-04-23,66.53,66.205,66.53,66.145,,0.48%
2018-04-20,66.21,66.025,66.21,65.955,,0.52%
2018-04-19,65.87,65.845,65.87,65.73,,0.23%
2018-04-18,65.72,65.665,65.785,65.595,,0.06%
2018-04-17,65.68,65.445,65.694,65.415,,0.32%
2018-04-16,65.47,65.326,65.507,65.315,,0.33%
2018-04-13,65.255,65.305,65.305,65.185,,-0.05%
2018-04-12,65.29,65.315,65.445,65.241,,0.05%
2018-04-11,65.26,64.998,65.315,64.985,,0.48%
2018-04-10,64.95,64.885,65.03,64.885,,-0.01%
2018-04-09,64.955,64.865,65.058,64.848,,0.04%
2018-04-06,64.93,64.93,65.037,64.915,,0.06%
2018-04-05,64.89,65.035,65.135,64.89,,-0.24%
2018-04-04,65.045,65.005,65.18,64.905,,0.07%
2018-04-03,65.0,65.085,65.13,64.98,,-0.20%
2018-04-02,65.13,65.12,65.13,65.09,,0.02%
2018-03-30,65.115,65.115,65.115,65.115,,0.00%
2018-03-29,65.115,65.17,65.17,65.115,,-0.07%
2018-03-28,65.16,64.885,65.295,64.885,,0.33%
2018-03-27,64.945,64.785,64.993,64.727,,0.19%
2018-03-26,64.825,64.895,64.955,64.803,,-0.25%
2018-03-23,64.99,65.195,65.205,64.977,,-0.18%
2018-03-22,65.105,65.125,65.155,65.021,,-0.12%
2018-03-21,65.18,65.215,65.24,65.18,,-0.05%
2018-03-20,65.21,65.21,65.245,65.155,,-0.02%
2018-03-19,65.22,65.04,65.22,64.995,,0.35%
2018-03-16,64.99,64.985,64.99,64.845,,0.00%
2018-03-15,64.99,64.92,64.991,64.809,,0.23%
2018-03-14,64.84,64.885,65.058,64.815,,-0.02%
2018-03-13,64.855,64.985,65.01,64.845,,-0.20%
2018-03-12,64.985,64.965,65.067,64.958,,-0.21%
2018-03-09,65.125,65.125,65.195,65.043,,0.03%
2018-03-08,65.105,64.905,65.165,64.885,,0.35%
2018-03-07,64.88,64.9,65.005,64.855,,-0.04%
2018-03-06,64.905,64.945,65.12,64.905,,-0.18%
2018-03-05,65.025,65.055,65.16,64.93,,-0.30%
2018-03-02,65.22,65.205,65.265,65.195,,-0.02%
2018-03-01,65.23,65.205,65.248,65.104,,0.03%
2018-02-28,65.21,65.145,65.314,65.043,,0.45%
2018-02-27,64.92,64.815,64.964,64.765,,0.23%
2018-02-26,64.77,64.655,64.835,64.625,,0.09%
2018-02-23,64.71,64.955,64.955,64.69,,-0.41%
2018-02-22,64.975,65.065,65.105,64.955,,0.26%
2018-02-21,64.805,64.905,64.945,64.713,,-0.08%
2018-02-20,64.86,64.505,64.861,64.415,,0.95%
2018-02-19,64.25,64.25,64.25,64.25,,0.05%
2018-02-16,64.215,63.875,64.23,63.815,,0.49%
2018-02-15,63.9,63.955,63.975,63.87,,-0.31%
2018-02-14,64.1,64.155,64.19,64.045,,-0.26%
2018-02-13,64.265,64.275,64.275,64.265,,-0.02%
2018-02-12,64.28,64.283,64.345,64.235,,-0.15%
2018-02-09,64.375,64.425,64.438,64.285,,0.12%
2018-02-08,64.3,64.385,64.385,64.145,,0.03%
2018-02-07,64.28,64.22,64.306,64.04,,0.08%
2018-02-06,64.23,64.355,64.4,64.099,,0.14%
2018-02-05,64.14,64.235,64.235,64.005,,0.02%
2018-02-02,64.13,64.12,64.195,63.735,,0.23%
2018-02-01,63.98,63.645,64.06,63.555,,0.68%
2018-01-31,63.55,63.675,63.748,63.55,,-0.22%
2018-01-30,63.69,63.695,63.81,63.588,,0.14%
2018-01-29,63.6,63.605,63.62,63.485,,0.02%
2018-01-26,63.59,63.52,63.615,63.51,,0.12%
2018-01-25,63.515,63.515,63.64,63.455,,-0.23%
2018-01-24,63.66,63.735,63.735,63.625,,-0.16%
2018-01-23,63.76,63.905,63.905,63.745,,-0.20%
2018-01-22,63.89,63.885,64.003,63.72,,0.09%
2018-01-19,63.83,63.675,63.865,63.63,,-0.06%
2018-01-18,63.87,63.855,63.945,63.75,,-0.02%
2018-01-17,63.885,64.08,64.08,63.773,,-0.21%
2018-01-16,64.02,63.605,64.125,63.595,,0.80%
2018-01-15,63.515,63.46,63.515,63.335,,-0.15%
2018-01-12,63.61,63.595,63.723,63.481,,-0.13%
2018-01-11,63.69,63.655,63.823,63.643,,0.09%
2018-01-10,63.63,63.685,63.848,63.555,,-0.06%
2018-01-09,63.67,63.485,63.73,63.425,,0.31%
2018-01-08,63.475,63.335,63.53,63.245,,0.21%
2018-01-05,63.34,63.355,63.42,63.317,,-0.09%
2018-01-04,63.4,63.595,63.613,63.363,,-0.17%
2018-01-03,63.505,63.555,63.575,63.448,,0.07%
2018-01-02,63.46,63.695,63.765,63.435,,-0.35%
2018-01-01,63.68,63.855,63.865,63.635,,-0.25%
2017-12-29,63.84,64.05,64.065,63.785,,-0.37%
2017-12-28,64.08,64.13,64.275,64.072,,-0.06%
2017-12-27,64.12,64.07,64.18,64.07,,0.11%
2017-12-26,64.05,64.035,64.118,64.023,,0.05%
2017-12-25,64.02,64.02,64.02,64.02,,0.00%
2017-12-22,64.02,64.055,64.085,64.016,,0.00%
2017-12-21,64.02,64.015,64.135,64.01,,-0.15%
2017-12-20,64.115,64.01,64.13,64.005,,0.09%
2017-12-19,64.06,64.225,64.225,63.94,,-0.23%
2017-12-18,64.21,64.155,64.73,64.085,,0.20%
2017-12-15,64.08,64.135,64.173,64.01,,-0.40%
2017-12-14,64.34,64.355,64.373,64.248,,-0.19%
2017-12-13,64.46,64.535,64.555,64.42,,0.08%
2017-12-12,64.41,64.415,64.524,64.395,,0.09%
2017-12-11,64.355,64.455,64.455,64.315,,-0.19%
2017-12-08,64.48,64.56,64.585,64.43,,-0.14%
2017-12-07,64.57,64.505,64.605,64.485,,0.06%
2017-12-06,64.53,64.44,64.553,64.393,,0.26%
2017-12-05,64.36,64.295,64.463,64.225,,-0.03%
2017-12-04,64.38,64.555,64.555,64.285,,-0.22%
2017-12-01,64.52,64.5,64.52,64.488,,0.05%
2017-11-30,64.49,64.545,64.63,64.405,,0.20%
2017-11-29,64.36,64.42,64.515,64.275,,-0.08%
2017-11-28,64.41,64.535,64.608,64.363,,-0.10%
2017-11-27,64.477,64.715,64.828,64.477,,-0.31%
2017-11-24,64.68,64.585,64.748,64.548,,0.17%
2017-11-23,64.57,64.805,64.887,64.56,,-0.48%
2017-11-22,64.88,64.775,64.959,64.715,,0.00%
2017-11-21,64.88,65.085,65.119,64.879,,-0.34%
2017-11-20,65.1,64.975,65.125,64.975,,0.13%
2017-11-17,65.015,64.648,65.072,64.625,,-0.43%
2017-11-16,65.295,65.285,65.389,65.125,,0.04%
2017-11-15,65.27,65.435,65.435,65.15,,-0.21%
2017-11-14,65.41,65.315,65.545,65.287,,-0.05%
2017-11-13,65.44,65.365,65.53,65.261,,0.38%
2017-11-10,65.19,65.085,65.203,65.0,,0.33%
2017-11-09,64.975,64.945,65.003,64.852,,0.08%
2017-11-08,64.92,65.135,65.165,64.92,,-0.22%
2017-11-07,65.06,64.655,65.065,64.61,,0.67%
2017-11-06,64.625,64.665,64.743,64.625,,0.10%
2017-11-03,64.56,64.575,64.645,64.515,,-0.02%
2017-11-02,64.575,64.535,64.675,64.475,,0.02%
2017-11-01,64.565,64.705,64.705,64.51,,-0.29%
2017-10-31,64.75,64.835,64.845,64.725,,-0.17%
2017-10-30,64.86,64.885,64.953,64.795,,-0.28%
2017-10-27,65.04,65.025,65.11,64.965,,0.31%
2017-10-26,64.84,64.78,64.915,64.725,,-0.13%
2017-10-25,64.925,65.145,65.197,64.885,,-0.25%
2017-10-24,65.09,64.975,65.123,64.893,,0.10%
2017-10-23,65.023,65.075,65.115,64.98,,-0.03%
2017-10-20,65.04,64.995,65.042,64.99,,0.07%
2017-10-19,64.995,65.033,65.08,64.995,,-0.09%
2017-10-18,65.055,64.985,65.16,64.955,,0.04%
2017-10-17,65.03,64.795,65.04,64.795,,0.51%
2017-10-16,64.7,64.745,64.77,64.69,,0.00%
2017-10-13,64.7,64.955,64.965,64.7,,-0.55%
2017-10-12,65.06,65.16,65.162,65.03,,-0.15%
2017-10-11,65.16,65.26,65.317,65.125,,-0.14%
2017-10-10,65.25,65.355,65.38,65.205,,-0.16%
2017-10-09,65.355,65.375,65.43,65.275,,-0.07%
2017-10-06,65.4,65.195,65.403,65.195,,0.39%
2017-10-05,65.145,65.095,65.192,64.975,,0.18%
2017-10-04,65.03,65.345,65.384,64.95,,-0.69%
2017-10-03,65.485,65.595,65.637,65.465,,0.27%
2017-10-02,65.31,65.31,65.31,65.31,,0.00%
2017-09-29,65.31,65.352,65.465,65.235,,-0.24%
2017-09-28,65.47,65.83,65.895,65.468,,-0.37%
2017-09-27,65.715,65.365,65.755,65.345,,0.39%
2017-09-26,65.46,65.245,65.49,65.153,,0.51%
2017-09-25,65.128,64.845,65.175,64.725,,0.51%
2017-09-22,64.795,64.81,65.155,64.755,,-0.02%
2017-09-21,64.81,64.51,64.85,64.445,,0.80%
2017-09-20,64.293,64.245,64.435,64.245,,-0.01%
2017-09-19,64.3,64.185,64.35,64.13,,0.22%
2017-09-18,64.158,64.055,64.168,64.003,,0.07%
2017-09-15,64.11,64.145,64.145,64.042,,-0.02%
2017-09-14,64.123,64.17,64.175,64.063,,0.18%
2017-09-13,64.01,63.985,64.045,63.965,,-0.03%
2017-09-12,64.031,63.985,64.053,63.935,,0.15%
2017-09-11,63.935,63.905,63.938,63.838,,0.24%
2017-09-08,63.785,63.87,63.96,63.778,,-0.36%
2017-09-07,64.015,64.042,64.055,63.98,,-0.07%
2017-09-06,64.06,64.11,64.264,64.06,,-0.07%
2017-09-05,64.105,64.105,64.162,64.08,,0.10%
2017-09-04,64.04,63.945,64.178,63.935,,0.02%
2017-09-01,64.025,63.925,64.053,63.873,,0.14%
2017-08-31,63.935,64.035,64.06,63.895,,-0.09%
2017-08-30,63.99,63.975,64.02,63.873,,-0.04%
2017-08-29,64.015,63.955,64.037,63.925,,0.17%
2017-08-28,63.905,63.89,63.93,63.854,,-0.16%
2017-08-25,64.005,64.055,64.065,64.005,,-0.06%
2017-08-24,64.045,64.04,64.09,64.005,,0.00%
2017-08-23,64.045,64.045,64.146,64.045,,-0.04%
2017-08-22,64.072,64.095,64.149,64.05,,-0.06%
2017-08-21,64.11,64.075,64.158,64.011,,0.02%
2017-08-18,64.095,64.185,64.185,64.08,,-0.12%
2017-08-17,64.17,64.17,64.17,64.17,,0.00%
2017-08-16,64.17,64.275,64.326,64.14,,0.08%
2017-08-15,64.12,64.11,64.12,64.11,,0.05%
2017-08-14,64.09,63.985,64.146,63.935,,-0.08%
2017-08-11,64.14,64.23,64.27,64.1,,0.07%
2017-08-10,64.095,63.955,64.115,63.885,,0.37%
2017-08-09,63.86,63.785,63.86,63.715,,0.26%
2017-08-08,63.692,63.755,63.785,63.619,,-0.23%
2017-08-07,63.84,63.715,63.853,63.651,,0.26%
2017-08-04,63.675,63.675,63.74,63.578,,-0.05%
2017-08-03,63.705,63.65,63.723,63.565,,0.11%
2017-08-02,63.635,64.125,64.135,63.595,,-0.72%
2017-08-01,64.095,64.105,64.152,64.045,,-0.16%
2017-07-31,64.2,64.115,64.248,64.048,,0.13%
2017-07-28,64.115,64.195,64.245,64.11,,-0.02%
2017-07-27,64.125,64.185,64.208,64.065,,-0.36%
2017-07-26,64.355,64.435,64.449,64.324,,-0.05%
2017-07-25,64.385,64.375,64.425,64.345,,-0.02%
2017-07-24,64.395,64.415,64.465,64.298,,0.02%
2017-07-21,64.385,64.385,64.393,64.305,,0.02%
2017-07-20,64.375,64.345,64.46,64.322,,0.16%
2017-07-19,64.27,64.355,64.355,64.26,,-0.07%
2017-07-18,64.316,64.34,64.37,64.273,,-0.05%
2017-07-17,64.345,64.355,64.396,64.332,,-0.12%
2017-07-14,64.424,64.445,64.483,64.385,,-0.06%
2017-07-13,64.46,64.398,64.495,64.398,,-0.02%
2017-07-12,64.475,64.515,64.58,64.465,,-0.14%
2017-07-11,64.565,64.455,64.595,64.45,,0.14%
2017-07-10,64.475,64.565,64.578,64.46,,-0.23%
2017-07-07,64.625,64.755,64.755,64.52,,-0.15%
2017-07-06,64.725,64.755,64.808,64.705,,-0.12%
2017-07-05,64.8,64.705,64.865,64.675,,0.02%
2017-07-04,64.79,64.795,64.887,64.695,,-0.08%
2017-07-03,64.845,64.655,64.908,64.634,,0.35%
2017-06-30,64.62,64.73,64.84,64.574,,-0.06%
2017-06-29,64.66,64.455,64.69,64.442,,0.21%
2017-06-28,64.525,64.555,64.64,64.49,,0.08%
2017-06-27,64.475,64.485,64.543,64.405,,0.06%
2017-06-26,64.435,64.465,64.465,64.435,,-0.11%
2017-06-23,64.505,64.565,64.594,64.425,,-0.15%
2017-06-22,64.605,64.58,64.623,64.445,,0.12%
2017-06-21,64.53,64.635,64.678,64.488,,-0.02%
2017-06-20,64.54,64.485,64.54,64.412,,0.07%
2017-06-19,64.495,64.425,64.525,64.32,,0.05%
2017-06-16,64.465,64.68,64.74,64.395,,-0.15%
2017-06-15,64.565,64.275,64.6,64.24,,0.51%
2017-06-14,64.235,64.35,64.366,64.235,,-0.17%
2017-06-13,64.345,64.435,64.493,64.33,,-0.21%
2017-06-12,64.48,64.345,64.485,64.314,,0.37%
2017-06-09,64.245,64.275,64.34,64.166,,-0.01%
2017-06-08,64.25,64.405,64.425,64.201,,-0.29%
2017-06-07,64.435,64.495,64.515,64.295,,0.01%
2017-06-06,64.43,64.38,64.48,64.31,,0.12%
2017-06-05,64.35,64.32,64.412,64.287,,-0.10%
2017-06-02,64.415,64.335,64.509,64.335,,-0.10%
2017-06-01,64.479,64.488,64.558,64.395,,-0.05%
2017-05-31,64.51,64.625,64.625,64.46,,-0.19%
2017-05-30,64.635,64.64,64.697,64.595,,0.15%
2017-05-29,64.54,64.485,64.593,64.455,,0.05%
2017-05-26,64.51,64.565,64.63,64.425,,-0.07%
2017-05-25,64.555,64.578,64.65,64.477,,-0.33%
2017-05-24,64.77,64.915,64.955,64.7,,-0.19%
2017-05-23,64.895,64.665,64.908,64.635,,0.60%
2017-05-22,64.51,64.505,64.63,64.434,,-0.09%
2017-05-19,64.565,64.725,65.025,64.565,,-0.49%
2017-05-18,64.88,64.395,64.92,64.322,,1.17%
2017-05-17,64.13,63.995,64.17,63.985,,0.13%
2017-05-16,64.045,64.065,64.155,64.03,,-0.03%
2017-05-15,64.065,64.11,64.16,64.005,,-0.28%
2017-05-12,64.243,64.305,64.375,64.243,,-0.25%
2017-05-11,64.405,64.61,64.61,64.338,,-0.33%
2017-05-10,64.615,64.675,64.675,64.535,,-0.10%
2017-05-09,64.68,64.435,64.7,64.435,,0.50%
2017-05-08,64.36,64.245,64.373,64.195,,0.07%
2017-05-05,64.315,64.225,64.385,64.225,,0.16%
2017-05-04,64.215,64.185,64.24,64.17,,0.08%
2017-05-03,64.165,64.13,64.19,64.105,,0.00%
2017-05-02,64.165,64.137,64.24,64.115,,-0.14%
2017-05-01,64.255,64.285,64.285,64.255,,-0.05%
2017-04-28,64.29,64.115,64.385,64.115,,0.27%
2017-04-27,64.115,64.055,64.165,63.975,,-0.02%
2017-04-26,64.13,64.325,64.33,63.925,,-0.31%
2017-04-25,64.33,64.425,64.425,64.213,,-0.25%
2017-04-24,64.49,64.537,64.541,64.41,,-0.25%
2017-04-21,64.65,64.645,64.685,64.55,,0.05%
2017-04-20,64.62,64.66,64.723,64.543,,-0.07%
2017-04-19,64.665,64.585,64.685,64.505,,0.09%
2017-04-18,64.605,64.505,64.645,64.475,,0.19%
2017-04-17,64.48,64.425,64.555,64.29,,0.00%
2017-04-14,64.48,64.441,64.485,64.441,,0.05%
2017-04-13,64.445,64.445,64.504,64.261,,-0.38%
2017-04-12,64.69,64.625,64.73,64.535,,0.21%
2017-04-11,64.555,64.6,64.692,64.41,,-0.08%
2017-04-10,64.605,64.305,64.628,64.305,,0.52%
2017-04-07,64.27,64.605,64.75,64.155,,-0.52%
2017-04-06,64.606,65.045,65.06,64.505,,-0.41%
2017-04-05,64.875,65.075,65.173,64.875,,-0.31%
2017-04-04,65.08,65.17,65.17,65.075,,0.15%
2017-04-03,64.985,64.805,65.088,64.765,,0.19%
2017-03-31,64.86,64.925,64.983,64.795,,0.00%
2017-03-30,64.86,64.85,64.985,64.85,,-0.02%
2017-03-29,64.875,65.105,65.105,64.845,,-0.26%
2017-03-28,65.045,65.095,65.12,65.025,,0.08%
2017-03-27,64.995,65.275,65.275,64.96,,-0.66%
2017-03-24,65.425,65.485,65.528,65.37,,-0.05%
2017-03-23,65.455,65.405,65.568,65.38,,0.00%
2017-03-22,65.455,65.565,65.57,65.375,,0.17%
2017-03-21,65.345,65.395,65.445,65.21,,0.00%
2017-03-20,65.345,65.405,65.474,65.295,,-0.20%
2017-03-17,65.475,65.475,65.653,65.39,,0.14%
2017-03-16,65.385,65.39,65.515,65.235,,-0.37%
2017-03-15,65.63,65.78,65.795,65.415,,-0.22%
2017-03-14,65.775,66.205,66.245,65.735,,-0.61%
2017-03-13,66.18,66.153,66.185,66.14,,-0.56%
2017-03-10,66.555,66.725,66.725,66.545,,-0.20%
2017-03-09,66.69,66.822,66.86,66.655,,-0.11%
2017-03-08,66.765,66.626,66.78,66.625,,0.21%
2017-03-07,66.625,66.675,66.695,66.589,,-0.07%
2017-03-06,66.675,66.776,66.783,66.645,,-0.16%
2017-03-03,66.78,66.875,66.885,66.768,,-0.01%
2017-03-02,66.785,66.762,66.816,66.67,,-0.12%
2017-03-01,66.865,66.72,66.92,66.715,,0.21%
2017-02-28,66.725,66.745,66.815,66.63,,0.04%
2017-02-27,66.7,66.715,66.785,66.645,,0.08%
2017-02-24,66.645,66.637,66.685,66.595,,-0.07%
2017-02-23,66.69,66.95,66.98,66.69,,-0.39%
2017-02-22,66.95,66.98,67.013,66.875,,-0.05%
2017-02-21,66.985,66.97,67.025,66.929,,0.12%
2017-02-20,66.905,67.065,67.065,66.901,,-0.26%
2017-02-17,67.08,67.125,67.153,66.983,,0.00%
2017-02-16,67.08,66.945,67.12,66.9,,0.31%
2017-02-15,66.875,66.925,66.985,66.86,,0.06%
2017-02-14,66.835,66.945,66.986,66.785,,-0.21%
2017-02-13,66.975,66.905,67.042,66.9,,0.18%
2017-02-10,66.854,66.815,66.985,66.765,,0.13%
2017-02-09,66.765,67.045,67.068,66.705,,-0.43%
2017-02-08,67.05,67.385,67.387,67.05,,-0.45%
2017-02-07,67.35,67.2,67.455,67.2,,0.23%
2017-02-06,67.195,67.205,67.235,67.125,,0.02%
2017-02-03,67.184,67.205,67.425,67.184,,-0.04%
2017-02-02,67.21,67.39,67.51,67.21,,-0.30%
2017-02-01,67.415,67.655,67.688,67.403,,-0.15%
2017-01-31,67.515,67.829,67.901,67.44,,-0.46%
2017-01-30,67.829,68.106,68.12,67.754,,-0.41%
2017-01-27,68.105,68.176,68.235,68.002,,-0.10%
2017-01-26,68.176,67.985,68.237,67.965,,0.28%
2017-01-25,67.988,68.137,68.2,67.971,,-0.22%
2017-01-24,68.138,68.05,68.178,68.04,,0.13%
2017-01-23,68.051,68.081,68.229,68.0,,-0.04%
2017-01-20,68.075,68.1,68.275,67.963,,-0.04%
2017-01-19,68.1,68.22,68.315,68.07,,-0.18%
2017-01-18,68.22,67.855,68.222,67.854,,0.53%
2017-01-17,67.862,68.103,68.157,67.854,,-0.35%
2017-01-16,68.103,68.168,68.28,68.07,,-0.11%
2017-01-13,68.18,68.14,68.318,68.088,,0.06%
2017-01-12,68.141,68.195,68.196,67.947,,-0.25%
2017-01-11,68.312,68.325,68.505,68.174,,-0.02%
2017-01-10,68.327,68.151,68.351,67.984,,0.33%
2017-01-09,68.1,68.116,68.3,68.065,,-0.02%
2017-01-06,68.115,67.74,68.182,67.739,,0.55%
2017-01-05,67.743,67.895,68.012,67.729,,-0.21%
2017-01-04,67.886,68.28,68.295,67.851,,-0.55%
2017-01-03,68.26,68.145,68.44,68.044,,0.17%
2017-01-02,68.145,67.955,68.24,67.92,,0.28%
2016-12-30,67.955,67.935,68.005,67.845,,0.03%
2016-12-29,67.935,68.232,68.257,67.905,,-0.44%
2016-12-28,68.233,67.977,68.27,67.954,,0.38%
2016-12-27,67.978,67.845,68.084,67.77,,0.32%
2016-12-26,67.76,67.841,67.866,67.702,,-0.11%
2016-12-23,67.837,67.845,67.955,67.737,,-0.02%
2016-12-22,67.848,67.838,68.035,67.82,,0.02%
2016-12-21,67.837,67.917,67.966,67.77,,-0.12%
2016-12-20,67.917,67.847,68.111,67.805,,0.11%
2016-12-19,67.844,67.85,67.9,67.704,,-0.02%
2016-12-16,67.855,67.855,67.885,67.734,,0.00%
2016-12-15,67.857,67.765,67.95,67.684,,0.57%
2016-12-14,67.475,67.41,67.605,67.385,,0.09%
2016-12-13,67.411,67.428,67.609,67.38,,-0.03%
2016-12-12,67.431,67.471,67.643,67.37,,-0.06%
2016-12-09,67.47,67.41,67.635,67.364,,-0.11%
2016-12-08,67.546,67.445,67.571,67.314,,0.16%
2016-12-07,67.438,67.738,67.977,67.425,,-0.45%
2016-12-06,67.742,68.026,68.153,67.675,,-0.42%
2016-12-05,68.025,68.026,68.275,68.019,,-0.01%
2016-12-02,68.031,68.235,68.387,68.014,,-0.30%
2016-12-01,68.236,68.595,68.597,68.194,,-0.53%
2016-11-30,68.598,68.615,68.71,68.364,,-0.02%
2016-11-29,68.615,68.575,68.783,68.561,,0.05%
2016-11-28,68.579,68.519,68.805,68.355,,0.09%
2016-11-25,68.519,68.755,68.76,68.3,,-0.35%
2016-11-24,68.761,68.81,68.873,68.574,,-0.03%
2016-11-23,68.784,68.395,68.905,68.355,,0.57%
2016-11-22,68.396,68.225,68.49,68.074,,0.25%
2016-11-21,68.228,68.185,68.292,68.015,,0.05%
2016-11-18,68.191,68.03,68.25,67.94,,0.25%
2016-11-17,68.023,67.985,68.084,67.764,,0.04%
2016-11-16,67.999,67.785,68.125,67.611,,0.31%
2016-11-15,67.786,67.786,67.873,67.525,,0.00%
2016-11-14,67.785,67.52,67.798,67.46,,0.33%
2016-11-11,67.565,67.276,67.565,66.955,,1.05%
2016-11-10,66.865,66.468,66.873,66.325,,0.53%
2016-11-09,66.515,66.246,66.925,66.227,,0.41%
2016-11-08,66.246,66.745,66.747,66.242,,-0.75%
2016-11-07,66.745,66.795,66.805,66.673,,-0.08%
2016-11-04,66.796,66.665,66.822,66.655,,0.19%
2016-11-03,66.668,66.778,66.797,66.635,,-0.14%
2016-11-02,66.762,66.695,66.867,66.631,,0.10%
2016-11-01,66.696,66.685,66.785,66.665,,0.01%
2016-10-31,66.686,66.779,66.8,66.65,,-0.14%
2016-10-28,66.778,66.897,66.936,66.715,,-0.15%
2016-10-27,66.881,66.862,66.963,66.79,,0.03%
2016-10-26,66.863,66.812,66.9,66.751,,0.09%
2016-10-25,66.806,66.851,66.938,66.75,,-0.06%
2016-10-24,66.845,66.921,66.953,66.77,,-0.12%
2016-10-21,66.926,66.852,67.005,66.77,,0.14%
2016-10-20,66.83,66.638,66.87,66.616,,0.28%
2016-10-19,66.645,66.74,66.768,66.61,,-0.13%
2016-10-18,66.733,66.789,66.845,66.645,,-0.08%
2016-10-17,66.789,66.718,66.895,66.715,,0.11%
2016-10-14,66.717,66.794,66.905,66.64,,-0.12%
2016-10-13,66.794,66.827,66.988,66.725,,-0.03%
2016-10-12,66.812,66.819,66.888,66.73,,-0.03%
2016-10-11,66.834,66.508,66.866,66.493,,0.51%
2016-10-10,66.492,66.602,66.615,66.473,,-0.17%
2016-10-07,66.602,66.696,66.885,66.536,,-0.14%
2016-10-06,66.697,66.574,66.796,66.554,,0.19%
2016-10-05,66.572,66.613,66.675,66.503,,-0.06%
2016-10-04,66.609,66.494,66.625,66.381,,0.09%
2016-10-03,66.546,66.556,66.605,66.43,,-0.02%
2016-09-30,66.556,66.802,66.873,66.525,,-0.38%
2016-09-29,66.812,66.346,66.95,66.328,,0.70%
2016-09-28,66.349,66.465,66.548,66.346,,-0.11%
2016-09-27,66.425,66.614,66.697,66.42,,-0.28%
2016-09-26,66.613,66.707,66.805,66.558,,-0.14%
2016-09-23,66.707,66.635,66.75,66.589,,0.11%
2016-09-22,66.633,66.762,66.903,66.535,,-0.17%
2016-09-21,66.744,66.988,67.14,66.738,,-0.36%
2016-09-20,66.985,66.98,67.065,66.915,,0.01%
2016-09-19,66.98,67.076,67.08,66.864,,-0.14%
2016-09-16,67.075,66.863,67.12,66.775,,0.32%
2016-09-15,66.86,66.798,67.08,66.767,,0.09%
2016-09-14,66.798,67.131,67.132,66.786,,-0.51%
2016-09-13,67.14,66.738,67.148,66.732,,0.60%
2016-09-12,66.738,66.89,66.992,66.727,,-0.23%
2016-09-09,66.895,66.638,66.895,66.44,,0.40%
2016-09-08,66.631,66.478,66.676,66.365,,0.23%
2016-09-07,66.478,66.365,66.506,66.315,,0.30%
2016-09-06,66.28,66.535,66.565,66.273,,-0.29%
2016-09-05,66.47,66.61,66.625,66.413,,-0.49%
2016-09-02,66.795,66.802,66.86,66.585,,-0.01%
2016-09-01,66.801,66.962,67.095,66.758,,-0.26%
2016-08-31,66.973,67.148,67.155,66.92,,-0.26%
2016-08-30,67.145,67.096,67.155,66.958,,0.05%
2016-08-29,67.113,67.137,67.233,67.07,,-0.04%
2016-08-26,67.137,67.014,67.161,66.831,,0.18%
2016-08-25,67.016,67.167,67.167,66.995,,-0.22%
2016-08-24,67.167,67.111,67.253,67.045,,0.07%
2016-08-23,67.122,67.194,67.211,67.033,,-0.12%
2016-08-22,67.202,67.139,67.37,67.09,,0.10%
2016-08-19,67.137,66.822,67.205,66.822,,0.46%
2016-08-18,66.83,66.904,66.92,66.731,,-0.09%
2016-08-17,66.893,66.857,67.01,66.843,,0.03%
2016-08-16,66.87,66.865,66.953,66.689,,0.03%
2016-08-15,66.853,66.91,66.965,66.813,,-0.08%
2016-08-12,66.908,66.75,66.926,66.738,,0.24%
2016-08-11,66.75,66.765,66.915,66.738,,-0.02%
2016-08-10,66.765,66.772,66.808,66.6,,-0.01%
2016-08-09,66.774,66.816,66.98,66.738,,-0.05%
2016-08-08,66.81,66.84,66.88,66.691,,-0.05%
2016-08-05,66.842,66.843,66.901,66.71,,0.00%
2016-08-04,66.84,66.782,67.005,66.74,,0.11%
2016-08-03,66.767,66.687,67.01,66.682,,0.13%
2016-08-02,66.682,66.768,66.805,66.58,,-0.12%
2016-08-01,66.765,66.72,66.816,66.664,,0.17%
2016-07-29,66.655,67.018,67.093,66.625,,-0.54%
2016-07-28,67.014,67.058,67.115,66.94,,-0.09%
2016-07-27,67.072,67.294,67.379,67.042,,-0.37%
2016-07-26,67.321,67.415,67.438,67.248,,-0.13%
2016-07-25,67.412,67.149,67.5,67.085,,0.38%
2016-07-22,67.154,67.163,67.231,67.056,,0.00%
2016-07-21,67.153,67.174,67.283,67.101,,-0.02%
2016-07-20,67.164,67.188,67.274,67.115,,-0.06%
2016-07-19,67.204,67.137,67.253,67.082,,0.10%
2016-07-18,67.137,67.096,67.235,67.029,,-0.01%
2016-07-15,67.141,66.843,67.176,66.843,,0.45%
2016-07-14,66.843,67.006,67.049,66.802,,-0.26%
2016-07-13,67.016,67.06,67.218,66.935,,0.06%
2016-07-12,66.975,67.157,67.213,66.975,,-0.24%
2016-07-11,67.138,67.139,67.34,67.03,,0.00%
2016-07-08,67.139,67.495,67.53,67.088,,-0.53%
2016-07-07,67.495,67.404,67.543,67.31,,0.12%
2016-07-06,67.411,67.438,67.585,67.379,,-0.03%
2016-07-05,67.434,67.255,67.54,67.244,,0.25%
2016-07-04,67.265,67.19,67.313,67.133,,0.11%
2016-07-01,67.19,67.509,67.527,67.151,,-0.47%
2016-06-30,67.504,67.394,67.735,67.394,,0.12%
2016-06-29,67.422,67.715,67.864,67.38,,-0.43%
2016-06-28,67.715,67.898,67.99,67.672,,-0.29%
2016-06-27,67.914,67.889,68.09,67.792,,0.04%
2016-06-24,67.885,67.278,68.237,67.247,,0.90%
2016-06-23,67.279,67.442,67.503,67.2,,-0.25%
2016-06-22,67.449,67.64,67.678,67.342,,-0.26%
2016-06-21,67.624,67.497,67.755,67.348,,0.11%
2016-06-20,67.551,67.074,67.708,67.073,,0.71%
2016-06-17,67.074,67.318,67.318,67.038,,-0.36%
2016-06-16,67.315,67.079,67.454,67.077,,0.35%
2016-06-15,67.079,67.292,67.353,67.0,,-0.32%
2016-06-14,67.292,67.188,67.396,67.061,,0.16%
2016-06-13,67.187,66.96,67.22,66.915,,0.35%
2016-06-10,66.952,66.783,67.01,66.717,,0.30%
2016-06-09,66.753,66.491,66.794,66.473,,0.38%
2016-06-08,66.5,66.658,66.821,66.451,,-0.24%
2016-06-07,66.658,66.809,66.965,66.635,,-0.20%
2016-06-06,66.79,66.887,67.05,66.789,,-0.31%
2016-06-03,67.0,67.285,67.373,67.0,,-0.40%
2016-06-02,67.268,67.485,67.51,67.21,,-0.25%
2016-06-01,67.434,67.207,67.519,67.115,,0.33%
2016-05-31,67.209,67.17,67.333,67.104,,0.06%
2016-05-30,67.171,67.04,67.375,67.032,,0.21%
2016-05-27,67.031,66.942,67.13,66.875,,0.16%
2016-05-26,66.927,67.3,67.415,66.903,,-0.51%
2016-05-25,67.273,67.63,67.712,67.223,,-0.53%
2016-05-24,67.63,67.429,67.78,67.417,,0.33%
2016-05-23,67.409,67.431,67.59,67.247,,0.00%
2016-05-20,67.408,67.436,67.54,67.315,,-0.04%
2016-05-19,67.436,67.143,67.61,67.117,,0.44%
2016-05-18,67.14,66.824,67.169,66.824,,0.47%
2016-05-17,66.825,66.845,66.901,66.67,,-0.03%
2016-05-16,66.844,66.925,66.952,66.725,,-0.02%
2016-05-13,66.855,66.758,66.925,66.715,,0.15%
2016-05-12,66.757,66.561,66.781,66.52,,0.29%
2016-05-11,66.561,66.631,66.857,66.52,,-0.11%
2016-05-10,66.631,66.752,66.786,66.542,,-0.18%
2016-05-09,66.752,66.602,66.8,66.39,,0.23%
2016-05-06,66.6,66.568,66.715,66.48,,0.06%
2016-05-05,66.558,66.627,66.675,66.454,,-0.10%
2016-05-04,66.627,66.579,66.689,66.495,,0.10%
2016-05-03,66.558,66.343,66.582,66.23,,0.32%
2016-05-02,66.346,66.426,66.465,66.315,,-0.12%
2016-04-29,66.425,66.395,66.565,66.285,,0.04%
2016-04-28,66.401,66.391,66.561,66.337,,0.06%
2016-04-27,66.362,66.407,66.612,66.344,,-0.06%
2016-04-26,66.404,66.693,66.848,66.397,,-0.42%
2016-04-25,66.685,66.66,66.76,66.59,,0.04%
2016-04-22,66.66,66.502,66.731,66.457,,0.26%
2016-04-21,66.489,66.165,66.528,66.16,,0.49%
2016-04-20,66.166,66.137,66.352,66.09,,0.02%
2016-04-19,66.15,66.417,66.503,66.129,,-0.40%
2016-04-18,66.417,66.661,66.717,66.415,,-0.37%
2016-04-15,66.661,66.597,66.68,66.469,,0.10%
2016-04-14,66.597,66.506,66.718,66.479,,0.15%
2016-04-13,66.496,66.277,66.68,66.271,,0.32%
2016-04-12,66.283,66.301,66.559,66.272,,-0.01%
2016-04-11,66.287,66.555,66.603,66.28,,-0.40%
2016-04-08,66.551,66.757,66.788,66.475,,-0.31%
2016-04-07,66.757,66.517,66.826,66.417,,0.36%
2016-04-06,66.517,66.42,66.745,66.375,,0.14%
2016-04-05,66.422,66.112,66.558,66.075,,0.48%
2016-04-04,66.106,66.305,66.383,66.024,,-0.39%
2016-04-01,66.366,66.355,66.502,66.265,,0.17%
2016-03-31,66.255,66.28,66.381,66.13,,-0.18%
2016-03-30,66.375,66.34,66.531,66.27,,0.00%
2016-03-29,66.375,66.61,66.66,66.366,,-0.35%
2016-03-28,66.608,66.79,66.921,66.511,,-0.33%
2016-03-25,66.829,66.916,66.928,66.74,,-0.13%
2016-03-24,66.916,66.93,66.948,66.822,,-0.02%
2016-03-23,66.931,66.755,66.956,66.618,,0.26%
2016-03-22,66.755,66.5,66.835,66.485,,0.38%
2016-03-21,66.5,66.383,66.572,66.383,,0.17%
2016-03-18,66.384,66.625,66.695,66.256,,-0.35%
2016-03-17,66.619,66.905,66.953,66.6,,-0.82%
2016-03-16,67.173,67.371,67.455,67.173,,-0.30%
2016-03-15,67.372,67.138,67.413,67.136,,0.35%
2016-03-14,67.138,66.973,67.246,66.875,,0.32%
2016-03-11,66.921,67.304,67.352,66.901,,-0.57%
2016-03-10,67.302,67.128,67.373,66.895,,0.26%
2016-03-09,67.128,67.325,67.51,67.062,,-0.27%
2016-03-08,67.313,66.989,67.465,66.989,,0.48%
2016-03-07,66.989,66.989,67.156,66.933,,0.08%
2016-03-04,66.938,67.122,67.348,66.881,,-0.27%
2016-03-03,67.122,67.41,67.462,67.122,,-0.41%
2016-03-02,67.395,67.599,67.778,67.392,,-0.53%
2016-03-01,67.753,68.206,68.355,67.677,,-0.67%
2016-02-29,68.208,68.737,68.792,68.203,,-0.77%
2016-02-26,68.737,68.779,68.86,68.625,,-0.05%
2016-02-25,68.768,68.431,68.909,68.384,,0.49%
2016-02-24,68.432,68.561,68.672,68.386,,-0.19%
2016-02-23,68.561,68.553,68.683,68.455,,0.04%
2016-02-22,68.533,68.69,68.727,68.5,,-0.02%
2016-02-19,68.545,68.531,68.686,68.521,,0.00%
2016-02-18,68.542,68.322,68.595,68.316,,0.31%
2016-02-17,68.329,68.482,68.685,68.314,,-0.21%
2016-02-16,68.474,68.14,68.512,68.061,,0.50%
2016-02-15,68.131,68.119,68.27,68.005,,0.02%
2016-02-12,68.118,68.471,68.496,68.11,,-0.52%
2016-02-11,68.471,67.862,68.489,67.785,,0.90%
2016-02-10,67.861,67.91,68.003,67.798,,-0.06%
2016-02-09,67.901,68.054,68.215,67.881,,-0.20%
2016-02-08,68.034,67.88,68.068,67.775,,0.33%
2016-02-05,67.81,67.546,67.84,67.495,,0.39%
2016-02-04,67.545,67.76,67.896,67.524,,-0.57%
2016-02-03,67.935,67.977,68.268,67.929,,-0.06%
2016-02-02,67.975,67.817,68.043,67.767,,0.21%
2016-02-01,67.835,67.878,67.971,67.635,,-0.06%
2016-01-29,67.878,68.053,68.181,67.78,,-0.26%
2016-01-28,68.053,68.15,68.26,68.014,,-0.13%
2016-01-27,68.144,67.766,68.185,67.739,,0.60%
2016-01-26,67.739,67.727,67.909,67.697,,-0.02%
2016-01-25,67.755,67.579,67.845,67.507,,0.30%
2016-01-22,67.549,67.826,67.869,67.548,,-0.37%
2016-01-21,67.8,67.955,68.113,67.797,,-0.23%
2016-01-20,67.958,67.734,68.173,67.731,,0.33%
2016-01-19,67.734,67.662,67.801,67.523,,0.11%
2016-01-18,67.661,67.791,67.791,67.495,,-0.17%
2016-01-15,67.775,67.328,67.869,67.25,,0.68%
2016-01-14,67.316,66.918,67.49,66.917,,0.60%
2016-01-13,66.917,66.947,66.953,66.725,,-0.04%
2016-01-12,66.946,66.766,66.975,66.735,,0.28%
2016-01-11,66.76,66.874,66.965,66.701,,-0.13%
2016-01-08,66.847,66.891,66.93,66.595,,-0.07%
2016-01-07,66.891,66.712,66.981,66.507,,0.29%
2016-01-06,66.699,66.499,66.905,66.479,,0.33%
2016-01-05,66.481,66.599,66.658,66.423,,-0.15%
2016-01-04,66.579,66.165,66.66,66.165,,0.52%
2016-01-01,66.235,66.209,66.261,66.125,,0.04%
2015-12-31,66.208,66.484,66.484,66.085,,-0.40%
2015-12-30,66.475,66.257,66.495,66.234,,0.36%
2015-12-29,66.235,66.153,66.423,66.136,,0.15%
2015-12-28,66.137,66.03,66.215,66.03,,0.17%
2015-12-25,66.026,65.946,66.03,65.946,,0.12%
2015-12-24,65.947,66.058,66.162,65.947,,-0.14%
2015-12-23,66.037,66.242,66.286,66.011,,-0.31%
2015-12-22,66.244,66.268,66.355,66.176,,-0.01%
2015-12-21,66.251,66.319,66.385,66.189,,-0.01%
2015-12-18,66.255,66.411,66.528,66.228,,-0.25%
2015-12-17,66.421,66.455,66.678,66.26,,-0.08%
2015-12-16,66.476,66.866,66.947,66.431,,-0.58%
2015-12-15,66.863,67.092,67.128,66.77,,-0.34%
2015-12-14,67.093,67.095,67.18,66.956,,-0.08%
2015-12-11,67.149,66.761,67.149,66.736,,0.59%
2015-12-10,66.756,66.855,66.935,66.681,,-0.15%
2015-12-09,66.855,66.862,66.96,66.72,,0.00%
2015-12-08,66.857,66.777,66.895,66.705,,0.13%
2015-12-07,66.773,66.643,66.867,66.563,,0.20%
2015-12-04,66.643,66.79,66.99,66.642,,-0.22%
2015-12-03,66.79,66.598,66.899,66.56,,0.30%
2015-12-02,66.591,66.433,66.673,66.432,,0.24%
2015-12-01,66.434,66.462,66.605,66.385,,-0.04%
2015-11-30,66.462,66.835,66.945,66.422,,-0.67%
2015-11-27,66.908,66.655,66.91,66.645,,0.52%
2015-11-26,66.565,66.376,66.675,66.351,,0.30%
2015-11-25,66.368,66.261,66.399,66.26,,0.16%
2015-11-24,66.262,66.399,66.5,66.26,,-0.20%
2015-11-23,66.396,66.095,66.48,66.057,,0.51%
2015-11-20,66.058,66.088,66.275,66.044,,-0.05%
2015-11-19,66.09,66.057,66.237,66.032,,0.09%
2015-11-18,66.033,66.008,66.32,65.985,,0.08%
2015-11-17,65.981,65.905,66.09,65.885,,0.14%
2015-11-16,65.886,66.079,66.255,65.854,,-0.26%
2015-11-13,66.059,66.185,66.235,66.059,,0.01%
2015-11-12,66.055,66.13,66.16,66.005,,-0.02%
2015-11-11,66.07,66.068,66.078,66.033,,-0.20%
2015-11-10,66.2,66.435,66.485,66.2,,-0.41%
2015-11-09,66.475,66.415,66.495,66.313,,0.51%
2015-11-06,66.14,65.817,66.14,65.727,,0.43%
2015-11-05,65.86,65.609,65.9,65.523,,0.38%
2015-11-04,65.609,65.592,65.628,65.33,,0.06%
2015-11-03,65.569,65.568,65.795,65.411,,0.01%
2015-11-02,65.562,65.413,65.66,65.352,,0.21%
2015-10-30,65.423,65.444,65.453,65.115,,-0.04%
2015-10-29,65.449,65.154,65.47,65.115,,0.76%
2015-10-28,64.954,65.112,65.12,64.833,,-0.24%
2015-10-27,65.112,64.921,65.117,64.885,,0.29%
2015-10-26,64.921,64.964,65.02,64.788,,0.04%
2015-10-23,64.893,64.869,65.06,64.7,,0.05%
2015-10-22,64.86,65.133,65.173,64.853,,-0.44%
2015-10-21,65.146,65.024,65.225,65.0,,0.19%
2015-10-20,65.024,64.92,65.069,64.855,,0.16%
2015-10-19,64.919,64.703,64.937,64.682,,0.33%
2015-10-16,64.703,64.78,65.025,64.64,,-0.12%
2015-10-15,64.779,64.735,64.921,64.68,,0.07%
2015-10-14,64.736,65.112,65.179,64.73,,-0.56%
2015-10-13,65.098,64.798,65.191,64.78,,0.47%
2015-10-12,64.795,64.779,64.885,64.696,,0.02%
2015-10-09,64.78,64.817,65.004,64.689,,-0.06%
2015-10-08,64.819,64.935,65.183,64.816,,-0.14%
2015-10-07,64.907,65.127,65.37,64.815,,-0.34%
2015-10-06,65.129,65.145,65.44,65.128,,-0.01%
2015-10-05,65.134,65.155,65.335,65.047,,-0.35%
2015-10-02,65.364,65.623,65.7,65.358,,-0.41%
2015-10-01,65.631,65.524,65.68,65.488,,0.17%
2015-09-30,65.517,65.836,65.955,65.48,,-0.49%
2015-09-29,65.837,66.413,66.441,65.836,,-0.65%
2015-09-28,66.267,66.16,66.274,66.015,,0.15%
2015-09-25,66.17,66.108,66.242,66.068,,0.09%
2015-09-24,66.11,66.175,66.38,66.035,,-0.11%
2015-09-23,66.184,65.911,66.186,65.828,,0.42%
2015-09-22,65.91,65.71,65.97,65.553,,0.33%
2015-09-21,65.691,65.869,65.95,65.615,,-0.27%
2015-09-18,65.868,66.117,66.26,65.67,,-0.31%
2015-09-17,66.071,66.194,66.301,66.066,,-0.22%
2015-09-16,66.219,66.449,66.52,66.186,,-0.34%
2015-09-15,66.447,66.279,66.48,66.266,,0.28%
2015-09-14,66.261,66.242,66.5,66.21,,0.03%
2015-09-11,66.241,66.309,66.59,66.238,,-0.09%
2015-09-10,66.299,66.646,66.77,66.298,,-0.48%
2015-09-09,66.619,66.311,66.65,66.24,,0.49%
2015-09-08,66.294,66.854,66.913,66.293,,-0.89%
2015-09-07,66.886,66.726,66.908,66.58,,0.30%
2015-09-04,66.685,66.124,66.785,66.09,,0.89%
2015-09-03,66.1,66.202,66.3,66.04,,-0.15%
2015-09-02,66.202,66.383,66.474,66.12,,-0.27%
2015-09-01,66.383,66.398,66.47,66.186,,-0.04%
2015-08-31,66.412,66.151,66.5,66.128,,0.40%
2015-08-28,66.15,65.985,66.26,65.94,,0.28%
2015-08-27,65.968,66.144,66.16,65.858,,-0.05%
2015-08-26,66.004,66.289,66.39,66.004,,-0.42%
2015-08-25,66.28,66.867,66.91,65.865,,-0.80%
2015-08-24,66.814,66.385,66.816,66.3,,1.18%
2015-08-21,66.034,65.441,66.045,65.42,,0.92%
2015-08-20,65.433,65.098,65.7,65.061,,0.50%
2015-08-19,65.11,65.409,65.45,65.061,,-0.53%
2015-08-18,65.454,65.444,65.5,65.3,,0.03%
2015-08-17,65.436,65.096,65.461,65.07,,0.47%
2015-08-14,65.129,65.234,65.38,64.958,,-0.11%
2015-08-13,65.203,64.855,65.34,64.625,,0.54%
2015-08-12,64.855,64.354,64.96,64.28,,0.81%
2015-08-11,64.332,63.773,64.392,63.751,,0.88%
2015-08-10,63.773,63.744,63.92,63.707,,0.05%
2015-08-07,63.739,63.722,63.97,63.701,,0.03%
2015-08-06,63.722,63.692,63.83,63.65,,0.05%
2015-08-05,63.692,63.798,63.94,63.65,,-0.17%
2015-08-04,63.798,64.179,64.179,63.68,,-0.59%
2015-08-03,64.177,63.996,64.19,63.923,,0.30%
2015-07-31,63.988,64.152,64.22,63.864,,-0.23%
2015-07-30,64.138,63.826,64.16,63.82,,0.50%
2015-07-29,63.821,63.8,63.95,63.767,,0.03%
2015-07-28,63.799,64.232,64.243,63.74,,-0.63%
2015-07-27,64.202,64.16,64.27,63.994,,0.15%
2015-07-24,64.106,63.921,64.18,63.826,,0.29%
2015-07-23,63.921,63.57,63.93,63.57,,0.55%
2015-07-22,63.571,63.567,63.68,63.49,,-0.02%
2015-07-21,63.583,63.6,63.76,63.536,,-0.03%
2015-07-20,63.6,63.483,63.75,63.47,,0.17%
2015-07-17,63.492,63.487,63.54,63.375,,0.05%
2015-07-16,63.463,63.508,63.564,63.42,,-0.07%
2015-07-15,63.507,63.278,63.61,63.278,,0.36%
2015-07-14,63.281,63.45,63.6,63.265,,-0.27%
2015-07-13,63.45,63.36,63.6,63.315,,0.15%
2015-07-10,63.358,63.318,63.49,63.308,,0.06%
2015-07-09,63.318,63.456,63.59,63.29,,-0.22%
2015-07-08,63.46,63.476,63.66,63.453,,-0.03%
2015-07-07,63.476,63.263,63.582,63.26,,0.34%
2015-07-06,63.264,63.427,63.64,63.254,,-0.23%
2015-07-03,63.411,63.297,63.5,63.297,,0.18%
2015-07-02,63.299,63.553,63.68,63.296,,-0.39%
2015-07-01,63.55,63.609,63.712,63.53,,-0.08%
2015-06-30,63.604,63.707,63.81,63.55,,-0.16%
2015-06-29,63.707,63.523,63.95,63.45,,0.40%
2015-06-26,63.452,63.528,63.67,63.45,,-0.10%
2015-06-25,63.518,63.548,63.65,63.489,,-0.01%
2015-06-24,63.526,63.59,63.71,63.487,,-0.13%
2015-06-23,63.607,63.532,63.695,63.5,,0.13%
2015-06-22,63.523,63.532,63.59,63.44,,0.04%
2015-06-19,63.5,63.579,63.87,63.42,,-0.12%
2015-06-18,63.577,63.905,63.95,63.566,,-0.68%
2015-06-17,64.011,64.166,64.28,63.989,,-0.24%
2015-06-16,64.166,64.081,64.33,63.996,,0.13%
2015-06-15,64.085,64.1,64.2,63.991,,-0.02%
2015-06-12,64.1,63.986,64.2,63.893,,0.22%
2015-06-11,63.959,63.782,64.03,63.743,,0.30%
2015-06-10,63.766,64.039,64.071,63.76,,-0.38%
2015-06-09,64.01,63.963,64.09,63.85,,0.10%
2015-06-08,63.947,64.111,64.18,63.925,,0.28%
2015-06-05,63.77,63.963,64.035,63.748,,-0.30%
2015-06-04,63.964,63.996,64.27,63.916,,-0.05%
2015-06-03,63.997,63.699,64.08,63.669,,0.48%
2015-06-02,63.689,63.611,63.97,63.59,,0.15%
2015-06-01,63.594,63.733,63.841,63.53,,-0.23%
2015-05-29,63.743,63.79,63.946,63.68,,-0.03%
2015-05-28,63.763,63.823,64.0,63.743,,-0.10%
2015-05-27,63.826,63.983,64.17,63.82,,-0.23%
2015-05-26,63.972,63.493,64.02,63.49,,0.75%
2015-05-25,63.496,63.511,63.68,63.49,,0.01%
2015-05-22,63.49,63.578,63.681,63.43,,-0.14%
2015-05-21,63.58,63.612,63.75,63.51,,-0.03%
2015-05-20,63.598,63.781,63.9,63.555,,-0.26%
2015-05-19,63.763,63.725,63.85,63.52,,0.09%
2015-05-18,63.708,63.442,63.75,63.425,,0.42%
2015-05-15,63.44,63.403,63.662,63.347,,0.09%
2015-05-14,63.383,64.014,64.063,63.379,,-0.98%
2015-05-13,64.013,64.146,64.281,63.845,,-0.21%
2015-05-12,64.147,64.007,64.39,63.998,,0.22%
2015-05-11,64.007,63.705,64.022,63.705,,0.46%
2015-05-08,63.711,64.071,64.23,63.657,,-0.56%
2015-05-07,64.073,63.635,64.29,63.623,,0.71%
2015-05-06,63.621,63.376,63.685,63.305,,0.40%
2015-05-05,63.369,63.563,63.62,63.315,,-0.23%
2015-05-04,63.516,63.692,63.693,63.516,,-0.32%
2015-05-01,63.719,63.531,63.72,63.5,,0.30%
2015-04-30,63.53,63.44,63.74,63.393,,0.11%
2015-04-29,63.46,63.049,63.502,63.04,,0.64%
2015-04-28,63.054,63.335,63.47,63.027,,-0.46%
2015-04-27,63.346,63.747,63.78,63.346,,-0.50%
2015-04-24,63.662,63.283,63.683,63.207,,0.61%
2015-04-23,63.277,62.968,63.43,62.888,,0.47%
2015-04-22,62.98,62.881,63.013,62.716,,0.20%
2015-04-21,62.854,63.14,63.164,62.743,,-0.45%
2015-04-20,63.137,62.554,63.167,62.494,,0.94%
2015-04-17,62.55,62.317,62.551,62.303,,0.37%
2015-04-16,62.317,62.353,62.405,62.245,,-0.07%
2015-04-15,62.36,62.294,62.46,62.264,,0.15%
2015-04-14,62.268,62.413,62.422,62.21,,-0.22%
2015-04-13,62.407,62.184,62.573,62.18,,0.21%
2015-04-10,62.276,62.301,62.43,62.209,,-0.05%
2015-04-09,62.306,62.201,62.337,62.148,,0.18%
2015-04-08,62.192,62.301,62.366,62.139,,-0.17%
2015-04-07,62.296,62.206,62.425,62.195,,0.14%
2015-04-06,62.207,61.93,62.235,61.93,,0.40%
2015-04-03,61.96,62.078,62.145,61.936,,-0.17%
2015-04-02,62.067,62.163,62.24,62.046,,-0.12%
2015-04-01,62.142,62.292,62.402,62.135,,-0.24%
2015-03-31,62.291,62.514,62.68,62.276,,-0.35%
2015-03-30,62.51,62.534,62.692,62.438,,-0.02%
2015-03-27,62.523,62.84,62.851,62.39,,-0.50%
2015-03-26,62.836,62.43,62.843,62.43,,0.68%
2015-03-25,62.412,62.344,62.454,62.261,,0.10%
2015-03-24,62.348,62.205,62.421,62.14,,0.19%
2015-03-23,62.23,62.405,62.405,62.228,,-0.29%
2015-03-20,62.41,62.515,62.588,62.405,,-0.13%
2015-03-19,62.49,62.385,62.677,62.365,,-0.34%
2015-03-18,62.701,62.651,62.785,62.614,,0.12%
2015-03-17,62.623,62.78,62.852,62.609,,-0.25%
2015-03-16,62.78,63.089,63.14,62.758,,-0.48%
2015-03-13,63.083,62.561,63.129,62.43,,0.87%
2015-03-12,62.542,62.777,62.795,62.407,,-0.38%
2015-03-11,62.781,62.72,62.877,62.695,,0.10%
2015-03-10,62.72,62.641,62.835,62.562,,0.14%
2015-03-09,62.634,62.475,62.8,62.4,,0.28%
2015-03-06,62.46,62.394,62.461,62.3,,0.13%
2015-03-05,62.381,62.31,62.43,62.155,,0.12%
2015-03-04,62.309,61.819,62.396,61.659,,0.79%
2015-03-03,61.819,61.862,61.973,61.772,,-0.07%
2015-03-02,61.862,61.713,62.0,61.675,,0.33%
2015-02-27,61.659,61.744,61.92,61.658,,-0.12%
2015-02-26,61.731,61.871,62.0,61.675,,-0.21%
2015-02-25,61.862,62.09,62.113,61.84,,-0.50%
2015-02-24,62.17,62.172,62.36,62.07,,0.01%
2015-02-23,62.163,62.271,62.33,62.117,,0.09%
2015-02-20,62.109,62.14,62.29,62.108,,-0.05%
2015-02-19,62.138,62.064,62.17,62.03,,0.13%
2015-02-18,62.057,62.158,62.361,62.005,,-0.16%
2015-02-17,62.158,62.105,62.271,62.07,,0.09%
2015-02-16,62.105,62.114,62.25,62.068,,0.05%
2015-02-13,62.076,62.14,62.224,62.02,,-0.12%
2015-02-12,62.15,62.382,62.54,62.028,,-0.37%
2015-02-11,62.382,62.327,62.433,62.113,,0.09%
2015-02-10,62.327,62.161,62.374,61.923,,0.29%
2015-02-09,62.149,62.058,62.22,61.95,,0.29%
2015-02-06,61.97,61.708,62.03,61.665,,0.42%
2015-02-05,61.709,61.842,61.95,61.678,,-0.22%
2015-02-04,61.842,61.596,61.91,61.558,,0.40%
2015-02-03,61.596,61.721,61.845,61.565,,-0.20%
2015-02-02,61.719,62.005,62.085,61.645,,-0.49%
2015-01-30,62.02,61.807,62.037,61.705,,0.35%
2015-01-29,61.801,61.435,61.981,61.425,,0.72%
2015-01-28,61.358,61.51,61.528,61.265,,-0.08%
2015-01-27,61.41,61.48,61.513,61.353,,-0.11%
2015-01-26,61.48,61.51,61.52,61.47,,0.07%
2015-01-23,61.44,61.445,61.608,61.366,,-0.27%
2015-01-22,61.605,61.625,61.76,61.495,,0.07%
2015-01-21,61.56,61.725,61.725,61.54,,-0.15%
2015-01-20,61.655,61.825,61.905,61.65,,0.02%
2015-01-19,61.645,61.645,61.801,61.595,,-0.36%
2015-01-16,61.87,62.085,62.207,61.795,,-0.31%
2015-01-15,62.065,61.885,62.105,61.485,,-0.05%
2015-01-14,62.095,62.085,62.238,62.065,,0.19%
2015-01-13,61.98,62.095,62.188,61.97,,-0.15%
2015-01-12,62.075,62.355,62.355,62.065,,-0.45%
2015-01-09,62.355,62.495,62.515,62.295,,-0.51%
2015-01-08,62.675,63.205,63.205,62.595,,-0.96%
2015-01-07,63.28,63.515,63.558,63.165,,-0.46%
2015-01-06,63.575,63.375,63.625,63.315,,0.36%
2015-01-05,63.345,63.435,63.5,63.288,,0.09%
2015-01-02,63.285,63.435,63.489,63.243,,-0.11%
2015-01-01,63.355,63.175,63.455,63.175,,0.51%
2014-12-31,63.035,63.315,63.388,63.035,,-0.55%
2014-12-30,63.385,63.725,63.793,63.355,,-0.45%
2014-12-29,63.67,63.665,63.715,63.625,,0.17%
2014-12-26,63.563,63.455,63.69,63.455,,0.07%
2014-12-25,63.52,63.52,63.52,63.52,,0.00%
2014-12-24,63.52,63.435,63.565,63.374,,0.13%
2014-12-23,63.44,63.305,63.501,63.245,,0.33%
2014-12-22,63.23,63.245,63.317,63.134,,-0.02%
2014-12-19,63.245,63.055,63.345,62.988,,0.40%
2014-12-18,62.99,63.355,63.395,62.985,,-0.84%
2014-12-17,63.525,63.535,63.885,63.45,,-0.21%
2014-12-16,63.66,62.91,63.66,62.81,,0.77%
2014-12-15,63.175,62.21,63.175,62.21,,1.04%
2014-12-12,62.525,62.26,62.535,62.21,,0.07%
2014-12-11,62.48,62.05,62.48,62.01,,0.59%
2014-12-10,62.115,61.805,62.115,61.77,,0.38%
2014-12-09,61.88,61.885,61.955,61.83,,0.09%
2014-12-08,61.825,61.975,62.01,61.825,,-0.15%
2014-12-05,61.918,61.835,61.918,61.77,,0.21%
2014-12-04,61.79,61.935,61.958,61.79,,-0.12%
2014-12-03,61.863,61.875,61.957,61.805,,0.11%
2014-12-02,61.795,61.91,62.018,61.795,,-0.26%
2014-12-01,61.955,62.06,62.235,61.955,,-0.41%
2014-11-28,62.21,61.81,62.25,61.76,,0.57%
2014-11-27,61.86,61.735,61.924,61.735,,0.11%
2014-11-26,61.795,61.853,61.901,61.785,,-0.11%
2014-11-25,61.865,61.905,62.035,61.843,,0.01%
2014-11-24,61.86,61.695,61.968,61.655,,0.15%
2014-11-21,61.768,61.845,61.905,61.745,,-0.26%
2014-11-20,61.93,62.035,62.223,61.89,,-0.02%
2014-11-19,61.945,61.835,62.001,61.785,,0.36%
2014-11-18,61.725,61.735,61.878,61.7,,-0.17%
2014-11-17,61.83,61.625,61.83,61.625,,0.19%
2014-11-14,61.715,61.625,61.86,61.555,,0.19%
2014-11-13,61.6,61.485,61.63,61.485,,0.37%
2014-11-12,61.375,61.525,61.56,61.375,,-0.23%
2014-11-11,61.515,61.565,61.648,61.515,,0.05%
2014-11-10,61.485,61.46,61.57,61.385,,-0.06%
2014-11-07,61.52,61.433,61.7,61.433,,0.03%
2014-11-06,61.5,61.445,61.52,61.43,,0.11%
2014-11-05,61.435,61.335,61.545,61.295,,0.07%
2014-11-04,61.395,61.36,61.415,61.31,,-0.04%
2014-11-03,61.42,61.505,61.505,61.33,,0.02%
2014-10-31,61.405,61.36,61.615,61.295,,-0.06%
2014-10-30,61.44,61.29,61.545,61.29,,0.24%
2014-10-29,61.29,61.255,61.365,61.22,,0.17%
2014-10-28,61.188,61.25,61.412,61.162,,-0.19%
2014-10-27,61.305,61.175,61.365,61.175,,0.22%
2014-10-24,61.17,61.17,61.17,61.17,,0.00%
2014-10-23,61.17,61.162,61.21,61.098,,-0.05%
2014-10-22,61.2,61.093,61.305,61.01,,0.08%
2014-10-21,61.15,61.305,61.368,61.12,,-0.14%
2014-10-20,61.235,61.31,61.375,61.175,,-0.21%
2014-10-17,61.365,61.76,61.76,61.36,,-0.77%
2014-10-16,61.84,61.485,61.95,61.433,,0.75%
2014-10-15,61.38,61.31,61.41,61.245,,-0.03%
2014-10-14,61.4,60.935,61.48,60.925,,0.64%
2014-10-13,61.01,61.285,61.305,61.01,,-0.45%
2014-10-10,61.285,61.155,61.365,61.115,,0.38%
2014-10-09,61.055,61.135,61.135,60.903,,-0.50%
2014-10-08,61.36,61.465,61.518,61.315,,0.09%
2014-10-07,61.305,61.455,61.485,61.28,,-0.39%
2014-10-06,61.545,61.545,61.545,61.545,,0.00%
2014-10-03,61.545,61.545,61.545,61.545,,0.00%
2014-10-02,61.545,61.72,61.72,61.545,,-0.29%
2014-10-01,61.725,61.83,61.955,61.582,,-0.35%
2014-09-30,61.94,61.605,61.94,61.555,,0.62%
2014-09-29,61.56,61.145,61.62,61.145,,0.68%
2014-09-26,61.145,61.345,61.623,61.015,,-0.31%
2014-09-25,61.335,60.965,61.42,60.93,,0.64%
2014-09-24,60.945,61.035,61.052,60.905,,-0.18%
2014-09-23,61.055,60.945,61.055,60.864,,0.18%
2014-09-22,60.945,60.79,60.945,60.745,,0.14%
2014-09-19,60.86,60.775,60.895,60.73,,0.20%
2014-09-18,60.74,61.11,61.207,60.74,,-0.29%
2014-09-17,60.915,60.975,61.031,60.83,,-0.24%
2014-09-16,61.06,61.025,61.168,61.008,,-0.07%
2014-09-15,61.105,60.655,61.175,60.655,,0.74%
2014-09-12,60.655,60.975,61.025,60.645,,-0.45%
2014-09-11,60.93,60.85,60.944,60.723,,0.00%
2014-09-10,60.93,60.775,61.05,60.755,,0.54%
2014-09-09,60.605,60.435,60.683,60.404,,0.55%
2014-09-08,60.275,60.295,60.314,60.201,,-0.20%
2014-09-05,60.395,60.445,60.505,60.38,,0.06%
2014-09-04,60.36,60.465,60.49,60.355,,-0.21%
2014-09-03,60.49,60.61,60.692,60.335,,-0.32%
2014-09-02,60.685,60.59,60.695,60.505,,0.26%
2014-09-01,60.53,60.52,60.535,60.425,,0.02%
2014-08-29,60.52,60.5,60.55,60.47,,0.03%
2014-08-28,60.5,60.405,60.698,60.365,,0.07%
2014-08-27,60.455,60.485,60.513,60.36,,0.03%
2014-08-26,60.435,60.51,60.59,60.435,,-0.22%
2014-08-25,60.57,60.555,60.58,60.405,,0.17%
2014-08-22,60.47,60.495,60.56,60.365,,-0.34%
2014-08-21,60.675,60.7,60.8,60.615,,0.10%
2014-08-20,60.615,60.845,60.883,60.52,,-0.10%
2014-08-19,60.675,60.775,60.79,60.645,,-0.17%
2014-08-18,60.78,60.78,60.78,60.78,,0.00%
2014-08-15,60.78,60.82,60.85,60.78,,0.02%
2014-08-14,60.765,61.105,61.12,60.765,,-0.54%
2014-08-13,61.095,61.085,61.305,61.085,,0.02%
2014-08-12,61.085,61.13,61.228,61.075,,-0.15%
2014-08-11,61.175,61.09,61.272,61.025,,0.05%
2014-08-08,61.145,61.245,61.743,61.135,,-0.16%
2014-08-07,61.245,61.41,61.551,61.215,,-0.41%
2014-08-06,61.5,61.035,61.525,61.03,,1.07%
2014-08-05,60.85,60.89,61.003,60.695,,-0.16%
2014-08-04,60.945,61.215,61.215,60.875,,-0.44%
2014-08-01,61.215,60.745,61.22,60.688,,1.09%
2014-07-31,60.555,60.245,60.565,60.201,,0.82%
2014-07-30,60.065,60.245,60.245,60.049,,-0.11%
2014-07-29,60.13,60.12,60.14,60.1,,0.07%
2014-07-28,60.09,60.06,60.165,60.06,,0.05%
2014-07-25,60.06,60.05,60.183,60.01,,-0.11%
2014-07-24,60.125,59.955,60.165,59.93,,0.17%
2014-07-23,60.02,60.135,60.198,59.96,,-0.14%
2014-07-22,60.105,60.255,60.3,60.1,,-0.23%
2014-07-21,60.245,60.285,60.35,60.162,,-0.07%
2014-07-18,60.285,60.39,60.455,60.244,,0.17%
2014-07-17,60.185,60.03,60.198,60.03,,0.10%
2014-07-16,60.125,60.24,60.275,60.088,,0.00%
2014-07-15,60.125,60.05,60.248,60.01,,0.00%
2014-07-14,60.125,59.957,60.203,59.905,,0.05%
2014-07-11,60.095,60.11,60.305,59.915,,-0.17%
2014-07-10,60.195,59.69,60.223,59.575,,0.72%
2014-07-09,59.765,59.755,59.938,59.671,,0.02%
2014-07-08,59.755,59.955,59.995,59.665,,-0.33%
2014-07-07,59.955,59.805,60.048,59.725,,0.39%
2014-07-04,59.725,59.743,59.84,59.645,,-0.03%
2014-07-03,59.74,59.675,59.848,59.53,,0.08%
2014-07-02,59.692,60.035,60.095,59.6,,-0.61%
2014-07-01,60.06,60.085,60.188,60.053,,0.00%
2014-06-30,60.06,60.045,60.268,59.995,,0.02%
2014-06-27,60.045,60.21,60.21,60.045,,-0.27%
2014-06-26,60.21,60.035,60.26,60.035,,0.21%
2014-06-25,60.085,60.245,60.388,60.085,,-0.12%
2014-06-24,60.16,60.09,60.177,60.075,,0.00%
2014-06-23,60.16,60.1,60.3,60.025,,-0.02%
2014-06-20,60.175,60.225,60.335,60.13,,0.13%
2014-06-19,60.095,60.23,60.23,59.855,,-0.34%
2014-06-18,60.3,60.21,60.535,60.055,,-0.05%
2014-06-17,60.33,60.11,60.52,60.025,,0.24%
2014-06-16,60.185,59.71,60.233,59.71,,0.80%
2014-06-13,59.71,59.31,59.815,59.305,,0.70%
2014-06-12,59.295,59.23,59.365,59.1,,-0.08%
2014-06-11,59.34,59.325,59.361,59.225,,0.21%
2014-06-10,59.215,59.13,59.34,59.13,,0.02%
2014-06-09,59.205,59.11,59.21,58.975,,0.05%
2014-06-06,59.175,59.17,59.315,59.105,,-0.14%
2014-06-05,59.26,59.28,59.36,59.19,,-0.03%
2014-06-04,59.28,59.425,59.455,59.205,,-0.10%
2014-06-03,59.34,59.08,59.437,59.08,,0.31%
2014-06-02,59.155,59.11,59.285,59.065,,-0.07%
2014-05-30,59.195,59.035,59.195,58.93,,0.47%
2014-05-29,58.92,58.925,59.075,58.79,,-0.04%
2014-05-28,58.945,58.96,59.218,58.815,,-0.17%
2014-05-27,59.045,58.715,59.098,58.66,,0.56%
2014-05-26,58.715,58.445,58.925,58.408,,0.32%
2014-05-23,58.525,58.465,58.552,58.333,,0.41%
2014-05-22,58.285,58.605,58.693,58.26,,-0.70%
2014-05-21,58.695,58.705,58.873,58.635,,0.18%
2014-05-20,58.59,58.59,58.825,58.515,,0.37%
2014-05-19,58.375,58.555,58.605,58.37,,-0.36%
2014-05-16,58.585,59.36,59.36,58.585,,-1.48%
2014-05-15,59.465,59.41,59.605,59.09,,-0.03%
2014-05-14,59.485,59.405,59.515,59.39,,0.03%
2014-05-13,59.465,59.96,59.96,59.46,,-0.98%
2014-05-12,60.055,59.91,60.115,59.509,,0.15%
2014-05-09,59.965,60.065,60.098,59.875,,0.11%
2014-05-08,59.9,59.955,60.09,59.878,,-0.21%
2014-05-07,60.025,60.045,60.145,59.955,,0.07%
2014-05-06,59.985,60.065,60.233,59.975,,-0.42%
2014-05-05,60.24,60.085,60.245,59.999,,0.09%
2014-05-02,60.185,60.225,60.28,60.095,,-0.14%
2014-05-01,60.27,60.27,60.27,60.27,,-0.12%
2014-04-30,60.345,60.355,60.411,60.23,,-0.13%
2014-04-29,60.425,60.615,60.635,60.32,,-0.37%
2014-04-28,60.65,60.61,60.74,60.429,,0.01%
2014-04-25,60.645,61.055,61.148,60.539,,-0.76%
2014-04-24,61.11,61.01,61.14,61.01,,0.02%
2014-04-23,61.095,60.885,61.193,60.865,,0.54%
2014-04-22,60.765,60.675,60.885,60.635,,0.28%
2014-04-21,60.595,60.27,60.613,60.27,,0.50%
2014-04-18,60.295,60.295,60.295,60.24,,0.00%
2014-04-17,60.295,60.295,60.503,60.27,,-0.13%
2014-04-16,60.375,60.305,60.425,60.19,,0.23%
2014-04-15,60.235,60.36,60.36,60.205,,-0.03%
2014-04-14,60.255,60.255,60.255,60.255,,0.12%
2014-04-11,60.18,60.325,60.345,60.14,,0.17%
2014-04-10,60.075,60.045,60.295,60.035,,-0.12%
2014-04-09,60.145,59.975,60.155,59.828,,0.09%
2014-04-08,60.09,60.13,60.15,60.03,,-0.04%
2014-04-07,60.115,59.905,60.255,59.775,,0.05%
2014-04-04,60.085,60.355,60.394,60.075,,-0.14%
2014-04-03,60.17,59.955,60.305,59.835,,0.44%
2014-04-02,59.905,59.815,59.915,59.575,,-0.18%
2014-04-01,60.015,59.935,60.045,59.935,,0.00%
2014-03-31,60.015,59.915,60.02,59.915,,0.21%
2014-03-28,59.89,60.185,60.185,59.685,,-0.59%
2014-03-27,60.245,60.245,60.355,60.125,,0.17%
2014-03-26,60.145,60.305,60.31,60.065,,-0.56%
2014-03-25,60.485,60.605,60.605,60.435,,-0.49%
2014-03-24,60.78,60.855,60.855,60.645,,-0.20%
2014-03-21,60.9,61.195,61.205,60.9,,-0.72%
2014-03-20,61.34,61.385,61.385,61.065,,0.60%
2014-03-19,60.975,61.075,61.171,60.915,,-0.23%
2014-03-18,61.115,61.025,61.208,60.87,,0.04%
2014-03-17,61.09,61.13,61.13,61.07,,-0.19%
2014-03-14,61.205,61.415,61.552,61.055,,0.05%
2014-03-13,61.175,61.025,61.185,60.915,,-0.07%
2014-03-12,61.22,60.945,61.3,60.945,,0.45%
2014-03-11,60.945,60.89,60.978,60.605,,0.16%
2014-03-10,60.845,61.255,61.335,60.79,,-0.39%
2014-03-07,61.085,61.015,61.175,60.945,,-0.05%
2014-03-06,61.115,61.535,61.535,61.105,,-1.04%
2014-03-05,61.755,61.905,61.913,61.655,,-0.24%
2014-03-04,61.905,62.125,62.145,61.823,,-0.23%
2014-03-03,62.045,61.955,62.09,61.815,,0.40%
2014-02-28,61.795,62.105,62.143,61.755,,-0.32%
2014-02-27,61.995,61.995,61.995,61.995,,0.02%
2014-02-26,61.985,61.965,62.055,61.89,,0.00%
2014-02-25,61.985,61.975,62.04,61.855,,-0.14%
2014-02-24,62.075,62.105,62.16,61.948,,-0.10%
2014-02-21,62.14,62.185,62.185,62.05,,-0.16%
2014-02-20,62.24,62.375,62.448,62.207,,0.00%
2014-02-19,62.24,62.205,62.24,62.205,,0.10%
2014-02-18,62.18,62.015,62.305,61.96,,0.54%
2014-02-17,61.845,61.965,62.084,61.825,,-0.02%
2014-02-14,61.855,62.245,62.368,61.845,,-0.91%
2014-02-13,62.425,62.01,62.465,62.01,,0.53%
2014-02-12,62.095,62.105,62.19,62.045,,-0.21%
2014-02-11,62.225,62.365,62.455,62.188,,-0.37%
2014-02-10,62.455,62.37,62.495,62.083,,0.24%
2014-02-07,62.305,62.305,62.42,62.253,,-0.12%
2014-02-06,62.38,62.37,62.548,62.36,,-0.35%
2014-02-05,62.6,62.39,62.62,62.36,,0.11%
2014-02-04,62.53,62.66,62.84,62.493,,-0.06%
2014-02-03,62.565,62.705,62.795,62.558,,-0.19%
2014-01-31,62.685,62.405,62.765,62.355,,0.19%
2014-01-30,62.565,62.905,62.905,62.545,,0.14%
2014-01-29,62.475,62.335,62.585,62.105,,-0.16%
2014-01-28,62.575,63.185,63.185,62.505,,-0.84%
2014-01-27,63.105,62.885,63.323,62.655,,0.65%
2014-01-24,62.695,61.935,62.735,61.935,,1.23%
2014-01-23,61.933,61.815,62.053,61.815,,0.18%
2014-01-22,61.82,61.905,62.023,61.711,,-0.11%
2014-01-21,61.885,61.545,61.945,61.455,,0.42%
2014-01-20,61.625,61.675,61.675,61.535,,0.13%
2014-01-17,61.545,61.49,61.555,61.316,,0.01%
2014-01-16,61.54,61.655,61.71,61.51,,-0.06%
2014-01-15,61.58,61.67,61.715,61.428,,0.15%
2014-01-14,61.49,61.48,61.49,61.49,,-0.06%
2014-01-13,61.525,61.605,61.64,61.425,,-0.62%
2014-01-10,61.908,62.005,62.008,61.828,,-0.30%
2014-01-09,62.095,62.125,62.245,61.975,,-0.11%
2014-01-08,62.165,62.205,62.269,62.075,,-0.22%
2014-01-07,62.305,62.405,62.473,62.295,,-0.02%
2014-01-06,62.315,62.355,62.465,62.225,,0.20%
2014-01-03,62.19,62.345,62.56,62.148,,-0.13%
2014-01-02,62.27,61.89,62.415,61.753,,0.58%
2014-01-01,61.91,61.826,61.99,61.805,,0.16%
2013-12-31,61.81,61.8,62.03,61.718,,-0.18%
2013-12-30,61.92,61.996,62.161,61.779,,-0.03%
2013-12-27,61.94,62.14,62.168,61.835,,-0.37%
2013-12-26,62.17,61.785,62.17,61.77,,0.60%
2013-12-25,61.8,61.8,61.8,61.8,,0.07%
2013-12-24,61.755,61.8,61.973,61.719,,-0.34%
2013-12-23,61.963,62.106,62.155,61.79,,-0.06%
2013-12-20,62.0,62.405,62.455,61.93,,-0.24%
2013-12-19,62.15,62.01,62.485,62.01,,0.08%
2013-12-18,62.1,61.91,62.198,61.785,,0.13%
2013-12-17,62.02,61.695,62.035,61.695,,0.45%
2013-12-16,61.74,62.075,62.218,61.626,,-0.73%
2013-12-13,62.195,62.105,62.292,62.05,,0.61%
2013-12-12,61.82,61.605,61.935,61.426,,0.92%
2013-12-11,61.255,61.015,61.44,61.015,,0.34%
2013-12-10,61.05,60.985,61.299,60.944,,-0.15%
2013-12-09,61.14,60.835,61.214,60.835,,-0.48%
2013-12-06,61.435,61.645,61.727,61.273,,-0.53%
2013-12-05,61.763,61.955,61.955,61.532,,-0.48%
2013-12-04,62.06,62.385,62.541,61.912,,-0.50%
2013-12-03,62.37,62.32,62.46,62.206,,0.07%
2013-12-02,62.325,62.355,62.355,61.921,,-0.12%
2013-11-29,62.399,62.315,62.648,62.198,,0.19%
2013-11-28,62.282,62.395,62.568,62.265,,0.21%
2013-11-27,62.15,62.473,62.475,62.145,,-0.58%
2013-11-26,62.51,62.396,62.658,62.198,,0.00%
2013-11-25,62.51,62.655,62.72,62.347,,-0.36%
2013-11-22,62.733,63.04,63.086,62.733,,-0.33%
2013-11-21,62.94,62.51,63.07,62.51,,0.58%
2013-11-20,62.58,62.255,62.681,62.243,,0.34%
2013-11-19,62.37,62.18,62.39,61.875,,-0.08%
2013-11-18,62.42,62.84,62.911,62.375,,-0.89%
2013-11-15,62.98,63.105,63.262,62.975,,-0.22%
2013-11-14,63.12,63.315,63.341,62.955,,-0.30%
2013-11-13,63.31,63.735,63.92,63.217,,-0.64%
2013-11-12,63.72,63.25,63.841,63.25,,0.75%
2013-11-11,63.245,62.99,63.512,62.93,,1.22%
2013-11-08,62.48,62.405,62.844,62.405,,0.10%
2013-11-07,62.42,62.35,62.768,62.32,,0.03%
2013-11-06,62.4,62.005,62.547,61.828,,1.24%
2013-11-05,61.635,61.75,61.965,61.615,,-0.19%
2013-11-04,61.75,61.75,61.75,61.75,,0.00%
2013-11-01,61.75,61.505,62.025,61.505,,0.20%
2013-10-31,61.624,61.28,61.63,61.24,,0.59%
2013-10-30,61.26,61.38,61.601,61.09,,-0.28%
2013-10-29,61.43,61.525,61.725,61.313,,-0.02%
2013-10-28,61.445,61.415,61.608,61.378,,-0.03%
2013-10-25,61.465,61.465,61.795,61.37,,-0.01%
2013-10-24,61.47,61.6,61.69,61.309,,-0.26%
2013-10-23,61.63,61.66,61.722,61.075,,-0.04%
2013-10-22,61.655,61.625,61.835,61.535,,0.12%
2013-10-21,61.58,61.345,61.593,61.34,,0.56%
2013-10-18,61.24,61.195,61.715,60.935,,0.16%
2013-10-17,61.14,61.555,61.735,61.14,,-0.96%
2013-10-16,61.735,61.765,61.765,61.735,,-0.17%
2013-10-15,61.84,61.28,61.96,61.28,,0.46%
2013-10-14,61.555,61.155,61.555,61.128,,0.88%
2013-10-11,61.02,61.205,61.371,60.96,,-0.55%
2013-10-10,61.36,61.83,62.29,61.25,,-0.84%
2013-10-09,61.88,62.105,62.31,61.73,,-0.12%
2013-10-08,61.955,61.795,61.955,61.613,,0.26%
2013-10-07,61.795,61.505,61.955,61.495,,0.59%
2013-10-04,61.435,61.855,61.945,61.26,,-0.49%
2013-10-03,61.735,62.425,62.425,61.648,,-1.16%
2013-10-02,62.46,62.46,62.46,62.46,,0.00%
2013-10-01,62.46,62.555,62.565,62.168,,-0.21%
2013-09-30,62.59,62.99,63.035,62.5,,0.12%
2013-09-27,62.515,62.075,62.565,61.764,,0.71%
2013-09-26,62.075,62.445,62.445,61.978,,-0.59%
2013-09-25,62.445,62.765,62.885,62.328,,-0.55%
2013-09-24,62.79,62.61,62.913,62.445,,0.30%
2013-09-23,62.605,62.26,62.73,62.26,,0.59%
2013-09-20,62.235,62.045,62.615,61.885,,0.74%
2013-09-19,61.775,61.765,62.075,61.653,,-2.54%
2013-09-18,63.385,63.31,63.458,63.055,,0.02%
2013-09-17,63.375,63.36,63.64,62.955,,0.86%
2013-09-16,62.835,62.705,62.89,62.445,,-0.86%
2013-09-13,63.38,63.745,64.18,63.348,,-0.08%
2013-09-12,63.43,63.26,63.985,62.915,,0.24%
2013-09-11,63.275,63.895,64.203,63.005,,-0.89%
2013-09-10,63.845,64.405,64.545,63.765,,-2.15%
2013-09-09,65.245,65.245,65.245,65.245,,0.00%
2013-09-06,65.245,66.005,66.303,65.01,,-1.17%
2013-09-05,66.015,67.01,67.01,65.535,,-1.57%
2013-09-04,67.07,68.301,68.61,66.815,,-0.84%
2013-09-03,67.635,66.295,68.255,66.26,,2.47%
2013-09-02,66.005,66.105,66.303,65.69,,0.46%
2013-08-30,65.705,67.085,67.433,65.695,,-1.28%
2013-08-29,66.555,66.915,67.885,66.515,,-3.27%
2013-08-28,68.805,66.91,68.805,66.905,,3.76%
2013-08-27,66.31,64.99,66.31,64.99,,3.13%
2013-08-26,64.3,63.695,64.73,63.649,,1.73%
2013-08-23,63.205,64.325,64.755,63.2,,-2.09%
2013-08-22,64.555,64.805,65.563,64.55,,0.69%
2013-08-21,64.115,63.135,64.55,63.115,,1.57%
2013-08-20,63.125,63.725,64.12,63.125,,-0.02%
2013-08-19,63.14,62.36,63.23,62.23,,2.39%
2013-08-16,61.665,61.36,62.005,61.325,,0.39%
2013-08-15,61.425,61.435,61.524,61.237,,0.23%
2013-08-14,61.284,61.195,61.575,61.15,,-0.09%
2013-08-13,61.337,61.07,61.662,60.894,,0.35%
2013-08-12,61.125,60.49,61.303,60.49,,0.73%
2013-08-09,60.68,60.68,60.68,60.68,,-0.08%
2013-08-08,60.731,61.19,61.403,60.71,,-0.78%
2013-08-07,61.21,61.14,61.471,60.933,,0.69%
2013-08-06,60.79,60.885,61.876,60.775,,-0.12%
2013-08-05,60.86,61.025,61.035,60.718,,-0.40%
2013-08-02,61.105,60.44,61.175,60.44,,0.89%
2013-08-01,60.565,60.755,60.903,60.227,,-0.48%
2013-07-31,60.855,60.71,61.2,60.348,,0.07%
2013-07-30,60.815,59.505,60.845,59.42,,2.12%
2013-07-29,59.555,58.95,59.555,58.95,,0.86%
2013-07-26,59.046,59.01,59.143,58.7,,0.14%
2013-07-25,58.965,59.135,59.379,58.74,,-0.49%
2013-07-24,59.255,59.765,59.765,58.96,,-0.85%
2013-07-23,59.76,59.726,59.871,59.495,,0.06%
2013-07-22,59.725,59.305,59.735,59.295,,0.65%
2013-07-19,59.34,59.725,59.865,59.298,,-0.68%
2013-07-18,59.745,59.27,59.781,59.25,,0.70%
2013-07-17,59.33,59.245,59.58,59.045,,0.05%
2013-07-16,59.3,59.19,59.495,59.095,,-0.86%
2013-07-15,59.815,59.935,60.078,59.768,,-0.13%
2013-07-12,59.891,59.76,60.21,59.56,,0.10%
2013-07-11,59.834,59.81,59.984,59.335,,-0.10%
2013-07-10,59.895,60.058,60.217,59.638,,-0.34%
2013-07-09,60.102,59.805,60.483,59.715,,-0.98%
2013-07-08,60.695,60.925,61.219,60.595,,0.77%
2013-07-05,60.23,60.183,60.594,60.008,,0.26%
2013-07-04,60.075,60.04,60.409,59.908,,-0.25%
2013-07-03,60.226,59.865,60.451,59.855,,1.13%
2013-07-02,59.555,59.38,59.722,59.173,,0.29%
2013-07-01,59.385,59.465,59.603,58.963,,-0.25%
2013-06-28,59.533,60.113,60.113,59.203,,-1.10%
2013-06-27,60.195,60.633,60.635,60.105,,-0.86%
2013-06-26,60.72,59.61,60.765,59.61,,1.77%
2013-06-25,59.665,59.766,59.793,59.44,,-0.25%
2013-06-24,59.815,59.595,59.828,59.54,,0.91%
2013-06-21,59.275,59.533,59.79,59.15,,-0.50%
2013-06-20,59.575,59.615,59.983,59.505,,1.46%
2013-06-19,58.72,58.763,58.915,58.608,,-0.21%
2013-06-18,58.845,58.01,58.885,58.01,,1.26%
2013-06-17,58.11,57.7,58.11,57.555,,1.05%
2013-06-14,57.505,57.958,57.958,57.41,,-0.86%
2013-06-13,58.005,58.11,58.563,57.935,,0.29%
2013-06-12,57.835,58.278,58.384,57.723,,-0.87%
2013-06-11,58.34,58.11,58.985,58.028,,0.32%
2013-06-10,58.155,57.255,58.165,57.168,,1.91%
2013-06-07,57.065,56.845,57.121,56.682,,0.24%
2013-06-06,56.93,56.73,57.007,56.69,,0.13%
2013-06-05,56.855,56.445,56.855,56.305,,0.64%
2013-06-04,56.495,56.66,56.743,56.403,,-0.32%
2013-06-03,56.675,56.51,56.83,56.42,,0.17%
2013-05-31,56.58,56.29,56.763,56.29,,0.35%
2013-05-30,56.385,56.21,56.48,56.043,,0.14%
2013-05-29,56.305,56.01,56.41,56.01,,0.34%
2013-05-28,56.115,55.695,56.135,55.635,,0.98%
2013-05-27,55.573,55.755,55.783,55.525,,-0.44%
2013-05-24,55.82,55.65,55.83,55.45,,0.19%
2013-05-23,55.715,55.61,56.013,55.545,,0.10%
2013-05-22,55.66,55.416,55.67,55.31,,0.41%
2013-05-21,55.435,55.115,55.485,54.945,,0.72%
2013-05-20,55.04,55.06,55.145,54.954,,0.26%
2013-05-17,54.895,54.805,54.998,54.785,,0.20%
2013-05-16,54.785,54.755,54.898,54.653,,0.00%
2013-05-15,54.785,54.79,54.912,54.655,,-0.04%
2013-05-14,54.805,54.76,54.833,54.54,,-0.05%
2013-05-13,54.835,54.906,55.028,54.705,,0.05%
2013-05-10,54.81,54.255,54.895,54.255,,0.82%
2013-05-09,54.365,54.165,54.365,54.03,,0.52%
2013-05-08,54.085,54.135,54.21,54.01,,0.04%
2013-05-07,54.065,54.18,54.359,54.035,,-0.13%
2013-05-06,54.135,53.81,54.245,53.775,,0.60%
2013-05-03,53.81,53.825,54.063,53.77,,-0.05%
2013-05-02,53.835,53.735,53.955,53.665,,0.32%
2013-05-01,53.665,53.805,53.805,53.64,,-0.04%
2013-04-30,53.685,54.235,54.253,53.665,,-0.94%
2013-04-29,54.195,54.401,54.401,54.169,,-0.34%
2013-04-26,54.38,54.225,54.455,54.079,,0.51%
2013-04-25,54.105,54.28,54.28,54.095,,-0.29%
2013-04-24,54.26,54.385,54.385,54.165,,-0.09%
2013-04-23,54.31,54.145,54.432,54.09,,0.18%
2013-04-22,54.21,53.925,54.245,53.925,,0.50%
2013-04-19,53.94,53.96,54.041,53.85,,-0.17%
2013-04-18,54.03,54.215,54.251,53.91,,-0.28%
2013-04-17,54.18,54.155,54.25,53.765,,0.39%
2013-04-16,53.97,54.635,54.635,53.97,,-1.06%
2013-04-15,54.55,54.606,54.801,54.38,,0.06%
2013-04-12,54.52,54.305,54.67,54.305,,0.40%
2013-04-11,54.305,54.52,54.52,54.255,,-0.21%
2013-04-10,54.42,54.585,54.585,54.395,,-0.11%
2013-04-09,54.48,54.565,54.66,54.405,,-0.24%
2013-04-08,54.61,54.801,54.845,54.495,,-0.36%
2013-04-05,54.81,54.805,54.906,54.685,,-0.15%
2013-04-04,54.89,54.435,54.95,54.35,,0.66%
2013-04-03,54.53,54.371,54.54,54.31,,0.18%
2013-04-02,54.43,54.295,54.46,54.243,,0.48%
2013-04-01,54.17,54.27,54.27,54.17,,-0.21%
2013-03-29,54.285,54.285,54.285,54.285,,0.00%
2013-03-28,54.285,54.395,54.475,54.27,,-0.27%
2013-03-27,54.43,54.37,54.485,54.275,,-0.09%
2013-03-26,54.48,54.175,54.515,54.16,,0.33%
2013-03-25,54.3,54.353,54.353,54.055,,-0.09%
2013-03-22,54.35,54.285,54.436,54.254,,-0.18%
2013-03-21,54.45,54.35,54.46,54.19,,0.22%
2013-03-20,54.33,54.375,54.565,54.263,,-0.31%
2013-03-19,54.5,54.07,54.53,53.895,,0.78%
2013-03-18,54.08,54.01,54.345,54.01,,0.09%
2013-03-15,54.03,54.36,54.36,53.973,,-0.29%
2013-03-14,54.185,54.41,54.53,54.165,,-0.34%
2013-03-13,54.37,54.16,54.45,54.015,,0.41%
2013-03-12,54.15,54.415,54.423,54.08,,-0.35%
2013-03-11,54.34,54.33,54.526,54.166,,-0.02%
2013-03-08,54.35,54.565,54.573,54.27,,-0.20%
2013-03-07,54.46,54.72,54.91,54.43,,-0.64%
2013-03-06,54.81,54.925,54.925,54.615,,-0.26%
2013-03-05,54.955,54.865,54.955,54.605,,-0.01%
2013-03-04,54.96,54.89,55.138,54.795,,0.10%
2013-03-01,54.905,54.37,54.945,54.31,,0.98%
2013-02-28,54.37,53.865,54.53,53.605,,0.94%
2013-02-27,53.865,54.05,54.095,53.625,,-0.43%
2013-02-26,54.1,53.87,54.28,53.81,,0.19%
2013-02-25,54.0,54.27,54.3,53.84,,-0.52%
2013-02-22,54.28,54.41,54.545,54.148,,-0.36%
2013-02-21,54.475,54.085,54.625,54.085,,0.74%
2013-02-20,54.075,54.185,54.245,54.023,,-0.10%
2013-02-19,54.13,54.185,54.319,54.13,,-0.25%
2013-02-18,54.265,54.21,54.442,54.145,,-0.11%
2013-02-15,54.325,53.925,54.355,53.8,,0.61%
2013-02-14,53.995,53.843,54.035,53.66,,0.32%
2013-02-13,53.825,53.855,53.92,53.695,,0.06%
2013-02-12,53.795,53.855,54.1,53.745,,-0.32%
2013-02-11,53.965,53.51,53.985,53.51,,0.69%
2013-02-08,53.595,53.225,53.685,53.16,,0.70%
2013-02-07,53.225,53.07,53.34,53.05,,0.12%
2013-02-06,53.16,53.14,53.265,52.89,,0.24%
2013-02-05,53.035,53.21,53.405,53.005,,-0.48%
2013-02-04,53.29,53.16,53.355,52.915,,0.23%
2013-02-01,53.17,53.22,53.405,53.16,,-0.20%
2013-01-31,53.275,53.31,53.378,53.065,,0.06%
2013-01-30,53.245,53.765,53.765,53.195,,-0.76%
2013-01-29,53.655,54.03,54.03,53.545,,-0.74%
2013-01-28,54.055,53.66,54.055,53.66,,0.47%
2013-01-25,53.8,53.685,53.875,53.64,,0.17%
2013-01-24,53.71,53.745,53.893,53.6,,0.07%
2013-01-23,53.675,53.815,53.885,53.558,,-0.09%
2013-01-22,53.725,53.76,53.89,53.379,,-0.09%
2013-01-21,53.775,53.725,53.96,53.6,,0.06%
2013-01-18,53.745,54.28,54.28,53.705,,-1.12%
2013-01-17,54.355,54.695,54.78,54.195,,-0.57%
2013-01-16,54.665,54.62,54.9,54.47,,0.11%
2013-01-15,54.605,54.5,54.696,54.305,,0.15%
2013-01-14,54.525,54.76,54.825,54.413,,-0.64%
2013-01-11,54.875,54.565,54.885,54.353,,0.83%
2013-01-10,54.425,54.755,54.845,54.425,,-0.70%
2013-01-09,54.81,54.995,55.09,54.715,,-0.28%
2013-01-08,54.965,55.16,55.383,54.93,,-0.47%
2013-01-07,55.225,55.035,55.34,54.82,,0.52%
2013-01-04,54.94,54.46,55.185,54.36,,0.80%
2013-01-03,54.505,54.355,54.605,54.17,,0.49%
2013-01-02,54.24,54.688,54.688,54.24,,-0.81%
2013-01-01,54.685,55.0,55.0,54.665,,-0.56%
2012-12-31,54.995,54.81,55.005,54.628,,0.43%
2012-12-28,54.76,54.949,54.978,54.753,,-0.32%
2012-12-27,54.935,54.8,55.015,54.69,,0.16%
2012-12-26,54.845,54.985,55.103,54.805,,-0.31%
2012-12-25,55.015,55.015,55.015,55.015,,0.11%
2012-12-24,54.955,55.04,55.215,54.955,,-0.20%
2012-12-21,55.065,54.845,55.295,54.69,,0.35%
2012-12-20,54.875,54.555,54.935,54.48,,0.35%
2012-12-19,54.685,54.945,54.945,54.505,,-0.46%
2012-12-18,54.935,54.81,55.058,54.63,,0.15%
2012-12-17,54.855,54.38,54.895,54.29,,0.75%
2012-12-14,54.445,54.545,54.685,54.27,,-0.13%
2012-12-13,54.515,54.325,54.535,54.108,,0.68%
2012-12-12,54.145,54.21,54.335,54.14,,-0.22%
2012-12-11,54.265,54.495,54.495,54.255,,-0.17%
2012-12-10,54.355,54.31,54.565,54.24,,0.02%
2012-12-07,54.345,54.255,54.555,54.105,,0.20%
2012-12-06,54.235,54.545,54.575,54.03,,-0.37%
2012-12-05,54.435,54.68,54.68,54.425,,-0.57%
2012-12-04,54.745,54.73,54.965,54.6,,-0.05%
2012-12-03,54.775,54.36,54.785,54.248,,0.94%
2012-11-30,54.265,54.845,54.845,54.229,,-0.83%
2012-11-29,54.72,55.645,55.645,54.705,,-1.78%
2012-11-28,55.71,55.545,55.72,55.545,,0.46%
2012-11-27,55.455,55.545,55.781,55.355,,-0.34%
2012-11-26,55.643,55.455,55.883,55.425,,0.35%
2012-11-23,55.45,55.215,55.605,55.195,,0.59%
2012-11-22,55.125,55.085,55.3,55.005,,0.02%
2012-11-21,55.115,55.105,55.375,55.022,,0.02%
2012-11-20,55.105,55.065,55.143,54.785,,0.24%
2012-11-19,54.975,55.16,55.18,54.92,,-0.34%
2012-11-16,55.165,54.705,55.195,54.625,,0.93%
2012-11-15,54.655,55.015,55.09,54.655,,-0.67%
2012-11-14,55.025,54.885,55.025,54.795,,0.02%
2012-11-13,55.015,54.975,55.045,54.825,,0.24%
2012-11-12,54.885,54.59,55.125,54.59,,0.53%
2012-11-09,54.595,54.31,54.78,54.219,,0.42%
2012-11-08,54.365,54.205,54.677,54.115,,0.30%
2012-11-07,54.205,54.36,54.363,53.965,,-0.40%
2012-11-06,54.425,54.51,54.798,54.355,,-0.31%
2012-11-05,54.595,53.885,54.695,53.755,,1.45%
2012-11-02,53.815,53.695,53.873,53.604,,0.29%
2012-11-01,53.66,53.805,53.945,53.66,,-0.27%
2012-10-31,53.805,53.965,54.21,53.775,,-0.30%
2012-10-30,53.965,54.085,54.2,53.815,,-0.22%
2012-10-29,54.085,53.855,54.1,53.761,,0.99%
2012-10-26,53.555,53.555,53.595,53.46,,0.00%
2012-10-25,53.555,53.74,53.83,53.473,,-0.34%
2012-10-24,53.74,53.725,53.74,53.615,,0.03%
2012-10-23,53.725,53.475,53.845,53.338,,0.31%
2012-10-22,53.56,53.83,53.895,53.45,,-0.53%
2012-10-19,53.845,53.415,54.005,53.31,,0.47%
2012-10-18,53.595,52.845,53.595,52.745,,1.38%
2012-10-17,52.865,52.845,53.005,52.675,,0.08%
2012-10-16,52.825,53.02,53.02,52.783,,-0.30%
2012-10-15,52.985,52.915,53.155,52.905,,0.33%
2012-10-12,52.81,52.675,52.935,52.51,,0.28%
2012-10-11,52.665,53.055,53.17,52.585,,-0.68%
2012-10-10,53.025,52.685,53.185,52.58,,0.63%
2012-10-09,52.695,52.645,52.843,52.225,,0.29%
2012-10-08,52.545,51.89,52.655,51.755,,1.21%
2012-10-05,51.915,51.745,52.035,51.355,,0.33%
2012-10-04,51.745,52.16,52.23,51.665,,-0.95%
2012-10-03,52.24,52.44,52.575,52.12,,-0.36%
2012-10-02,52.43,52.405,52.45,52.315,,0.10%
2012-10-01,52.38,52.83,53.005,52.31,,-0.90%
2012-09-28,52.855,53.015,53.015,52.495,,-0.14%
2012-09-27,52.93,53.605,53.605,52.9,,-1.22%
2012-09-26,53.585,53.365,53.625,53.365,,0.41%
2012-09-25,53.365,53.475,53.628,53.26,,-0.14%
2012-09-24,53.44,53.4,53.543,53.055,,0.14%
2012-09-21,53.365,54.305,54.305,53.328,,-1.66%
2012-09-20,54.265,54.295,54.421,54.21,,0.44%
2012-09-19,54.025,54.025,54.025,54.025,,0.22%
2012-09-18,53.905,54.015,54.378,53.905,,0.04%
2012-09-17,53.885,53.77,54.165,53.655,,-0.77%
2012-09-14,54.305,55.425,55.425,54.295,,-1.88%
2012-09-13,55.345,55.215,55.485,55.181,,0.24%
2012-09-12,55.215,55.345,55.385,55.09,,-0.07%
2012-09-11,55.255,55.445,55.545,55.255,,-0.34%
2012-09-10,55.445,55.31,55.483,55.255,,0.14%
2012-09-07,55.365,55.665,55.665,55.275,,-0.54%
2012-09-06,55.665,55.91,56.03,55.625,,-0.44%
2012-09-05,55.91,55.655,56.005,55.655,,0.53%
2012-09-04,55.615,55.535,55.703,55.37,,0.14%
2012-09-03,55.535,55.528,55.595,55.405,,0.02%
2012-08-31,55.525,55.635,55.778,55.518,,-0.20%
2012-08-30,55.635,55.63,55.753,55.575,,-0.13%
2012-08-29,55.705,55.67,55.767,55.559,,0.07%
2012-08-28,55.665,55.695,55.887,55.619,,-0.05%
2012-08-27,55.695,55.43,55.725,55.35,,0.34%
2012-08-24,55.505,55.265,55.545,55.183,,0.43%
2012-08-23,55.265,55.5,55.5,55.123,,-0.42%
2012-08-22,55.5,55.37,55.56,55.325,,0.34%
2012-08-21,55.31,55.675,55.675,55.31,,-0.35%
2012-08-20,55.505,55.655,55.68,55.505,,-0.41%
2012-08-17,55.735,55.625,55.783,55.61,,0.20%
2012-08-16,55.625,55.655,56.04,55.625,,0.17%
2012-08-15,55.53,55.655,55.655,55.53,,-0.14%
2012-08-14,55.61,55.345,55.783,55.345,,0.48%
2012-08-13,55.345,55.346,55.48,55.189,,0.11%
2012-08-10,55.285,55.275,55.478,55.15,,0.19%
2012-08-09,55.18,55.425,55.425,55.05,,-0.19%
2012-08-08,55.285,55.07,55.425,54.96,,0.39%
2012-08-07,55.07,55.525,55.525,55.065,,-0.82%
2012-08-06,55.525,55.49,55.655,55.234,,-0.41%
2012-08-03,55.755,55.845,56.2,55.725,,-0.16%
2012-08-02,55.845,55.475,55.898,55.475,,0.67%
2012-08-01,55.475,55.655,55.755,55.425,,-0.15%
2012-07-31,55.56,55.59,55.86,55.405,,0.22%
2012-07-30,55.44,55.25,55.62,55.145,,0.33%
2012-07-27,55.255,55.525,55.635,55.24,,-0.44%
2012-07-26,55.5,56.165,56.165,55.405,,-0.94%
2012-07-25,56.025,56.115,56.435,56.02,,-0.28%
2012-07-24,56.18,55.97,56.235,55.903,,0.45%
2012-07-23,55.93,55.31,55.99,55.23,,1.09%
2012-07-20,55.325,55.125,55.335,55.05,,0.27%
2012-07-19,55.175,55.26,55.448,55.105,,-0.26%
2012-07-18,55.32,55.105,55.55,54.96,,0.51%
2012-07-17,55.04,55.035,55.217,54.805,,-0.03%
2012-07-16,55.055,54.905,55.38,54.771,,-0.16%
2012-07-13,55.145,55.935,55.935,55.105,,-1.24%
2012-07-12,55.84,55.625,55.955,55.455,,0.56%
2012-07-11,55.53,55.395,55.735,55.255,,0.24%
2012-07-10,55.395,55.83,55.95,55.335,,-0.81%
2012-07-09,55.85,55.933,56.074,55.817,,0.79%
2012-07-06,55.41,54.945,55.65,54.945,,0.81%
2012-07-05,54.965,54.485,55.225,54.43,,0.77%
2012-07-04,54.545,54.365,54.855,54.175,,0.60%
2012-07-03,54.22,55.435,55.445,54.22,,-2.11%
2012-07-02,55.39,55.49,55.915,55.39,,-0.22%
2012-06-29,55.51,56.805,56.805,55.51,,-2.31%
2012-06-28,56.825,56.975,57.105,56.76,,-0.11%
2012-06-27,56.89,57.015,57.245,56.825,,-0.13%
2012-06-26,56.965,57.015,57.195,56.825,,0.00%
2012-06-25,56.965,56.73,57.145,56.388,,-0.28%
2012-06-22,57.125,56.305,57.333,56.21,,1.54%
2012-06-21,56.26,56.155,56.57,56.11,,0.20%
2012-06-20,56.15,55.955,56.255,55.785,,0.47%
2012-06-19,55.885,55.91,56.125,55.785,,0.10%
2012-06-18,55.83,55.33,56.03,55.265,,0.79%
2012-06-15,55.395,55.805,55.805,55.35,,-0.57%
2012-06-14,55.71,55.685,55.89,55.615,,0.25%
2012-06-13,55.57,55.805,55.925,55.525,,-0.42%
2012-06-12,55.805,55.745,56.079,55.665,,0.19%
2012-06-11,55.7,55.135,55.817,55.011,,0.50%
2012-06-08,55.425,54.945,55.655,54.945,,0.84%
2012-06-07,54.965,55.365,55.365,54.835,,-0.55%
2012-06-06,55.27,55.645,55.645,55.27,,-0.50%
2012-06-05,55.55,55.655,55.915,55.278,,-0.19%
2012-06-04,55.655,55.505,55.68,55.256,,0.20%
2012-06-01,55.545,56.085,56.283,55.45,,-0.88%
2012-05-31,56.04,56.235,56.525,55.735,,-0.18%
2012-05-30,56.14,55.675,56.255,55.675,,0.93%
2012-05-29,55.62,55.19,55.885,55.11,,0.78%
2012-05-28,55.19,55.305,55.373,55.015,,-0.33%
2012-05-25,55.375,55.655,56.085,55.235,,-0.33%
2012-05-24,55.56,56.0,56.389,55.56,,-0.71%
2012-05-23,55.96,55.395,56.22,55.26,,1.11%
2012-05-22,55.345,55.035,55.47,54.725,,0.66%
2012-05-21,54.98,54.455,55.055,54.435,,1.02%
2012-05-18,54.425,54.475,54.915,54.33,,0.12%
2012-05-17,54.36,54.495,54.585,54.21,,0.03%
2012-05-16,54.345,53.795,54.52,53.735,,1.02%
2012-05-15,53.795,53.965,54.125,53.585,,-0.24%
2012-05-14,53.925,53.665,53.975,53.535,,0.54%
2012-05-11,53.635,53.23,53.698,53.16,,0.70%
2012-05-10,53.26,53.825,53.92,52.948,,-0.92%
2012-05-09,53.755,53.125,53.895,53.11,,1.19%
2012-05-08,53.125,52.91,53.317,52.675,,0.53%
2012-05-07,52.845,53.415,53.765,52.82,,-1.18%
2012-05-04,53.475,53.415,53.925,53.33,,0.26%
2012-05-03,53.335,52.965,53.48,52.85,,0.66%
2012-05-02,52.985,52.59,53.023,52.49,,0.91%
2012-05-01,52.505,52.735,52.735,52.505,,-0.30%
2012-04-30,52.665,52.52,52.745,52.405,,0.23%
2012-04-27,52.545,52.36,52.73,52.27,,0.26%
2012-04-26,52.41,52.545,52.653,52.36,,-0.10%
2012-04-25,52.46,52.68,52.748,52.455,,-0.25%
2012-04-24,52.59,52.505,52.87,52.33,,0.39%
2012-04-23,52.385,52.1,52.595,51.95,,0.60%
2012-04-20,52.075,52.12,52.21,51.953,,-0.02%
2012-04-19,52.085,51.765,52.17,51.625,,0.69%
2012-04-18,51.73,51.44,51.845,51.34,,0.65%
2012-04-17,51.395,51.65,51.675,51.395,,-0.43%
2012-04-16,51.615,51.543,51.725,51.34,,0.13%
2012-04-13,51.55,51.225,51.585,51.17,,0.61%
2012-04-12,51.235,51.45,51.598,51.225,,-0.45%
2012-04-11,51.465,51.488,51.645,51.27,,-0.04%
2012-04-10,51.485,51.175,51.49,51.05,,0.57%
2012-04-09,51.195,51.15,51.408,51.03,,0.16%
2012-04-06,51.115,51.08,51.165,51.01,,0.15%
2012-04-05,51.04,51.085,51.175,50.97,,-0.02%
2012-04-04,51.05,50.69,51.24,50.685,,0.97%
2012-04-03,50.56,50.84,50.875,50.514,,-0.47%
2012-04-02,50.8,50.86,50.935,50.793,,-0.15%
2012-03-30,50.875,51.38,51.405,50.805,,-0.92%
2012-03-29,51.345,50.78,51.42,50.735,,1.11%
2012-03-28,50.78,50.68,51.025,50.595,,0.22%
2012-03-27,50.67,51.031,51.155,50.565,,-0.71%
2012-03-26,51.03,51.175,51.49,51.025,,-0.28%
2012-03-23,51.175,51.24,51.255,51.075,,-0.23%
2012-03-22,51.295,50.655,51.305,50.515,,1.30%
2012-03-21,50.635,50.47,50.685,50.305,,0.20%
2012-03-20,50.535,50.21,50.535,50.16,,0.72%
2012-03-19,50.175,50.16,50.265,50.072,,0.07%
2012-03-16,50.14,50.345,50.44,50.12,,-0.31%
2012-03-15,50.295,49.925,50.494,49.915,,0.73%
2012-03-14,49.93,49.895,50.03,49.805,,0.15%
2012-03-13,49.855,49.98,50.028,49.793,,-0.24%
2012-03-12,49.975,49.743,50.045,49.72,,0.43%
2012-03-09,49.76,50.065,50.09,49.76,,-0.64%
2012-03-08,50.08,50.285,50.3,50.08,,-0.40%
2012-03-07,50.28,50.365,50.759,50.235,,-0.17%
2012-03-06,50.365,49.838,50.39,49.665,,1.07%
2012-03-05,49.83,49.526,49.955,49.475,,0.62%
2012-03-02,49.525,49.205,49.605,49.158,,0.60%
2012-03-01,49.23,49.063,49.26,49.01,,0.24%
2012-02-29,49.11,49.025,49.11,48.832,,0.29%
2012-02-28,48.97,49.2,49.234,48.96,,-0.41%
2012-02-27,49.17,49.015,49.305,48.9,,0.32%
2012-02-24,49.015,49.15,49.195,48.927,,-0.17%
2012-02-23,49.1,49.2,49.33,49.1,,-0.14%
2012-02-22,49.17,49.273,49.31,49.13,,-0.11%
2012-02-21,49.225,49.188,49.33,49.055,,0.14%
2012-02-20,49.155,49.33,49.33,49.11,,-0.34%
2012-02-17,49.325,49.293,49.36,49.135,,0.07%
2012-02-16,49.29,49.343,49.44,49.288,,-0.19%
2012-02-15,49.385,49.43,49.405,49.185,,-0.21%
2012-02-14,49.49,49.175,49.49,49.105,,0.69%
2012-02-13,49.15,49.36,49.552,49.13,,-0.43%
2012-02-10,49.36,49.47,49.763,49.35,,-0.17%
2012-02-09,49.445,49.12,49.525,49.06,,0.75%
2012-02-08,49.075,49.17,49.255,48.955,,-0.10%
2012-02-07,49.125,49.06,49.255,48.82,,0.13%
2012-02-06,49.06,48.61,49.145,48.605,,0.93%
2012-02-03,48.61,49.035,49.205,48.61,,-0.87%
2012-02-02,49.035,49.125,49.27,48.95,,-0.21%
2012-02-01,49.14,49.515,49.68,49.08,,-0.76%
2012-01-31,49.515,49.605,49.745,49.325,,-0.17%
2012-01-30,49.6,49.375,49.808,49.239,,0.42%
2012-01-27,49.395,49.43,49.823,49.302,,-0.07%
2012-01-26,49.43,50.005,50.0,49.43,,-1.16%
2012-01-25,50.01,50.005,50.25,49.868,,0.01%
2012-01-24,50.005,49.97,50.185,49.915,,0.07%
2012-01-23,49.97,50.325,50.415,49.97,,-0.52%
2012-01-20,50.23,50.225,50.485,50.14,,0.16%
2012-01-19,50.15,50.31,50.463,50.075,,-0.32%
2012-01-18,50.31,50.79,50.87,50.31,,-0.96%
2012-01-17,50.8,51.35,51.34,50.64,,-1.10%
2012-01-16,51.365,51.441,51.8,51.365,,-0.15%
2012-01-13,51.44,51.505,51.59,51.305,,-0.16%
2012-01-12,51.52,51.825,51.93,51.52,,-0.51%
2012-01-11,51.785,51.651,51.918,51.533,,0.36%
2012-01-10,51.6,52.401,52.505,51.6,,-1.53%
2012-01-09,52.4,52.681,52.88,52.4,,-0.53%
2012-01-06,52.68,52.871,52.985,52.68,,-0.36%
2012-01-05,52.87,52.94,53.052,52.61,,0.02%
2012-01-04,52.86,53.1,53.205,52.86,,-0.45%
2012-01-03,53.1,53.248,53.295,53.1,,-0.38%
2012-01-02,53.305,53.138,53.345,53.065,,0.55%
2011-12-30,53.015,53.005,53.365,52.905,,0.02%
2011-12-29,53.005,52.89,53.495,52.885,,0.22%
2011-12-28,52.89,52.975,53.44,52.855,,-0.06%
2011-12-27,52.92,52.768,53.125,52.74,,0.38%
2011-12-26,52.72,52.785,52.935,52.665,,-0.13%
2011-12-23,52.79,52.65,52.975,52.6,,0.43%
2011-12-22,52.565,52.51,52.865,52.43,,0.31%
2011-12-21,52.4,52.85,52.875,52.4,,-0.70%
2011-12-20,52.77,52.745,53.1,52.65,,0.13%
2011-12-19,52.7,52.49,53.25,52.42,,0.38%
2011-12-16,52.5,53.585,53.645,52.206,,-1.91%
2011-12-15,53.52,53.66,54.33,53.52,,-0.17%
2011-12-14,53.61,53.165,53.885,53.125,,0.96%
2011-12-13,53.1,52.595,53.52,52.56,,0.94%
2011-12-12,52.605,52.025,52.86,52.0,,1.41%
2011-12-09,51.875,51.735,52.355,51.67,,0.32%
2011-12-08,51.71,51.678,51.913,51.54,,0.15%
2011-12-07,51.63,51.23,51.721,51.21,,0.76%
2011-12-06,51.24,51.338,51.412,51.24,,-0.04%
2011-12-05,51.26,51.09,51.466,50.95,,0.29%
2011-12-02,51.11,51.42,51.6,51.11,,-0.51%
2011-12-01,51.37,52.115,52.205,51.365,,-1.46%
2011-11-30,52.13,51.97,52.43,51.835,,0.42%
2011-11-29,51.91,51.963,52.125,51.86,,-0.10%
2011-11-28,51.96,52.135,52.141,51.865,,-0.35%
2011-11-25,52.14,52.07,52.455,51.96,,0.13%
2011-11-24,52.07,52.305,52.365,52.025,,-0.33%
2011-11-23,52.24,52.47,52.513,51.815,,-0.48%
2011-11-22,52.49,52.115,52.73,52.02,,0.82%
2011-11-21,52.065,51.205,52.22,51.1,,1.62%
2011-11-18,51.235,50.92,51.405,50.74,,0.55%
2011-11-17,50.955,50.75,50.955,50.6,,0.40%
2011-11-16,50.75,50.65,50.965,50.57,,0.24%
2011-11-15,50.63,50.348,50.738,50.18,,0.45%
2011-11-14,50.405,49.985,50.43,49.87,,0.80%
2011-11-11,50.005,50.178,50.37,49.975,,0.04%
2011-11-10,49.985,50.123,50.18,49.985,,-0.15%
2011-11-09,50.06,49.33,50.185,49.22,,1.52%
2011-11-08,49.31,49.04,49.52,49.04,,0.74%
2011-11-07,48.95,49.055,49.105,48.94,,-0.10%
2011-11-04,49.0,49.095,49.285,48.975,,-0.30%
2011-11-03,49.145,49.18,49.563,48.98,,-0.08%
2011-11-02,49.185,49.24,49.43,49.11,,-0.18%
2011-11-01,49.275,48.645,49.39,48.6,,1.19%
2011-10-31,48.695,48.69,48.91,48.535,,0.15%
2011-10-28,48.62,48.965,48.935,48.62,,-0.79%
2011-10-27,49.005,49.465,49.505,49.005,,-1.01%
2011-10-26,49.505,49.455,49.505,49.35,,0.00%
2011-10-25,49.505,49.785,49.77,49.39,,-0.64%
2011-10-24,49.825,49.83,50.015,49.73,,-0.05%
2011-10-21,49.85,49.763,50.325,49.645,,0.08%
2011-10-20,49.808,49.123,49.9,49.03,,1.32%
2011-10-19,49.16,49.255,49.25,49.1,,-0.27%
2011-10-18,49.295,48.92,49.395,48.845,,0.69%
2011-10-17,48.955,48.98,49.035,48.685,,-0.13%
2011-10-14,49.02,49.09,49.223,48.9,,-0.21%
2011-10-13,49.125,48.96,49.24,48.81,,0.35%
2011-10-12,48.955,49.287,49.48,48.9,,-0.78%
2011-10-11,49.34,48.93,49.4,48.76,,0.75%
2011-10-10,48.975,49.03,49.143,48.82,,-0.13%
2011-10-07,49.04,49.13,49.225,48.9,,-0.22%
2011-10-06,49.15,49.295,49.26,49.135,,-0.40%
2011-10-05,49.345,49.355,49.523,49.12,,-0.12%
2011-10-04,49.405,49.11,49.48,49.07,,0.51%
2011-10-03,49.155,48.995,49.573,48.92,,0.28%
2011-09-30,49.02,49.005,49.23,48.84,,0.09%
2011-09-29,48.975,49.045,49.17,48.855,,-0.24%
2011-09-28,49.095,48.945,49.22,48.655,,0.37%
2011-09-27,48.915,49.408,49.37,48.8,,-1.08%
2011-09-26,49.45,49.35,49.78,49.25,,0.20%
2011-09-23,49.35,49.61,49.89,49.04,,-0.45%
2011-09-22,49.575,48.295,49.585,48.18,,2.58%
2011-09-21,48.33,48.01,48.4,47.835,,0.57%
2011-09-20,48.055,47.75,48.246,47.65,,0.51%
2011-09-19,47.81,47.33,47.84,47.25,,1.01%
2011-09-16,47.33,47.51,47.52,47.17,,-0.50%
2011-09-15,47.57,47.595,47.921,47.45,,-0.16%
2011-09-14,47.645,47.54,48.005,47.37,,0.11%
2011-09-13,47.595,47.18,47.663,46.963,,0.78%
2011-09-12,47.225,46.47,47.24,46.35,,1.58%
2011-09-09,46.49,46.145,46.665,46.06,,0.65%
2011-09-08,46.19,46.11,46.28,45.95,,0.05%
2011-09-07,46.165,46.06,46.188,45.91,,0.11%
2011-09-06,46.115,45.944,46.155,45.82,,0.27%
2011-09-05,45.992,45.77,46.025,45.66,,0.45%
2011-09-02,45.785,45.665,45.995,45.66,,0.25%
2011-09-01,45.67,45.775,45.76,45.67,,-0.28%
2011-08-31,45.8,46.037,45.99,45.8,,-0.63%
2011-08-30,46.09,46.005,46.145,45.9,,0.08%
2011-08-29,46.055,46.11,46.075,45.77,,-0.23%
2011-08-26,46.16,46.0,46.185,45.88,,0.25%
2011-08-25,46.045,45.945,46.22,45.81,,0.11%
2011-08-24,45.995,45.58,46.05,45.5,,0.81%
2011-08-23,45.625,45.62,45.756,45.53,,0.12%
2011-08-22,45.57,45.713,46.09,45.57,,-0.22%
2011-08-19,45.67,45.695,45.75,45.59,,-0.16%
2011-08-18,45.745,45.358,45.754,45.24,,0.74%
2011-08-17,45.41,45.32,45.46,45.14,,0.06%
2011-08-16,45.385,45.295,45.393,45.105,,0.09%
2011-08-15,45.345,45.35,45.351,45.186,,-0.12%
2011-08-12,45.4,45.365,45.46,45.185,,-0.03%
2011-08-11,45.415,45.215,45.455,45.17,,0.35%
2011-08-10,45.255,45.158,45.36,44.95,,0.10%
2011-08-09,45.21,44.938,45.395,44.91,,0.53%
2011-08-08,44.97,44.685,45.065,44.58,,0.56%
2011-08-05,44.72,44.5,44.853,44.43,,0.39%
2011-08-04,44.545,44.28,44.58,44.17,,0.52%
2011-08-03,44.315,44.23,44.408,44.16,,0.17%
2011-08-02,44.24,44.038,44.34,43.97,,0.39%
2011-08-01,44.07,44.16,44.112,43.995,,-0.32%
2011-07-29,44.21,44.048,44.245,43.955,,0.29%
2011-07-28,44.08,44.055,44.176,43.985,,-0.01%
2011-07-27,44.085,44.153,44.18,43.855,,-0.22%
2011-07-26,44.18,44.373,44.35,44.09,,-0.50%
2011-07-25,44.4,44.315,44.44,44.25,,0.11%
2011-07-22,44.35,44.38,44.411,44.27,,-0.12%
2011-07-21,44.405,44.427,44.531,44.335,,-0.10%
2011-07-20,44.45,44.463,44.505,44.366,,-0.10%
2011-07-19,44.495,44.54,44.6,44.44,,-0.17%
2011-07-18,44.57,44.475,44.67,44.385,,0.12%
2011-07-15,44.515,44.483,44.59,44.405,,0.02%
2011-07-14,44.505,44.48,44.57,44.43,,-0.04%
2011-07-13,44.525,44.648,44.63,44.515,,-0.40%
2011-07-12,44.705,44.465,44.765,44.395,,0.49%
2011-07-11,44.485,44.365,44.496,44.295,,0.24%
2011-07-08,44.38,44.265,44.42,44.195,,0.23%
2011-07-07,44.28,44.45,44.454,44.28,,-0.45%
2011-07-06,44.48,44.416,44.5,44.333,,0.11%
2011-07-05,44.43,44.431,44.54,44.35,,0.00%
2011-07-04,44.43,44.59,44.55,44.335,,-0.45%
2011-07-01,44.63,44.68,44.66,44.5,,-0.16%
2011-06-30,44.7,44.828,44.79,44.55,,-0.37%
2011-06-29,44.865,45.0,45.045,44.75,,-0.39%
2011-06-28,45.04,44.998,45.07,44.85,,0.01%
2011-06-27,45.035,44.95,45.145,44.82,,0.09%
2011-06-24,44.995,44.903,45.025,44.79,,0.09%
2011-06-23,44.955,44.853,45.01,44.66,,0.13%
2011-06-22,44.895,44.802,44.91,44.64,,0.11%
2011-06-21,44.845,44.955,44.97,44.78,,-0.34%
2011-06-20,45.0,44.77,45.06,44.63,,0.45%
2011-06-17,44.8,44.878,44.968,44.76,,-0.23%
2011-06-16,44.905,44.72,44.97,44.62,,0.30%
2011-06-15,44.77,44.703,44.84,44.55,,0.05%
2011-06-14,44.746,44.828,44.865,44.62,,-0.27%
2011-06-13,44.865,44.71,44.915,44.61,,0.30%
2011-06-10,44.73,44.7,44.765,44.55,,-0.01%
2011-06-09,44.735,44.68,44.77,44.55,,0.07%
2011-06-08,44.705,44.655,44.755,44.53,,0.07%
2011-06-07,44.675,44.72,44.828,44.58,,-0.18%
2011-06-06,44.755,44.79,44.83,44.65,,-0.17%
2011-06-03,44.83,44.795,44.925,44.7,,0.01%
2011-06-02,44.825,44.825,44.985,44.805,,-0.04%
2011-06-01,44.845,45.033,45.01,44.775,,-0.48%
2011-05-31,45.06,45.065,45.091,44.93,,-0.06%
2011-05-30,45.085,45.145,45.144,44.997,,-0.21%
2011-05-27,45.18,45.265,45.263,45.14,,-0.28%
2011-05-26,45.305,45.285,45.34,45.19,,-0.04%
2011-05-25,45.325,45.185,45.433,45.1,,0.24%
2011-05-24,45.215,45.198,45.265,45.11,,-0.03%
2011-05-23,45.23,44.93,45.323,44.895,,0.62%
2011-05-20,44.95,44.95,45.023,44.85,,-0.06%
2011-05-19,44.975,45.045,45.045,44.9,,-0.20%
2011-05-18,45.065,45.085,45.105,44.91,,-0.12%
2011-05-17,45.12,45.115,45.14,44.985,,-0.08%
2011-05-16,45.155,44.845,45.18,44.75,,0.65%
2011-05-13,44.865,44.942,45.06,44.77,,-0.27%
2011-05-12,44.988,44.59,45.003,44.54,,0.87%
2011-05-11,44.6,44.725,44.721,44.595,,-0.32%
2011-05-10,44.745,44.67,44.805,44.55,,0.12%
2011-05-09,44.69,44.705,44.725,44.59,,-0.09%
2011-05-06,44.73,44.745,44.905,44.62,,-0.08%
2011-05-05,44.765,44.36,44.768,44.34,,0.91%
2011-05-04,44.36,44.455,44.623,44.36,,-0.27%
2011-05-03,44.48,44.275,44.53,44.22,,0.45%
2011-05-02,44.28,44.24,44.375,44.15,,0.06%
2011-04-29,44.255,44.311,44.475,44.195,,-0.12%
2011-04-28,44.31,44.33,44.46,44.225,,-0.06%
2011-04-27,44.335,44.465,44.494,44.33,,-0.35%
2011-04-26,44.49,44.42,44.623,44.275,,0.08%
2011-04-25,44.455,44.191,44.54,44.135,,0.60%
2011-04-22,44.19,44.345,44.31,44.19,,-0.43%
2011-04-21,44.38,44.245,44.45,44.115,,0.24%
2011-04-20,44.275,44.415,44.445,44.256,,-0.25%
2011-04-19,44.385,44.43,44.698,44.272,,-0.31%
2011-04-18,44.525,44.26,44.53,44.165,,0.56%
2011-04-15,44.275,44.455,44.58,44.27,,-0.52%
2011-04-14,44.505,44.465,44.505,44.277,,-0.04%
2011-04-13,44.525,44.395,44.604,44.315,,0.72%
2011-04-12,44.205,44.325,44.265,44.166,,-0.39%
2011-04-11,44.38,44.06,44.398,43.892,,0.68%
2011-04-08,44.08,44.16,44.165,43.983,,-0.28%
2011-04-07,44.205,44.053,44.278,43.991,,0.29%
2011-04-06,44.075,44.31,44.28,44.05,,-0.56%
2011-04-05,44.325,44.375,44.473,44.24,,-0.16%
2011-04-04,44.395,44.435,44.435,44.272,,0.00%
2011-04-01,44.395,44.54,44.535,44.395,,-0.31%
2011-03-31,44.535,44.635,44.738,44.508,,-0.21%
2011-03-30,44.63,44.69,44.795,44.615,,-0.13%
2011-03-29,44.69,44.78,44.83,44.66,,-0.25%
2011-03-28,44.8,44.685,44.903,44.59,,0.21%
2011-03-25,44.705,44.655,44.716,44.51,,0.07%
2011-03-24,44.675,44.802,44.893,44.675,,-0.26%
2011-03-23,44.79,44.875,45.03,44.765,,-0.19%
2011-03-22,44.875,44.975,45.023,44.865,,-0.27%
2011-03-21,44.995,44.98,45.1,44.92,,-0.04%
2011-03-18,45.015,45.14,45.15,45.0,,-0.32%
2011-03-17,45.16,45.095,45.28,45.04,,0.10%
2011-03-16,45.115,45.17,45.29,45.0,,-0.13%
2011-03-15,45.175,45.05,45.368,44.95,,0.23%
2011-03-14,45.07,45.2,45.21,44.97,,-0.01%
2011-03-11,45.075,45.105,45.293,45.03,,-0.11%
2011-03-10,45.125,44.965,45.193,44.87,,0.49%
2011-03-09,44.905,45.058,45.08,44.905,,-0.29%
2011-03-08,45.035,45.033,45.125,44.88,,0.09%
2011-03-07,44.995,44.89,45.19,44.82,,0.19%
2011-03-04,44.91,44.88,45.037,44.81,,0.08%
2011-03-03,44.875,44.89,45.08,44.81,,0.11%
2011-03-02,44.825,44.91,44.945,44.815,,-0.07%
2011-03-01,44.855,45.265,45.265,44.845,,-0.91%
2011-02-28,45.265,45.26,45.332,45.149,,-0.02%
2011-02-25,45.275,45.46,45.475,45.265,,-0.34%
2011-02-24,45.43,45.113,45.498,44.95,,0.78%
2011-02-23,45.08,45.225,45.295,45.02,,-0.21%
2011-02-22,45.175,44.973,45.345,44.87,,0.51%
2011-02-21,44.945,45.095,45.195,44.925,,-0.38%
2011-02-18,45.115,45.308,45.34,45.12,,-0.33%
2011-02-17,45.265,45.47,45.525,45.26,,-0.31%
2011-02-16,45.405,45.52,45.525,45.34,,-0.22%
2011-02-15,45.505,45.42,45.555,45.37,,0.17%
2011-02-14,45.43,45.54,45.61,45.423,,-0.41%
2011-02-11,45.615,45.698,45.785,45.535,,-0.09%
2011-02-10,45.655,45.438,45.76,45.29,,0.30%
2011-02-09,45.52,45.28,45.525,45.07,,0.63%
2011-02-08,45.235,45.325,45.418,45.17,,-0.20%
2011-02-07,45.325,45.545,45.653,45.31,,-0.55%
2011-02-04,45.575,45.58,45.685,45.435,,0.02%
2011-02-03,45.565,45.605,45.69,45.44,,-0.01%
2011-02-02,45.57,45.44,45.69,45.36,,0.26%
2011-02-01,45.45,45.875,45.945,45.425,,-0.82%
2011-01-31,45.825,45.87,46.015,45.73,,-0.21%
2011-01-28,45.92,45.545,45.92,45.41,,0.90%
2011-01-27,45.51,45.555,45.695,45.41,,0.08%
2011-01-26,45.475,45.695,45.715,45.46,,-0.51%
2011-01-25,45.71,45.475,45.825,45.438,,0.53%
2011-01-24,45.47,45.59,45.695,45.465,,-0.35%
2011-01-21,45.63,45.625,45.785,45.465,,-0.12%
2011-01-20,45.685,45.4,45.85,45.225,,0.78%
2011-01-19,45.33,45.425,45.55,45.25,,-0.25%
2011-01-18,45.445,45.503,45.57,45.325,,-0.04%
2011-01-17,45.465,45.33,45.655,45.185,,0.22%
2011-01-14,45.365,45.115,45.465,44.985,,0.51%
2011-01-13,45.135,45.085,45.285,44.9,,0.26%
2011-01-12,45.02,45.105,45.207,45.01,,-0.30%
2011-01-11,45.155,45.408,45.45,45.075,,-0.43%
2011-01-10,45.35,45.32,45.565,45.223,,-0.01%
2011-01-07,45.355,45.31,45.535,45.13,,0.00%
2011-01-06,45.355,45.336,45.43,45.1,,0.07%
2011-01-05,45.325,44.96,45.455,44.89,,0.90%
2011-01-04,44.92,44.62,45.105,44.52,,0.66%
2011-01-03,44.625,44.668,44.785,44.56,,-0.20%