Date,Price,Open,High,Low,Vol.,Change %
2026-09-05,99.18,99.03,99.18,99.18,,0.00%
2026-09-04,99.18,99.03,99.39,98.92,,0.27%
2026-09-03,98.91,99.6,99.61,98.83,,-0.69%
2026-09-02,99.6,99.6,99.6,99.6,,-0.08%
2026-09-01,99.68,99.42,99.72,99.35,,0.25%
2026-08-31,99.43,99.7,99.71,99.39,,-0.27%
2026-08-28,99.7,99.11,99.73,99.1,,0.55%
2026-08-27,99.16,99.12,99.26,99.07,,-0.01%
2026-08-26,99.17,98.92,99.23,98.9,,0.25%
2026-08-25,98.92,98.99,99.12,98.86,,-0.09%
2026-08-24,99.0,98.86,99.06,98.76,,0.20%
2026-08-21,98.8,98.8,98.91,98.56,,-0.10%
2026-08-20,98.89,98.83,98.93,98.56,,0.06%
2026-08-19,98.83,99.67,99.69,98.77,,-0.83%
2026-08-18,99.66,99.54,99.69,99.52,,0.02%
2026-08-17,99.64,99.66,99.67,99.29,,-0.03%
2026-08-14,99.67,99.93,99.94,99.47,,-0.30%
2026-08-13,99.96,99.96,100.08,99.8,,-0.05%
2026-08-12,100.01,99.81,100.02,99.61,,0.19%
2026-08-11,99.83,99.8,99.9,99.72,,0.02%
2026-08-10,99.81,99.59,99.83,99.58,,0.27%
2026-08-07,99.54,99.94,100.0,99.4,,-0.39%
2026-08-06,99.93,99.66,100.02,99.64,,0.25%
2026-08-05,99.68,99.87,99.9,99.63,,-0.18%
2026-08-04,99.86,99.97,100.06,99.83,,-0.04%
2026-08-03,99.9,99.69,100.02,99.42,,-0.02%
2026-08-01,99.91,100.02,99.91,99.91,,0.00%
2026-07-31,99.91,100.02,100.46,99.69,,0.05%
2026-07-30,99.86,100.82,101.07,99.86,,-1.01%
2026-07-29,100.89,101.42,101.5,100.76,,-0.52%
2026-07-28,101.42,101.52,101.64,101.26,,-0.12%
2026-07-27,101.54,101.32,101.54,101.12,,0.07%
2026-07-24,101.47,101.44,101.53,101.25,,0.02%
2026-07-23,101.44,101.12,101.54,100.94,,0.32%
2026-07-22,101.13,101.19,101.2,101.02,,-0.05%
2026-07-21,101.17,100.98,101.21,100.86,,0.22%
2026-07-20,100.95,100.81,101.03,100.65,,0.18%
2026-07-17,100.76,100.71,100.87,100.65,,0.00%
2026-07-16,100.76,100.47,100.83,100.44,,0.28%
2026-07-15,100.49,100.92,101.03,100.35,,-0.43%
2026-07-14,100.92,101.28,101.32,100.61,,-0.31%
2026-07-13,101.24,101.04,101.33,100.79,,0.28%
2026-07-10,100.95,100.91,101.0,100.6,,0.05%
2026-07-09,100.9,101.04,101.04,100.79,,-0.09%
2026-07-08,100.99,101.16,101.28,100.95,,-0.03%
2026-07-07,101.02,100.84,101.15,100.8,,0.17%
2026-07-06,100.85,100.86,101.14,100.83,,0.00%
2026-07-03,100.86,100.91,100.99,100.6,,0.00%
2026-07-02,100.86,101.4,101.43,100.56,,-0.53%
2026-07-01,101.39,101.22,101.6,101.19,,0.20%
2026-06-30,101.19,101.12,101.43,101.05,,0.08%
2026-06-29,101.11,101.37,101.39,101.07,,-0.25%
2026-06-26,101.36,101.5,101.57,101.04,,-0.07%
2026-06-25,101.43,101.6,101.75,101.31,,-0.18%
2026-06-24,101.61,101.37,101.8,101.36,,0.20%
2026-06-23,101.41,101.0,101.43,100.95,,0.38%
2026-06-22,101.02,100.84,101.08,100.76,,0.17%
2026-06-19,100.85,100.81,101.13,100.7,,0.00%
2026-06-18,100.85,100.34,100.92,100.21,,0.76%
2026-06-17,100.09,99.52,100.57,99.49,,0.55%
2026-06-16,99.54,99.64,99.79,99.46,,-0.09%
2026-06-15,99.63,99.54,99.71,99.38,,-0.12%
2026-06-12,99.75,99.67,99.91,99.64,,-0.11%
2026-06-11,99.86,100.11,100.31,99.59,,-0.09%
2026-06-10,99.95,100.01,100.08,99.71,,0.04%
2026-06-09,99.91,100.03,100.08,99.68,,-0.14%
2026-06-08,100.04,100.14,100.21,99.82,,-0.02%
2026-06-05,100.07,99.43,100.11,99.16,,0.66%
2026-06-04,99.41,99.46,99.53,99.18,,-0.12%
2026-06-03,99.53,99.29,99.55,99.19,,0.31%
2026-06-02,99.22,99.17,99.33,99.05,,0.02%
2026-06-01,99.2,98.96,99.39,98.92,,0.30%
2026-05-29,98.91,99.0,99.19,98.75,,-0.11%
2026-05-28,99.02,99.26,99.54,98.94,,-0.19%
2026-05-27,99.21,99.08,99.26,98.97,,0.04%
2026-05-26,99.17,98.99,99.25,99.01,,-0.07%
2026-05-25,99.24,99.11,99.12,98.92,,0.00%
2026-05-22,99.24,99.2,99.41,99.17,,-0.02%
2026-05-21,99.26,99.12,99.51,99.06,,0.17%
2026-05-20,99.09,99.27,99.47,98.97,,-0.24%
2026-05-19,99.33,98.96,99.43,98.96,,0.14%
2026-05-18,99.19,99.28,99.41,98.94,,-0.09%
2026-05-15,99.28,98.93,99.32,98.92,,0.47%
2026-05-14,98.82,98.46,98.91,98.42,,0.30%
2026-05-13,98.52,98.31,98.6,98.26,,0.23%
2026-05-12,98.3,97.96,98.46,97.95,,0.35%
2026-05-11,97.96,98.04,98.15,97.85,,0.06%
2026-05-08,97.9,98.25,98.28,97.83,,-0.17%
2026-05-07,98.07,98.03,98.28,97.82,,0.04%
2026-05-06,98.02,98.31,98.34,97.63,,-0.43%
2026-05-05,98.44,98.47,98.58,98.31,,0.07%
2026-05-04,98.37,98.05,98.54,97.97,,0.22%
2026-05-01,98.16,98.13,98.24,97.72,,0.10%
2026-04-30,98.06,98.85,99.09,98.01,,-0.91%
2026-04-29,98.96,98.61,99.05,98.57,,0.33%
2026-04-28,98.64,98.47,98.87,98.43,,0.15%
2026-04-27,98.5,99.33,99.34,98.21,,-0.04%
2026-04-24,98.53,98.82,98.92,98.49,,-0.24%
2026-04-23,98.77,98.62,98.94,98.53,,0.18%
2026-04-22,98.59,98.4,98.64,98.21,,0.20%
2026-04-21,98.39,98.06,98.57,98.06,,0.30%
2026-04-20,98.1,98.28,98.39,98.01,,0.00%
2026-04-17,98.1,98.19,98.29,97.63,,-0.12%
2026-04-16,98.21,98.01,98.29,97.83,,0.16%
2026-04-15,98.06,98.07,98.29,98.0,,-0.07%
2026-04-14,98.12,98.37,98.41,97.97,,-0.25%
2026-04-13,98.37,99.05,99.18,98.36,,-0.29%
2026-04-10,98.65,98.87,99.01,98.54,,-0.17%
2026-04-09,98.82,99.06,99.16,98.63,,-0.32%
2026-04-08,99.13,98.95,99.18,98.53,,-0.73%
2026-04-07,99.86,100.01,100.16,99.52,,-0.12%
2026-04-06,99.98,100.18,100.29,99.76,,-0.24%
2026-04-03,100.22,99.99,100.22,99.95,,0.19%
2026-04-02,100.03,99.54,100.26,99.45,,0.38%
2026-04-01,99.65,99.79,99.88,99.3,,-0.31%
2026-03-31,99.96,100.58,100.64,99.81,,-0.55%
2026-03-30,100.51,100.22,100.61,100.05,,0.36%
2026-03-27,100.15,99.87,100.21,99.8,,0.25%
2026-03-26,99.9,99.63,100.01,99.56,,0.30%
2026-03-25,99.6,99.2,99.67,99.07,,0.17%
2026-03-24,99.43,99.14,99.62,99.06,,0.49%
2026-03-23,98.95,99.68,100.15,98.88,,-0.70%
2026-03-20,99.65,99.29,99.79,99.25,,0.42%
2026-03-19,99.23,100.23,100.31,98.97,,-0.85%
2026-03-18,100.09,99.55,100.31,99.46,,0.51%
2026-03-17,99.57,99.86,100.11,99.5,,-0.14%
2026-03-16,99.71,100.43,100.48,99.66,,-0.65%
2026-03-13,100.36,99.69,100.54,99.59,,0.62%
2026-03-12,99.74,99.45,99.76,99.25,,0.51%
2026-03-11,99.23,98.94,99.3,98.7,,0.41%
2026-03-10,98.83,98.8,98.95,98.49,,-0.35%
2026-03-09,99.18,98.86,99.69,98.7,,0.19%
2026-03-06,98.99,99.01,99.43,98.84,,-0.33%
2026-03-05,99.32,98.77,99.41,98.67,,0.55%
2026-03-04,98.77,99.11,99.33,98.7,,-0.29%
2026-03-03,99.05,98.56,99.68,98.43,,0.68%
2026-03-02,98.38,97.87,98.75,97.77,,0.79%
2026-02-27,97.61,97.75,97.85,97.56,,-0.19%
2026-02-26,97.79,97.59,97.98,97.49,,0.09%
2026-02-25,97.7,97.85,98.0,97.62,,-0.15%
2026-02-24,97.84,97.7,97.99,97.69,,0.14%
2026-02-23,97.71,97.7,97.85,97.36,,-0.09%
2026-02-20,97.8,97.9,98.08,97.59,,-0.13%
2026-02-19,97.93,97.73,98.07,97.57,,0.23%
2026-02-18,97.7,97.14,97.74,97.12,,0.56%
2026-02-17,97.15,97.12,97.55,97.07,,0.25%
2026-02-16,96.92,96.88,97.12,96.88,,0.00%
2026-02-13,96.92,96.94,97.16,96.8,,-0.01%
2026-02-12,96.93,96.96,97.07,96.74,,0.09%
2026-02-11,96.83,96.91,97.27,96.49,,0.04%
2026-02-10,96.8,97.0,97.01,96.61,,-0.02%
2026-02-09,96.82,97.7,97.76,96.79,,-0.84%
2026-02-06,97.63,97.97,97.97,97.56,,-0.20%
2026-02-05,97.82,97.67,97.99,97.61,,0.21%
2026-02-04,97.62,97.43,97.73,97.31,,0.18%
2026-02-03,97.44,97.52,97.69,97.3,,-0.20%
2026-02-02,97.63,97.18,97.73,97.01,,0.66%
2026-01-30,96.99,96.17,97.15,96.17,,0.74%
2026-01-29,96.28,96.16,96.66,96.02,,-0.17%
2026-01-28,96.45,95.96,96.79,95.86,,0.24%
2026-01-27,96.22,97.05,97.29,95.55,,-0.85%
2026-01-26,97.04,97.03,97.33,96.81,,-0.57%
2026-01-23,97.6,98.33,98.48,97.43,,-0.77%
2026-01-22,98.36,98.79,98.83,98.26,,-0.41%
2026-01-21,98.76,98.61,98.87,98.38,,0.12%
2026-01-20,98.64,99.14,99.14,98.25,,-0.76%
2026-01-19,99.39,99.44,99.47,99.01,,0.00%
2026-01-16,99.39,99.37,99.48,99.16,,0.07%
2026-01-15,99.32,99.13,99.49,99.09,,0.19%
2026-01-14,99.13,99.19,99.25,98.93,,0.00%
2026-01-13,99.13,98.9,99.23,98.85,,0.28%
2026-01-12,98.86,99.17,99.25,98.67,,-0.27%
2026-01-09,99.13,98.91,99.26,98.9,,0.20%
2026-01-08,98.93,98.74,98.98,98.68,,0.25%
2026-01-07,98.68,98.58,98.75,98.5,,0.11%
2026-01-06,98.58,98.41,98.63,98.16,,0.32%
2026-01-05,98.27,98.48,98.86,98.25,,-0.16%
2026-01-02,98.42,98.24,98.49,98.14,,0.10%
2025-12-31,98.32,98.25,98.5,98.18,,0.09%
2025-12-30,98.24,98.01,98.27,97.94,,0.21%
2025-12-29,98.04,98.05,98.18,97.92,,0.02%
2025-12-26,98.02,97.92,98.13,97.86,,0.08%
2025-12-24,97.94,97.89,98.01,97.75,,0.00%
2025-12-23,97.94,98.2,98.19,97.85,,-0.35%
2025-12-22,98.29,98.67,98.73,98.2,,-0.32%
2025-12-19,98.6,98.46,98.75,98.42,,0.17%
2025-12-18,98.43,98.38,98.56,98.17,,0.06%
2025-12-17,98.37,98.21,98.64,98.18,,0.23%
2025-12-16,98.15,98.27,98.32,97.87,,-0.17%
2025-12-15,98.31,98.4,98.48,98.14,,-0.09%
2025-12-12,98.4,98.32,98.53,98.3,,0.05%
2025-12-11,98.35,98.56,98.76,98.13,,-0.45%
2025-12-10,98.79,99.21,99.26,98.59,,-0.44%
2025-12-09,99.22,99.05,99.31,98.95,,0.13%
2025-12-08,99.09,98.97,99.23,98.79,,0.10%
2025-12-06,98.99,99.04,98.99,98.99,,0.00%
2025-12-05,98.99,99.04,99.13,98.81,,0.00%
2025-12-04,98.99,98.92,99.08,98.76,,0.14%
2025-12-03,98.85,99.28,99.29,98.82,,-0.51%
2025-12-02,99.36,99.45,99.57,99.32,,-0.06%
2025-12-01,99.41,99.48,99.51,99.01,,-0.03%
2025-11-28,99.44,99.57,99.82,99.38,,-0.15%
2025-11-27,99.6,99.5,99.71,99.41,,0.00%
2025-11-26,99.6,99.84,99.96,99.56,,-0.07%
2025-11-25,99.66,100.21,100.26,99.65,,-0.48%
2025-11-24,100.14,100.2,100.3,100.01,,-0.04%
2025-11-21,100.18,100.16,100.39,99.99,,0.02%
2025-11-20,100.16,100.17,100.36,100.03,,-0.07%
2025-11-19,100.23,99.58,100.24,99.49,,0.68%
2025-11-18,99.55,99.56,99.66,99.4,,-0.04%
2025-11-17,99.59,99.27,99.6,99.25,,0.29%
2025-11-14,99.3,99.25,99.4,98.99,,0.14%
2025-11-13,99.16,99.52,99.59,98.99,,-0.34%
2025-11-12,99.5,99.46,99.71,99.42,,0.05%
2025-11-11,99.44,99.66,99.74,99.29,,-0.15%
2025-11-10,99.59,99.63,99.74,99.46,,-0.01%
2025-11-07,99.6,99.76,99.87,99.4,,-0.13%
2025-11-06,99.73,100.11,100.11,99.67,,-0.47%
2025-11-05,100.2,100.18,100.36,100.06,,-0.02%
2025-11-04,100.22,99.98,100.25,99.74,,0.35%
2025-11-03,99.87,99.75,99.99,99.71,,0.07%
2025-10-31,99.8,99.49,99.84,99.42,,0.28%
2025-10-30,99.53,99.14,99.72,98.92,,0.31%
2025-10-29,99.22,98.74,99.36,98.62,,0.56%
2025-10-28,98.67,98.75,98.95,98.57,,-0.12%
2025-10-27,98.78,98.84,99.0,98.73,,-0.17%
2025-10-24,98.95,98.94,99.1,98.73,,0.02%
2025-10-23,98.94,98.92,99.14,98.91,,0.04%
2025-10-22,98.9,98.97,99.14,98.79,,-0.04%
2025-10-21,98.93,98.61,98.98,98.51,,0.35%
2025-10-20,98.59,98.67,98.67,98.39,,0.16%
2025-10-17,98.43,98.26,98.55,98.03,,0.10%
2025-10-16,98.34,98.67,98.7,98.3,,-0.46%
2025-10-15,98.79,99.05,99.08,98.65,,-0.26%
2025-10-14,99.05,99.3,99.47,98.99,,-0.22%
2025-10-13,99.27,98.94,99.35,98.83,,0.29%
2025-10-10,98.98,99.39,99.43,98.81,,-0.56%
2025-10-09,99.54,98.84,99.56,98.7,,0.63%
2025-10-08,98.92,98.61,99.06,98.59,,0.34%
2025-10-07,98.58,98.09,98.66,98.09,,0.48%
2025-10-06,98.11,97.96,98.5,97.96,,0.39%
2025-10-03,97.72,97.85,97.95,97.6,,-0.13%
2025-10-02,97.85,97.7,98.13,97.52,,0.14%
2025-10-01,97.71,97.82,97.88,97.46,,-0.07%
2025-09-30,97.78,97.91,98.04,97.63,,-0.13%
2025-09-29,97.91,98.17,98.18,97.77,,-0.25%
2025-09-26,98.15,98.5,98.53,98.13,,-0.41%
2025-09-25,98.55,97.82,98.61,97.74,,0.69%
2025-09-24,97.87,97.24,97.92,97.22,,0.63%
2025-09-23,97.26,97.32,97.46,97.2,,-0.08%
2025-09-22,97.34,97.65,97.82,97.3,,-0.31%
2025-09-19,97.64,97.34,97.81,97.27,,0.30%
2025-09-18,97.35,96.93,97.6,96.84,,0.49%
2025-09-17,96.87,96.62,97.07,96.22,,0.25%
2025-09-16,96.63,97.34,97.39,96.56,,-0.69%
2025-09-15,97.3,97.63,97.7,97.27,,-0.25%
2025-09-12,97.55,97.52,97.86,97.49,,0.02%
2025-09-11,97.53,97.79,98.09,97.47,,-0.25%
2025-09-10,97.78,97.83,97.93,97.6,,-0.01%
2025-09-09,97.79,97.38,97.82,97.25,,0.34%
2025-09-08,97.45,97.79,97.94,97.42,,-0.32%
2025-09-05,97.77,98.24,98.26,97.43,,-0.59%
2025-09-04,98.35,98.15,98.44,98.08,,0.21%
2025-09-03,98.14,98.4,98.64,98.01,,-0.26%
2025-09-02,98.4,97.65,98.6,97.62,,0.64%
2025-09-01,97.77,97.83,97.87,97.54,,0.00%
2025-08-29,97.77,97.87,98.13,97.69,,-0.04%
2025-08-28,97.81,98.12,98.23,97.74,,-0.43%
2025-08-27,98.23,98.25,98.73,98.15,,0.01%
2025-08-26,98.22,98.47,98.56,98.08,,-0.21%
2025-08-25,98.43,97.72,98.54,97.71,,0.73%
2025-08-22,97.72,98.6,98.83,97.56,,-0.92%
2025-08-21,98.62,98.25,98.68,98.18,,0.41%
2025-08-20,98.22,98.29,98.44,98.08,,-0.05%
2025-08-19,98.26,98.15,98.32,97.94,,0.10%
2025-08-18,98.17,97.79,98.19,97.78,,0.32%
2025-08-15,97.85,98.18,98.21,97.72,,-0.41%
2025-08-14,98.25,97.75,98.32,97.63,,0.42%
2025-08-13,97.84,98.04,98.13,97.63,,-0.26%
2025-08-12,98.1,98.51,98.62,97.9,,-0.43%
2025-08-11,98.52,98.24,99.32,98.03,,0.35%
2025-08-08,98.18,97.98,98.35,97.96,,-0.22%
2025-08-07,98.4,98.19,98.47,97.94,,0.23%
2025-08-06,98.18,98.75,98.84,98.13,,-0.61%
2025-08-05,98.78,98.62,99.07,98.58,,0.00%
2025-08-04,98.78,98.65,98.98,98.59,,-0.36%
2025-08-01,99.14,100.01,100.26,98.61,,-0.83%
2025-07-31,99.97,99.8,100.1,99.52,,0.15%
2025-07-30,99.82,98.92,99.98,98.7,,0.94%
2025-07-29,98.89,98.64,99.14,98.58,,0.26%
2025-07-28,98.63,97.58,98.68,97.49,,1.01%
2025-07-25,97.64,97.45,97.9,97.43,,0.28%
2025-07-24,97.38,97.18,97.55,97.11,,0.17%
2025-07-23,97.21,97.47,97.61,97.19,,-0.18%
2025-07-22,97.39,97.87,97.99,97.31,,-0.47%
2025-07-21,97.85,98.36,98.51,97.7,,-0.64%
2025-07-18,98.48,98.49,98.57,98.1,,-0.26%
2025-07-17,98.73,98.35,98.95,98.33,,0.35%
2025-07-16,98.39,98.58,98.91,97.71,,-0.23%
2025-07-15,98.62,98.14,98.7,97.93,,0.55%
2025-07-14,98.08,97.96,98.14,97.76,,0.23%
2025-07-11,97.85,97.57,97.96,97.56,,0.21%
2025-07-10,97.65,97.44,97.92,97.27,,0.10%
2025-07-09,97.56,97.55,97.75,97.46,,0.04%
2025-07-08,97.52,97.36,97.84,97.18,,0.04%
2025-07-07,97.48,96.96,97.67,96.89,,0.53%
2025-07-04,96.96,97.09,97.18,96.86,,-0.22%
2025-07-03,97.18,96.75,97.42,96.69,,0.42%
2025-07-02,96.78,96.64,97.15,96.62,,-0.04%
2025-07-01,96.82,96.78,96.95,96.38,,-0.06%
2025-06-30,96.88,97.18,97.32,96.77,,-0.54%
2025-06-27,97.4,97.33,97.5,97.0,,0.26%
2025-06-26,97.15,97.55,97.61,97.0,,-0.54%
2025-06-25,97.68,97.93,98.2,97.65,,-0.18%
2025-06-24,97.86,98.16,98.28,97.71,,-0.57%
2025-06-23,98.42,99.09,99.42,98.35,,-0.29%
2025-06-20,98.71,98.67,98.89,98.54,,-0.20%
2025-06-19,98.9,98.88,99.16,98.75,,0.00%
2025-06-18,98.9,98.87,99.01,98.48,,0.09%
2025-06-17,98.82,98.19,98.87,98.02,,0.84%
2025-06-16,98.0,98.26,98.36,97.68,,-0.19%
2025-06-13,98.18,97.81,98.59,97.62,,0.27%
2025-06-12,97.92,98.46,98.52,97.6,,-0.72%
2025-06-11,98.63,98.96,99.22,98.53,,-0.47%
2025-06-10,99.1,98.98,99.39,98.86,,0.16%
2025-06-09,98.94,99.2,99.23,98.82,,-0.25%
2025-06-06,99.19,98.7,99.36,98.65,,0.45%
2025-06-05,98.74,98.8,98.94,98.35,,-0.05%
2025-06-04,98.79,99.18,99.39,98.67,,-0.44%
2025-06-03,99.23,98.58,99.33,98.58,,0.53%
2025-06-02,98.71,99.41,99.42,98.61,,-0.63%
2025-05-30,99.33,99.25,99.67,99.13,,0.05%
2025-05-29,99.28,100.54,100.54,99.22,,-0.60%
2025-05-28,99.88,99.53,99.96,99.44,,0.36%
2025-05-27,99.52,98.96,99.61,98.78,,0.41%
2025-05-26,99.11,99.09,99.16,98.69,,0.00%
2025-05-23,99.11,99.88,99.94,99.05,,-0.85%
2025-05-22,99.96,99.64,100.12,99.44,,0.40%
2025-05-21,99.56,99.99,99.99,99.34,,-0.56%
2025-05-20,100.12,100.43,100.58,100.01,,-0.31%
2025-05-19,100.43,100.9,100.9,100.06,,-0.66%
2025-05-17,101.09,100.77,101.09,101.09,,0.00%
2025-05-16,101.09,100.77,101.26,100.52,,0.21%
2025-05-15,100.88,100.97,101.06,100.59,,-0.16%
2025-05-14,101.04,100.95,101.14,100.27,,0.04%
2025-05-13,101.0,101.72,101.76,100.91,,-0.77%
2025-05-12,101.79,100.69,101.98,100.51,,1.44%
2025-05-09,100.34,100.64,100.86,100.09,,-0.30%
2025-05-08,100.64,99.85,100.76,99.61,,1.03%
2025-05-07,99.61,99.5,99.97,99.29,,0.38%
2025-05-06,99.24,99.83,100.1,99.17,,-0.59%
2025-05-05,99.83,100.0,100.05,99.46,,-0.20%
2025-05-02,100.03,100.18,100.33,99.4,,-0.22%
2025-05-01,100.25,99.65,100.38,99.61,,0.78%
2025-04-30,99.47,99.17,99.71,99.14,,0.23%
2025-04-29,99.24,99.04,99.37,98.95,,0.23%
2025-04-28,99.01,99.61,99.84,98.9,,-0.46%
2025-04-25,99.47,99.41,99.89,99.4,,0.09%
2025-04-24,99.38,99.75,99.84,99.22,,-0.47%
2025-04-23,99.84,99.48,99.94,98.86,,0.94%
2025-04-22,98.92,98.3,99.64,98.01,,0.65%
2025-04-21,98.28,99.08,99.21,97.92,,-1.10%
2025-04-17,99.38,99.23,99.75,99.22,,0.00%
2025-04-16,99.38,100.06,100.1,99.17,,-0.83%
2025-04-15,100.21,99.81,100.28,99.48,,0.58%
2025-04-14,99.64,100.02,100.16,99.21,,-0.46%
2025-04-11,100.1,100.78,100.78,99.01,,-0.76%
2025-04-10,100.87,102.99,103.03,100.7,,-1.98%
2025-04-09,102.9,102.75,103.33,101.84,,-0.05%
2025-04-08,102.96,103.43,103.44,102.75,,-0.29%
2025-04-07,103.26,103.07,103.54,102.18,,0.23%
2025-04-04,103.02,101.99,103.18,101.54,,0.93%
2025-04-03,102.07,103.15,103.38,101.27,,-1.67%
2025-04-02,103.81,104.2,104.31,103.37,,-0.43%
2025-04-01,104.26,104.18,104.37,104.02,,0.05%
2025-03-31,104.21,104.01,104.39,103.75,,0.16%
2025-03-28,104.04,104.28,104.5,103.9,,-0.28%
2025-03-27,104.33,104.65,104.65,104.07,,-0.20%
2025-03-26,104.55,104.25,104.68,104.18,,0.35%
2025-03-25,104.18,104.33,104.47,103.94,,-0.07%
2025-03-24,104.26,104.15,104.44,103.84,,0.17%
2025-03-21,104.09,103.78,104.22,103.76,,0.23%
2025-03-20,103.85,103.43,104.13,103.32,,0.41%
2025-03-19,103.43,103.27,103.91,103.25,,0.18%
2025-03-18,103.24,103.44,103.68,103.2,,-0.12%
2025-03-17,103.37,103.74,103.81,103.3,,-0.34%
2025-03-14,103.72,103.83,104.09,103.57,,-0.11%
2025-03-13,103.83,103.61,104.08,103.51,,0.21%
2025-03-12,103.61,103.42,103.78,103.35,,0.31%
2025-03-11,103.29,103.84,103.92,103.22,,-0.66%
2025-03-10,103.97,103.9,104.06,103.56,,0.13%
2025-03-07,103.84,104.11,104.24,103.46,,-0.22%
2025-03-06,104.06,104.32,104.39,103.76,,-0.23%
2025-03-05,104.3,105.62,105.77,104.26,,-1.36%
2025-03-04,105.74,106.56,106.65,105.53,,-0.94%
2025-03-03,106.75,107.56,107.41,106.47,,-0.81%
2025-02-28,107.61,107.25,107.66,107.18,,0.35%
2025-02-27,107.24,106.53,107.35,106.52,,0.78%
2025-02-26,106.42,106.17,106.65,106.16,,0.10%
2025-02-25,106.31,106.77,106.79,106.19,,-0.27%
2025-02-24,106.6,106.64,106.75,106.13,,-0.02%
2025-02-21,106.61,106.46,106.75,106.38,,0.23%
2025-02-20,106.37,107.12,107.15,106.33,,-0.75%
2025-02-19,107.17,107.03,107.38,106.88,,0.11%
2025-02-18,107.05,106.82,107.12,106.81,,0.45%
2025-02-17,106.57,106.79,106.9,106.57,,-0.13%
2025-02-14,106.71,107.12,107.18,106.57,,-0.56%
2025-02-13,107.31,107.92,108.0,107.03,,-0.58%
2025-02-12,107.94,108.01,108.52,107.63,,-0.02%
2025-02-11,107.96,108.34,108.46,107.78,,-0.33%
2025-02-10,108.32,108.1,108.44,108.09,,0.26%
2025-02-07,108.04,107.7,108.32,107.52,,0.33%
2025-02-06,107.69,107.62,108.1,107.54,,0.10%
2025-02-05,107.58,108.05,108.05,107.3,,-0.35%
2025-02-04,107.96,108.68,109.04,107.92,,-0.95%
2025-02-03,108.99,108.5,109.88,108.34,,0.57%
2025-01-31,108.37,108.16,108.57,107.79,,0.53%
2025-01-30,107.8,107.86,108.24,107.5,,-0.19%
2025-01-29,108.0,107.89,108.29,107.75,,0.12%
2025-01-28,107.87,107.71,108.05,107.69,,0.49%
2025-01-27,107.34,107.46,107.81,106.97,,-0.09%
2025-01-24,107.44,108.09,108.19,107.22,,-0.56%
2025-01-23,108.05,108.25,108.51,107.92,,-0.11%
2025-01-22,108.17,107.99,108.28,107.75,,0.10%
2025-01-21,108.06,107.98,108.79,107.92,,-1.18%
2025-01-20,109.35,109.4,109.47,107.92,,0.00%
2025-01-17,109.35,108.93,109.42,108.83,,0.36%
2025-01-16,108.96,109.07,109.38,108.83,,-0.12%
2025-01-15,109.09,109.23,109.38,108.6,,-0.17%
2025-01-14,109.27,109.57,109.76,109.18,,-0.62%
2025-01-13,109.96,109.64,110.18,109.35,,0.28%
2025-01-10,109.65,109.23,109.97,109.08,,0.43%
2025-01-09,109.18,109.08,109.38,108.94,,0.08%
2025-01-08,109.09,108.62,109.38,108.55,,0.50%
2025-01-07,108.54,108.34,108.7,107.85,,0.26%
2025-01-06,108.26,108.92,109.07,107.75,,-0.64%
2025-01-03,108.95,109.2,109.22,108.9,,-0.40%
2025-01-02,109.39,108.53,109.53,108.27,,0.84%
2024-12-31,108.49,108.09,108.58,107.87,,0.33%
2024-12-30,108.13,108.01,108.38,107.74,,0.12%
2024-12-27,108.0,108.08,108.2,107.87,,-0.12%
2024-12-26,108.13,108.17,108.3,108.03,,0.01%
2024-12-25,108.12,108.16,108.16,108.09,,-0.07%
2024-12-24,108.2,108.16,108.3,107.92,,0.15%
2024-12-23,108.04,107.81,108.28,107.68,,0.39%
2024-12-20,107.62,108.48,108.54,107.59,,-0.73%
2024-12-19,108.41,108.1,108.48,107.82,,0.35%
2024-12-18,108.03,106.93,108.27,106.82,,1.00%
2024-12-17,106.96,106.82,107.08,106.7,,0.09%
2024-12-16,106.86,106.94,107.17,106.75,,-0.13%
2024-12-13,107.0,106.97,107.19,106.72,,0.04%
2024-12-12,106.96,106.56,107.04,106.35,,0.23%
2024-12-11,106.71,106.37,106.81,106.27,,0.29%
2024-12-10,106.4,106.18,106.64,106.04,,0.24%
2024-12-09,106.14,105.97,106.21,105.8,,0.08%
2024-12-06,106.06,105.79,106.16,105.42,,0.33%
2024-12-05,105.71,106.34,106.37,105.7,,-0.57%
2024-12-04,106.32,106.43,106.72,106.09,,-0.04%
2024-12-03,106.36,106.48,106.6,106.09,,-0.08%
2024-12-02,106.45,105.83,106.73,105.82,,0.67%
2024-11-29,105.74,105.95,106.13,105.61,,-0.38%
2024-11-28,106.14,106.16,106.42,106.1,,0.06%
2024-11-27,106.08,106.82,106.92,105.86,,-0.87%
2024-11-26,107.01,107.48,107.5,106.49,,0.18%
2024-11-25,106.82,107.49,107.49,106.58,,-0.68%
2024-11-22,107.55,107.06,108.07,106.92,,0.54%
2024-11-21,106.97,106.59,107.16,106.46,,0.27%
2024-11-20,106.68,106.12,106.92,106.11,,0.44%
2024-11-19,106.21,106.26,106.63,106.11,,-0.07%
2024-11-18,106.28,106.67,106.81,106.13,,-0.38%
2024-11-15,106.69,106.9,106.96,106.33,,0.02%
2024-11-14,106.67,106.5,107.06,106.38,,0.18%
2024-11-13,106.48,106.02,106.54,105.72,,0.43%
2024-11-12,106.02,105.49,106.18,105.49,,0.45%
2024-11-11,105.54,104.95,105.7,104.93,,0.51%
2024-11-08,105.0,104.45,105.21,104.34,,0.47%
2024-11-07,104.51,105.16,105.25,104.19,,-0.55%
2024-11-06,105.09,103.7,105.44,103.7,,1.61%
2024-11-05,103.42,103.91,103.96,103.37,,-0.45%
2024-11-04,103.89,104.32,103.97,103.58,,-0.37%
2024-11-01,104.28,103.86,104.35,103.68,,0.29%
2024-10-31,103.98,104.08,104.22,103.82,,-0.01%
2024-10-30,103.99,104.25,104.44,103.98,,-0.32%
2024-10-29,104.32,104.31,104.64,104.21,,0.00%
2024-10-28,104.32,104.32,104.57,104.12,,0.06%
2024-10-25,104.26,104.05,104.34,103.94,,0.19%
2024-10-24,104.06,104.43,104.45,104.01,,-0.35%
2024-10-23,104.43,104.09,104.57,104.09,,0.34%
2024-10-22,104.08,103.97,104.13,103.82,,0.07%
2024-10-21,104.01,103.46,104.02,103.42,,0.50%
2024-10-18,103.49,103.81,103.81,103.46,,-0.33%
2024-10-17,103.83,103.56,103.87,103.44,,0.23%
2024-10-16,103.59,103.26,103.61,103.17,,0.32%
2024-10-15,103.26,103.21,103.34,103.03,,-0.04%
2024-10-14,103.3,102.92,103.36,102.93,,0.40%
2024-10-11,102.89,102.88,102.99,102.77,,-0.10%
2024-10-10,102.99,102.88,103.18,102.72,,0.06%
2024-10-09,102.93,102.48,102.94,102.46,,0.37%
2024-10-08,102.55,102.46,102.64,102.29,,0.01%
2024-10-07,102.54,102.49,102.62,102.37,,0.02%
2024-10-04,102.52,101.91,102.69,101.81,,0.52%
2024-10-03,101.99,101.64,102.1,101.63,,0.30%
2024-10-02,101.68,101.24,101.69,101.16,,0.48%
2024-10-01,101.19,100.74,101.39,100.7,,0.41%
2024-09-30,100.78,100.42,100.92,100.18,,0.40%
2024-09-27,100.38,100.59,100.88,100.16,,-0.14%
2024-09-26,100.52,100.93,100.97,100.48,,-0.39%
2024-09-25,100.91,100.28,100.99,100.22,,0.44%
2024-09-24,100.47,100.97,101.05,100.34,,-0.38%
2024-09-23,100.85,100.74,101.23,100.72,,0.13%
2024-09-20,100.72,100.69,101.02,100.41,,0.11%
2024-09-19,100.61,101.01,101.47,100.52,,0.01%
2024-09-18,100.6,100.94,101.15,100.22,,-0.29%
2024-09-17,100.89,100.76,101.03,100.57,,0.13%
2024-09-16,100.76,101.03,101.1,100.59,,-0.35%
2024-09-13,101.11,101.2,101.2,100.88,,-0.26%
2024-09-12,101.37,101.78,101.84,101.22,,-0.30%
2024-09-11,101.68,101.66,101.82,101.27,,0.05%
2024-09-10,101.63,101.64,101.77,101.54,,0.08%
2024-09-09,101.55,101.19,101.7,101.14,,0.37%
2024-09-06,101.18,101.06,101.39,100.58,,0.07%
2024-09-05,101.11,101.28,101.37,100.96,,-0.25%
2024-09-04,101.36,101.69,101.78,101.24,,-0.46%
2024-09-03,101.83,101.66,101.92,101.56,,0.18%
2024-09-02,101.65,101.73,101.8,101.57,,-0.05%
2024-08-30,101.7,101.38,101.78,101.25,,0.36%
2024-08-29,101.34,101.0,101.58,100.89,,0.25%
2024-08-28,101.09,100.55,101.18,100.55,,0.54%
2024-08-27,100.55,100.82,100.93,100.51,,-0.30%
2024-08-26,100.85,100.68,100.92,100.53,,0.13%
2024-08-23,100.72,101.46,101.55,100.6,,-0.78%
2024-08-22,101.51,101.13,101.62,101.09,,0.47%
2024-08-21,101.04,101.35,101.63,100.92,,-0.39%
2024-08-20,101.44,101.88,102.01,101.36,,-0.44%
2024-08-19,101.89,102.4,102.48,101.85,,-0.56%
2024-08-16,102.46,103.03,103.05,102.39,,-0.50%
2024-08-15,102.98,102.63,103.23,102.54,,0.40%
2024-08-14,102.57,102.61,102.72,102.27,,0.01%
2024-08-13,102.56,103.09,103.27,102.55,,-0.56%
2024-08-12,103.14,103.15,103.31,103.09,,0.00%
2024-08-09,103.14,103.27,103.3,103.03,,-0.07%
2024-08-08,103.21,103.09,103.55,102.92,,0.01%
2024-08-07,103.2,102.95,103.37,102.92,,0.22%
2024-08-06,102.97,102.78,103.22,102.7,,0.27%
2024-08-05,102.69,103.22,103.28,102.16,,-0.50%
2024-08-02,103.21,104.31,104.43,103.12,,-1.16%
2024-08-01,104.42,104.07,104.45,103.86,,0.31%
2024-07-31,104.1,104.43,104.53,103.93,,-0.43%
2024-07-30,104.55,104.56,104.8,104.45,,-0.01%
2024-07-29,104.56,104.33,104.75,104.14,,0.23%
2024-07-26,104.32,104.36,104.45,104.21,,-0.04%
2024-07-25,104.36,104.38,104.45,104.08,,-0.03%
2024-07-24,104.39,104.48,104.56,104.12,,-0.06%
2024-07-23,104.45,104.31,104.53,104.2,,0.13%
2024-07-22,104.31,104.36,104.42,104.18,,-0.09%
2024-07-19,104.4,104.16,104.42,104.13,,0.22%
2024-07-18,104.17,103.7,104.23,103.65,,0.40%
2024-07-17,103.75,104.22,104.29,103.65,,-0.50%
2024-07-16,104.27,104.25,104.51,104.2,,0.08%
2024-07-15,104.19,104.08,104.32,104.03,,0.10%
2024-07-12,104.09,104.52,104.55,104.04,,-0.34%
2024-07-11,104.44,104.99,105.0,104.08,,-0.58%
2024-07-10,105.05,105.12,105.17,104.98,,-0.08%
2024-07-09,105.13,104.99,105.21,104.95,,0.12%
2024-07-08,105.0,104.88,105.03,104.8,,0.11%
2024-07-05,104.88,105.17,105.17,104.83,,-0.24%
2024-07-04,105.13,105.32,105.36,105.1,,-0.26%
2024-07-03,105.4,105.67,105.8,105.05,,-0.30%
2024-07-02,105.72,105.85,106.05,105.66,,-0.17%
2024-07-01,105.9,105.85,105.98,105.42,,0.03%
2024-06-28,105.87,105.92,106.13,105.75,,-0.04%
2024-06-27,105.91,106.06,106.08,105.71,,-0.13%
2024-06-26,106.05,105.66,106.13,105.61,,0.42%
2024-06-25,105.61,105.51,105.78,105.37,,0.13%
2024-06-24,105.47,105.83,105.9,105.37,,-0.31%
2024-06-21,105.8,105.64,105.92,105.54,,0.20%
2024-06-20,105.59,105.2,105.67,105.2,,0.32%
2024-06-19,105.25,105.26,105.34,105.15,,-0.01%
2024-06-18,105.26,105.3,105.56,105.12,,-0.06%
2024-06-17,105.32,105.51,105.65,105.31,,-0.22%
2024-06-14,105.55,105.23,105.81,105.18,,0.33%
2024-06-13,105.2,104.69,105.28,104.64,,0.54%
2024-06-12,104.64,105.28,105.32,104.26,,-0.56%
2024-06-11,105.23,105.15,105.46,105.09,,0.08%
2024-06-10,105.15,104.94,105.39,105.04,,0.25%
2024-06-07,104.89,104.09,104.95,104.0,,0.76%
2024-06-06,104.1,104.25,104.37,104.05,,-0.16%
2024-06-05,104.27,104.17,104.46,104.12,,0.15%
2024-06-04,104.11,104.05,104.33,103.99,,-0.03%
2024-06-03,104.14,104.62,104.77,104.04,,-0.51%
2024-05-31,104.67,104.76,104.9,104.36,,-0.05%
2024-05-30,104.72,105.13,105.18,104.63,,-0.36%
2024-05-29,105.1,104.64,105.14,104.59,,0.47%
2024-05-28,104.61,104.58,104.64,104.33,,0.02%
2024-05-27,104.59,104.75,104.75,104.57,,-0.12%
2024-05-24,104.72,105.03,105.12,104.64,,-0.37%
2024-05-23,105.11,104.9,105.11,104.62,,0.17%
2024-05-22,104.93,104.62,104.97,104.56,,0.26%
2024-05-21,104.66,104.6,104.77,104.48,,0.10%
2024-05-20,104.56,104.5,104.65,104.39,,0.11%
2024-05-17,104.44,104.5,104.8,104.39,,-0.02%
2024-05-16,104.46,104.21,104.63,104.08,,0.12%
2024-05-15,104.34,105.05,105.06,104.28,,-0.64%
2024-05-14,105.01,105.2,105.46,104.96,,-0.20%
2024-05-13,105.22,105.31,105.37,105.06,,-0.08%
2024-05-10,105.3,105.2,105.4,105.14,,0.07%
2024-05-09,105.23,105.52,105.74,105.2,,-0.30%
2024-05-08,105.55,105.42,105.64,105.39,,0.13%
2024-05-07,105.41,105.14,105.45,105.03,,0.34%
2024-05-06,105.05,105.08,105.2,104.87,,0.02%
2024-05-03,105.03,105.31,105.37,104.52,,-0.26%
2024-05-02,105.3,105.73,105.9,105.3,,-0.43%
2024-05-01,105.75,106.31,106.49,105.44,,-0.44%
2024-04-30,106.22,105.67,106.34,105.67,,0.61%
2024-04-29,105.58,106.09,106.08,105.46,,-0.34%
2024-04-26,105.94,105.58,106.19,105.41,,0.32%
2024-04-25,105.6,105.82,106.0,105.51,,-0.25%
2024-04-24,105.86,105.69,105.95,105.59,,0.18%
2024-04-23,105.67,106.12,106.24,105.61,,-0.39%
2024-04-22,106.08,106.12,106.39,105.98,,-0.07%
2024-04-19,106.15,106.19,106.35,105.85,,0.00%
2024-04-18,106.15,105.93,106.18,105.74,,0.19%
2024-04-17,105.95,106.33,106.44,105.87,,-0.29%
2024-04-16,106.26,106.17,106.52,106.07,,0.05%
2024-04-15,106.21,106.01,106.25,105.84,,0.16%
2024-04-12,106.04,105.28,106.11,105.24,,0.72%
2024-04-11,105.28,105.18,105.53,105.03,,0.03%
2024-04-10,105.25,104.1,105.3,104.02,,1.06%
2024-04-09,104.15,104.12,104.2,103.88,,0.01%
2024-04-08,104.14,104.29,104.44,104.1,,-0.15%
2024-04-05,104.3,104.21,104.69,104.14,,0.17%
2024-04-04,104.12,104.23,104.26,103.92,,-0.12%
2024-04-03,104.25,104.77,104.84,104.23,,-0.54%
2024-04-02,104.82,105.0,105.1,104.68,,-0.19%
2024-04-01,105.02,104.49,105.08,104.42,,0.45%
2024-03-29,104.55,104.54,104.67,104.41,,0.00%
2024-03-28,104.55,104.44,104.73,104.31,,0.19%
2024-03-27,104.35,104.3,104.46,104.22,,0.06%
2024-03-26,104.29,104.22,104.34,104.01,,0.06%
2024-03-25,104.23,104.43,104.47,104.14,,-0.23%
2024-03-22,104.47,103.99,104.5,103.92,,0.45%
2024-03-21,104.0,103.24,104.05,103.17,,0.57%
2024-03-20,103.41,103.84,104.15,103.38,,-0.41%
2024-03-19,103.84,103.59,104.06,103.58,,0.24%
2024-03-18,103.59,103.45,103.65,103.33,,0.15%
2024-03-15,103.43,103.39,103.49,103.3,,0.07%
2024-03-14,103.36,102.76,103.4,102.74,,0.55%
2024-03-13,102.79,102.92,103.02,102.67,,-0.17%
2024-03-12,102.96,102.82,103.18,102.72,,0.09%
2024-03-11,102.87,102.74,102.93,102.64,,0.16%
2024-03-08,102.71,102.73,102.9,102.36,,-0.11%
2024-03-07,102.82,103.31,103.35,102.79,,-0.53%
2024-03-06,103.37,103.81,103.89,103.2,,-0.41%
2024-03-05,103.8,103.85,103.95,103.58,,-0.03%
2024-03-04,103.83,103.89,103.96,103.73,,-0.03%
2024-03-01,103.86,104.13,104.29,103.84,,-0.29%
2024-02-29,104.16,103.92,104.2,103.66,,0.18%
2024-02-28,103.97,103.84,104.24,103.81,,0.13%
2024-02-27,103.83,103.78,103.92,103.61,,0.00%
2024-02-26,103.83,103.96,104.02,103.71,,-0.11%
2024-02-23,103.94,103.95,104.05,103.77,,-0.02%
2024-02-22,103.96,103.91,104.13,103.43,,-0.05%
2024-02-21,104.01,104.04,104.21,103.94,,-0.07%
2024-02-20,104.08,104.32,104.41,103.8,,-0.20%
2024-02-19,104.29,104.28,104.37,104.14,,-0.01%
2024-02-16,104.3,104.3,104.67,104.17,,0.00%
2024-02-15,104.3,104.66,104.71,104.18,,-0.40%
2024-02-14,104.72,104.83,104.98,104.66,,-0.23%
2024-02-13,104.96,104.17,104.96,103.97,,0.76%
2024-02-12,104.17,104.08,104.28,103.89,,0.06%
2024-02-09,104.11,104.14,104.26,103.95,,-0.06%
2024-02-08,104.17,104.03,104.43,103.95,,0.11%
2024-02-07,104.06,104.15,104.17,103.94,,-0.14%
2024-02-06,104.21,104.44,104.59,104.14,,-0.23%
2024-02-05,104.45,103.96,104.6,103.96,,0.51%
2024-02-02,103.92,102.99,104.04,102.9,,0.84%
2024-02-01,103.05,103.51,103.81,103.02,,-0.21%
2024-01-31,103.27,103.42,103.74,102.94,,-0.13%
2024-01-30,103.4,103.44,103.61,103.31,,-0.20%
2024-01-29,103.61,103.47,103.82,103.4,,0.17%
2024-01-26,103.43,103.52,103.73,103.15,,-0.14%
2024-01-25,103.57,103.35,103.68,103.12,,0.32%
2024-01-24,103.24,103.51,103.55,102.77,,-0.37%
2024-01-23,103.62,103.35,103.82,102.98,,0.28%
2024-01-22,103.33,103.24,103.37,103.11,,0.04%
2024-01-19,103.29,103.37,103.55,103.24,,-0.24%
2024-01-18,103.54,103.37,103.63,103.15,,0.09%
2024-01-17,103.45,103.36,103.69,103.26,,0.09%
2024-01-16,103.36,102.74,103.42,102.74,,0.94%
2024-01-15,102.4,102.44,102.67,102.31,,0.00%
2024-01-12,102.4,102.3,102.59,102.09,,0.11%
2024-01-11,102.29,102.3,102.76,102.16,,-0.07%
2024-01-10,102.36,102.48,102.64,102.34,,-0.20%
2024-01-09,102.57,102.22,102.66,102.11,,0.35%
2024-01-08,102.21,102.44,102.62,102.08,,-0.20%
2024-01-05,102.41,102.39,103.1,101.91,,-0.01%
2024-01-04,102.42,102.46,102.53,102.14,,-0.07%
2024-01-03,102.49,102.15,102.73,102.08,,0.28%
2024-01-02,102.2,101.42,102.25,101.34,,0.86%
2023-12-29,101.33,101.2,101.42,101.07,,0.10%
2023-12-28,101.23,100.87,101.3,100.62,,0.24%
2023-12-27,100.99,101.55,101.57,100.83,,-0.47%
2023-12-26,101.47,101.65,101.77,101.44,,-0.23%
2023-12-22,101.7,101.76,101.89,101.43,,-0.14%
2023-12-21,101.84,102.39,102.45,101.73,,-0.56%
2023-12-20,102.41,102.19,102.54,102.16,,0.23%
2023-12-19,102.17,102.47,102.63,102.06,,-0.38%
2023-12-18,102.56,102.59,102.63,102.38,,0.01%
2023-12-15,102.55,102.1,102.64,101.84,,0.58%
2023-12-14,101.96,102.78,102.8,101.77,,-0.88%
2023-12-13,102.87,103.82,104.03,102.78,,-0.95%
2023-12-12,103.86,104.03,104.1,103.49,,-0.22%
2023-12-11,104.09,103.98,104.26,103.93,,0.08%
2023-12-08,104.01,103.64,104.26,103.44,,0.45%
2023-12-07,103.54,104.11,104.2,103.27,,-0.59%
2023-12-06,104.15,103.99,104.23,103.87,,0.10%
2023-12-05,104.05,103.56,104.09,103.55,,0.33%
2023-12-04,103.71,103.19,103.85,103.06,,0.43%
2023-12-01,103.27,103.36,103.72,103.11,,-0.22%
2023-11-30,103.5,102.83,103.59,102.72,,0.71%
2023-11-29,102.77,102.65,103.01,102.47,,0.02%
2023-11-28,102.75,103.12,103.32,102.61,,-0.44%
2023-11-27,103.2,103.42,103.53,103.19,,-0.19%
2023-11-24,103.4,103.75,103.84,103.36,,-0.36%
2023-11-23,103.77,103.86,103.88,103.53,,-0.14%
2023-11-22,103.92,103.55,104.21,103.48,,0.35%
2023-11-21,103.56,103.47,103.71,103.18,,0.12%
2023-11-20,103.44,103.81,103.97,103.38,,-0.46%
2023-11-17,103.92,104.4,104.55,103.81,,-0.41%
2023-11-16,104.35,104.36,104.56,104.01,,-0.04%
2023-11-15,104.39,104.22,104.51,103.98,,0.33%
2023-11-14,104.05,105.65,105.73,103.99,,-1.50%
2023-11-13,105.63,105.8,105.96,105.59,,-0.22%
2023-11-10,105.86,105.93,106.01,105.74,,-0.05%
2023-11-09,105.91,105.53,105.97,105.38,,0.30%
2023-11-08,105.59,105.54,105.87,105.45,,0.05%
2023-11-07,105.54,105.27,105.78,105.27,,0.30%
2023-11-06,105.22,105.07,105.29,104.85,,0.19%
2023-11-03,105.02,106.2,106.22,104.94,,-1.04%
2023-11-02,106.12,106.5,106.51,105.81,,-0.71%
2023-11-01,106.88,106.67,107.11,106.61,,0.21%
2023-10-31,106.66,106.16,106.86,105.91,,0.51%
2023-10-30,106.12,106.58,106.7,106.06,,-0.41%
2023-10-27,106.56,106.58,106.8,106.32,,-0.04%
2023-10-26,106.6,106.58,106.89,106.53,,0.07%
2023-10-25,106.53,106.25,106.57,106.14,,0.24%
2023-10-24,106.27,105.61,106.32,105.36,,0.69%
2023-10-23,105.54,106.16,106.33,105.52,,-0.58%
2023-10-20,106.16,106.25,106.42,106.07,,-0.08%
2023-10-19,106.25,106.54,106.67,105.97,,-0.29%
2023-10-18,106.56,106.22,106.64,106.01,,0.29%
2023-10-17,106.25,106.26,106.53,106.02,,0.01%
2023-10-16,106.24,106.58,106.63,106.18,,-0.38%
2023-10-13,106.65,106.52,106.79,106.29,,0.05%
2023-10-12,106.6,105.67,106.6,105.53,,0.74%
2023-10-11,105.82,105.73,106.01,105.56,,-0.01%
2023-10-10,105.83,106.03,106.25,105.66,,-0.24%
2023-10-09,106.08,106.1,106.6,106.02,,0.04%
2023-10-06,106.04,106.36,106.97,105.95,,-0.27%
2023-10-05,106.33,106.77,106.86,106.32,,-0.44%
2023-10-04,106.8,107.06,107.24,106.51,,-0.19%
2023-10-03,107.0,107.03,107.35,106.91,,0.09%
2023-10-02,106.9,106.17,107.03,106.04,,0.64%
2023-09-29,106.22,106.15,106.24,105.66,,0.00%
2023-09-28,106.22,106.68,106.75,106.02,,-0.42%
2023-09-27,106.67,106.22,106.84,106.17,,0.41%
2023-09-26,106.23,105.94,106.26,105.86,,0.22%
2023-09-25,106.0,105.57,106.1,105.52,,0.40%
2023-09-22,105.58,105.38,105.78,105.32,,0.21%
2023-09-21,105.36,105.44,105.74,105.28,,0.23%
2023-09-20,105.12,105.11,105.44,104.67,,-0.04%
2023-09-19,105.16,105.08,105.21,104.81,,-0.04%
2023-09-18,105.2,105.3,105.36,105.02,,-0.11%
2023-09-15,105.32,105.38,105.41,105.08,,-0.09%
2023-09-14,105.41,104.74,105.44,104.56,,0.61%
2023-09-13,104.77,104.58,104.97,104.51,,0.06%
2023-09-12,104.71,104.56,104.92,104.46,,0.13%
2023-09-11,104.57,105.06,104.94,104.42,,-0.49%
2023-09-08,105.09,105.06,105.1,104.66,,0.03%
2023-09-07,105.06,104.86,105.16,104.8,,0.19%
2023-09-06,104.86,104.75,105.02,104.59,,0.05%
2023-09-05,104.81,104.13,104.91,104.11,,0.55%
2023-09-04,104.24,104.26,104.27,104.03,,0.00%
2023-09-01,104.24,103.62,104.29,103.27,,0.60%
2023-08-31,103.62,103.1,103.74,103.01,,0.45%
2023-08-30,103.16,103.44,103.7,102.94,,-0.36%
2023-08-29,103.53,103.92,104.36,103.36,,-0.51%
2023-08-28,104.06,104.19,104.21,103.97,,-0.02%
2023-08-25,104.08,104.09,104.45,103.74,,0.10%
2023-08-24,103.98,103.36,104.03,103.27,,0.54%
2023-08-23,103.42,103.58,103.98,103.3,,-0.14%
2023-08-22,103.56,103.33,103.72,103.01,,0.25%
2023-08-21,103.3,103.43,103.5,103.14,,-0.08%
2023-08-18,103.38,103.4,103.68,103.22,,-0.18%
2023-08-17,103.57,103.47,103.6,103.06,,0.14%
2023-08-16,103.43,103.21,103.53,102.94,,0.21%
2023-08-15,103.21,103.21,103.28,103.15,,0.02%
2023-08-14,103.19,102.85,103.46,102.77,,0.34%
2023-08-11,102.84,102.62,102.91,102.42,,0.31%
2023-08-10,102.52,102.48,102.65,101.78,,0.03%
2023-08-09,102.49,102.55,102.58,102.29,,-0.04%
2023-08-08,102.53,102.07,102.8,102.06,,0.47%
2023-08-07,102.05,101.99,102.38,101.97,,0.03%
2023-08-04,102.02,102.45,102.62,101.74,,-0.51%
2023-08-03,102.54,102.59,102.84,102.36,,-0.05%
2023-08-02,102.59,101.96,102.78,101.96,,0.28%
2023-08-01,102.3,101.87,102.43,101.85,,0.43%
2023-07-31,101.86,101.89,101.9,101.86,,0.24%
2023-07-28,101.62,101.69,102.04,101.36,,-0.15%
2023-07-27,101.77,101.11,101.84,100.55,,0.87%
2023-07-26,100.89,101.32,101.44,100.86,,-0.45%
2023-07-25,101.35,101.42,101.65,101.19,,0.00%
2023-07-24,101.35,101.05,101.42,100.89,,0.28%
2023-07-21,101.07,100.78,101.19,100.72,,0.19%
2023-07-20,100.88,100.78,100.97,100.02,,0.60%
2023-07-19,100.28,99.98,100.53,99.92,,0.34%
2023-07-18,99.94,99.89,100.11,99.59,,0.10%
2023-07-17,99.84,99.96,100.18,99.75,,-0.07%
2023-07-14,99.91,99.75,100.02,99.58,,0.14%
2023-07-13,99.77,100.52,100.61,99.74,,-0.75%
2023-07-12,100.52,101.59,101.61,100.51,,-1.19%
2023-07-11,101.73,101.94,101.97,101.65,,-0.24%
2023-07-10,101.97,102.29,102.56,101.95,,-0.29%
2023-07-07,102.27,103.08,103.19,102.23,,-0.78%
2023-07-06,103.07,103.35,103.57,102.92,,-0.29%
2023-07-05,103.37,103.08,103.39,102.95,,0.32%
2023-07-04,103.04,102.97,103.11,102.88,,0.08%
2023-07-03,102.96,102.93,103.27,102.75,,0.05%
2023-06-30,102.91,103.34,103.54,102.75,,-0.42%
2023-06-29,103.34,102.96,103.44,102.78,,0.42%
2023-06-28,102.91,102.51,103.14,102.47,,0.41%
2023-06-27,102.49,102.74,102.8,102.32,,-0.19%
2023-06-26,102.69,102.87,102.83,102.61,,-0.20%
2023-06-23,102.9,102.38,103.17,102.38,,0.50%
2023-06-22,102.39,102.03,102.47,101.92,,0.31%
2023-06-21,102.07,102.5,102.7,102.02,,-0.46%
2023-06-20,102.54,102.48,102.78,102.32,,0.02%
2023-06-19,102.52,102.3,102.55,102.25,,0.27%
2023-06-16,102.24,102.12,102.43,102.01,,0.13%
2023-06-15,102.11,102.96,103.38,102.09,,-0.82%
2023-06-14,102.95,103.32,103.4,102.66,,-0.38%
2023-06-13,103.34,103.58,103.62,103.05,,-0.30%
2023-06-12,103.65,103.55,103.76,103.24,,0.09%
2023-06-09,103.56,103.3,103.61,103.3,,0.21%
2023-06-08,103.34,104.07,104.07,103.3,,-0.73%
2023-06-07,104.1,104.12,104.3,103.66,,-0.02%
2023-06-06,104.12,104.01,104.37,103.82,,0.12%
2023-06-05,104.0,104.04,104.4,103.93,,-0.02%
2023-06-02,104.02,103.56,104.09,103.38,,0.44%
2023-06-01,103.56,104.15,104.5,103.5,,-0.74%
2023-05-31,104.33,104.05,104.7,104.01,,0.15%
2023-05-30,104.17,104.3,104.53,103.88,,-0.09%
2023-05-29,104.26,104.24,104.31,104.04,,0.05%
2023-05-26,104.21,104.23,104.42,103.85,,-0.04%
2023-05-25,104.25,103.86,104.31,103.84,,0.35%
2023-05-24,103.89,103.54,103.91,103.35,,0.39%
2023-05-23,103.49,103.27,103.65,103.16,,0.28%
2023-05-22,103.2,103.19,103.37,102.96,,0.00%
2023-05-19,103.2,103.51,103.62,103.0,,-0.37%
2023-05-18,103.58,102.91,103.62,102.8,,0.68%
2023-05-17,102.88,102.61,103.11,102.54,,0.31%
2023-05-16,102.56,102.43,102.69,102.2,,0.13%
2023-05-15,102.43,102.7,102.75,102.38,,-0.24%
2023-05-12,102.68,102.09,102.71,101.94,,0.61%
2023-05-11,102.06,101.41,102.15,101.3,,0.57%
2023-05-10,101.48,101.62,101.81,101.22,,-0.13%
2023-05-09,101.61,101.4,101.83,101.36,,0.23%
2023-05-08,101.38,101.28,101.42,101.04,,0.17%
2023-05-05,101.21,101.34,101.78,101.12,,-0.19%
2023-05-04,101.4,101.2,101.64,101.03,,0.06%
2023-05-03,101.34,101.86,101.92,101.07,,-0.61%
2023-05-02,101.96,102.14,102.4,101.88,,-0.19%
2023-05-01,102.15,101.67,102.19,101.62,,0.48%
2023-04-28,101.66,101.47,102.17,101.42,,0.16%
2023-04-27,101.5,101.4,101.8,101.28,,0.03%
2023-04-26,101.47,101.81,101.89,101.01,,-0.38%
2023-04-25,101.86,101.26,101.95,101.2,,0.50%
2023-04-24,101.35,101.72,101.91,101.32,,-0.46%
2023-04-21,101.82,101.8,102.12,101.65,,-0.02%
2023-04-20,101.84,101.99,102.13,101.63,,-0.13%
2023-04-19,101.97,101.7,102.23,101.66,,0.22%
2023-04-18,101.75,102.1,102.14,101.64,,-0.34%
2023-04-17,102.1,101.58,102.23,101.53,,0.54%
2023-04-14,101.55,101.0,101.75,100.79,,0.53%
2023-04-13,101.01,101.47,101.6,100.85,,-0.48%
2023-04-12,101.5,102.13,102.16,101.45,,-0.68%
2023-04-11,102.2,102.52,102.52,102.01,,-0.37%
2023-04-10,102.58,102.09,102.81,101.99,,0.48%
2023-04-07,102.09,101.94,102.3,101.88,,0.27%
2023-04-06,101.82,101.83,102.14,101.75,,-0.03%
2023-04-05,101.85,101.52,101.99,101.42,,0.26%
2023-04-04,101.59,102.01,102.28,101.46,,-0.49%
2023-04-03,102.09,102.59,103.06,101.98,,-0.41%
2023-03-31,102.51,102.2,102.63,102.05,,0.36%
2023-03-30,102.14,102.62,102.78,102.07,,-0.49%
2023-03-29,102.64,102.49,102.79,102.37,,0.21%
2023-03-28,102.43,102.75,102.76,102.38,,-0.42%
2023-03-27,102.86,103.11,103.23,102.83,,-0.25%
2023-03-24,103.12,102.6,103.36,102.5,,0.58%
2023-03-23,102.53,102.5,102.64,101.92,,0.18%
2023-03-22,102.35,103.19,103.27,102.06,,-0.88%
2023-03-21,103.26,103.31,103.52,103.0,,-0.02%
2023-03-20,103.28,103.86,103.96,103.28,,-0.41%
2023-03-17,103.71,104.41,104.44,103.69,,-0.68%
2023-03-16,104.42,104.62,104.74,104.2,,-0.22%
2023-03-15,104.65,103.74,105.1,103.44,,1.01%
2023-03-14,103.6,103.67,104.05,103.5,,0.01%
2023-03-13,103.59,104.64,104.64,103.48,,-0.95%
2023-03-10,104.58,105.12,105.35,104.04,,-0.69%
2023-03-09,105.31,105.62,105.73,105.15,,-0.33%
2023-03-08,105.66,105.67,105.88,105.36,,0.05%
2023-03-07,105.61,104.3,105.65,104.12,,1.21%
2023-03-06,104.35,104.53,104.69,104.16,,-0.16%
2023-03-03,104.52,104.94,105.0,104.48,,-0.49%
2023-03-02,105.03,104.39,105.18,104.39,,0.53%
2023-03-01,104.48,105.04,105.09,104.09,,-0.37%
2023-02-28,104.87,104.63,105.0,104.42,,0.19%
2023-02-27,104.67,105.26,105.36,104.55,,-0.51%
2023-02-24,105.21,104.56,105.32,104.42,,0.58%
2023-02-23,104.6,104.5,104.78,104.31,,0.02%
2023-02-22,104.58,104.13,104.59,104.01,,0.38%
2023-02-21,104.18,103.91,104.26,103.77,,0.31%
2023-02-20,103.86,103.88,104.09,103.76,,0.00%
2023-02-17,103.86,104.2,104.67,103.84,,0.00%
2023-02-16,103.86,103.88,104.23,103.53,,-0.06%
2023-02-15,103.92,103.21,104.11,103.16,,0.67%
2023-02-14,103.23,103.22,103.52,102.59,,-0.11%
2023-02-13,103.34,103.58,103.84,103.24,,-0.28%
2023-02-10,103.63,103.25,103.68,102.9,,0.40%
2023-02-09,103.22,103.43,103.55,102.64,,-0.18%
2023-02-08,103.41,103.27,103.52,103.0,,-0.02%
2023-02-07,103.43,103.54,103.96,103.0,,-0.18%
2023-02-06,103.62,103.1,103.77,103.01,,0.68%
2023-02-03,102.92,101.83,103.01,101.55,,1.15%
2023-02-02,101.75,100.85,101.91,100.82,,0.52%
2023-02-01,101.22,102.09,102.19,101.04,,-0.86%
2023-01-31,102.1,102.19,102.61,102.01,,-0.18%
2023-01-30,102.28,101.92,102.31,101.66,,0.34%
2023-01-27,101.93,101.72,102.19,101.68,,0.09%
2023-01-26,101.84,101.58,102.18,101.5,,0.20%
2023-01-25,101.64,102.0,102.12,101.58,,-0.27%
2023-01-24,101.92,101.99,102.43,101.72,,-0.22%
2023-01-23,102.14,101.99,102.28,101.59,,0.13%
2023-01-20,102.01,102.08,102.55,101.94,,-0.05%
2023-01-19,102.06,102.38,102.48,101.99,,-0.29%
2023-01-18,102.36,102.47,102.9,101.53,,-0.03%
2023-01-17,102.39,102.32,102.56,101.94,,0.12%
2023-01-16,102.27,102.18,102.56,101.77,,0.07%
2023-01-13,102.2,102.21,102.65,101.99,,-0.05%
2023-01-12,102.25,103.06,103.29,102.08,,-0.91%
2023-01-11,103.19,103.22,103.48,103.11,,-0.05%
2023-01-10,103.24,103.29,103.49,103.03,,0.23%
2023-01-09,103.0,103.91,103.94,102.94,,-0.85%
2023-01-06,103.88,105.05,105.63,103.87,,-1.10%
2023-01-05,105.04,104.07,105.27,103.98,,0.76%
2023-01-04,104.25,104.58,104.6,103.83,,-0.26%
2023-01-03,104.52,103.66,104.86,103.47,,0.97%
2022-12-30,103.52,103.95,104.1,103.39,,-0.31%
2022-12-29,103.84,104.37,104.45,103.78,,-0.59%
2022-12-28,104.46,104.33,104.56,103.85,,0.27%
2022-12-27,104.18,104.12,104.4,103.89,,-0.12%
2022-12-23,104.31,104.39,104.54,104.12,,-0.11%
2022-12-22,104.43,104.22,104.6,103.75,,0.26%
2022-12-21,104.16,103.95,104.38,103.85,,0.18%
2022-12-20,103.97,104.73,104.79,103.78,,-0.72%
2022-12-19,104.72,104.84,104.93,104.13,,0.02%
2022-12-16,104.7,104.45,104.84,104.21,,0.13%
2022-12-15,104.56,103.67,104.88,103.54,,0.76%
2022-12-14,103.77,104.07,104.16,103.45,,-0.20%
2022-12-13,103.98,104.99,105.09,103.59,,-1.09%
2022-12-12,105.13,104.93,105.25,104.67,,0.31%
2022-12-09,104.81,104.86,105.14,104.48,,0.04%
2022-12-08,104.77,105.2,105.43,104.72,,-0.31%
2022-12-07,105.1,105.63,105.82,104.88,,-0.45%
2022-12-06,105.58,105.16,105.63,104.89,,0.28%
2022-12-05,105.29,104.51,105.4,104.11,,0.71%
2022-12-02,104.55,104.82,105.58,104.38,,-0.17%
2022-12-01,104.73,105.7,105.9,104.66,,-1.15%
2022-11-30,105.95,106.72,107.19,105.78,,-0.81%
2022-11-29,106.82,106.57,106.88,106.06,,0.13%
2022-11-28,106.68,106.06,106.75,105.32,,0.68%
2022-11-25,105.96,105.95,106.42,105.69,,0.13%
2022-11-24,105.82,105.99,106.08,105.63,,-0.25%
2022-11-23,106.08,107.08,107.22,106.03,,-1.06%
2022-11-22,107.22,107.7,107.75,107.12,,-0.57%
2022-11-21,107.83,106.97,107.99,106.89,,0.84%
2022-11-18,106.93,106.69,107.04,106.34,,0.22%
2022-11-17,106.69,106.27,107.24,106.1,,0.39%
2022-11-16,106.28,106.58,106.78,105.86,,-0.11%
2022-11-15,106.4,107.0,107.1,105.34,,-0.24%
2022-11-14,106.66,106.42,107.27,106.48,,0.35%
2022-11-11,106.29,108.23,108.44,106.28,,-1.77%
2022-11-10,108.21,110.3,110.99,107.71,,-2.12%
2022-11-09,110.55,109.65,110.64,109.45,,0.83%
2022-11-08,109.64,110.06,110.61,109.37,,-0.44%
2022-11-07,110.12,110.79,111.27,110.05,,-0.69%
2022-11-04,110.88,112.97,112.99,110.72,,-1.82%
2022-11-03,112.93,112.17,113.15,111.82,,1.43%
2022-11-02,111.34,111.53,112.15,110.43,,-0.13%
2022-11-01,111.48,111.52,111.78,110.72,,-0.04%
2022-10-31,111.53,110.67,111.67,110.72,,0.70%
2022-10-28,110.75,110.5,111.04,110.29,,0.14%
2022-10-27,110.59,109.62,110.62,109.53,,0.81%
2022-10-26,109.7,110.96,111.14,109.63,,-1.13%
2022-10-25,110.95,111.82,112.13,110.76,,-0.93%
2022-10-24,111.99,111.88,112.53,111.47,,-0.02%
2022-10-21,112.01,112.94,113.94,111.7,,-0.77%
2022-10-20,112.88,112.99,113.09,112.17,,-0.09%
2022-10-19,112.98,111.91,113.09,111.92,,0.76%
2022-10-18,112.13,112.07,112.45,111.77,,0.08%
2022-10-17,112.04,113.22,113.22,111.92,,-1.12%
2022-10-14,113.31,112.47,113.42,112.16,,0.85%
2022-10-13,112.36,113.24,113.92,112.15,,-0.85%
2022-10-12,113.32,113.31,113.59,113.05,,0.09%
2022-10-11,113.22,113.08,113.5,112.41,,0.07%
2022-10-10,113.14,112.75,113.33,112.62,,0.30%
2022-10-07,112.8,112.25,112.88,111.95,,0.48%
2022-10-06,112.26,111.02,112.31,110.78,,1.07%
2022-10-05,111.07,110.22,111.73,110.09,,0.92%
2022-10-04,110.06,111.59,111.89,110.06,,-1.51%
2022-10-03,111.75,112.17,112.54,111.47,,-0.33%
2022-09-30,112.12,111.75,112.67,111.58,,-0.12%
2022-09-29,112.25,113.01,113.79,111.77,,-0.31%
2022-09-28,112.6,114.19,114.78,112.56,,-1.32%
2022-09-27,114.11,114.02,114.47,113.33,,0.01%
2022-09-26,114.1,113.02,114.53,112.94,,0.80%
2022-09-23,113.19,111.24,113.23,111.08,,1.65%
2022-09-22,111.35,111.48,111.81,110.46,,0.64%
2022-09-21,110.64,110.16,111.58,110.13,,0.38%
2022-09-20,110.22,109.58,110.29,109.36,,0.44%
2022-09-19,109.74,109.64,110.17,109.49,,-0.02%
2022-09-16,109.76,109.8,110.26,109.47,,0.02%
2022-09-15,109.74,109.61,109.92,109.42,,0.07%
2022-09-14,109.66,109.97,109.93,109.28,,-0.14%
2022-09-13,109.81,108.23,110.01,107.68,,1.37%
2022-09-12,108.33,108.6,108.86,107.81,,-0.61%
2022-09-09,109.0,109.58,109.54,108.36,,-0.65%
2022-09-08,109.71,109.67,110.24,109.33,,-0.12%
2022-09-07,109.84,110.32,110.79,109.53,,-0.34%
2022-09-06,110.21,109.6,110.55,109.38,,0.35%
2022-09-05,109.83,109.61,110.27,109.72,,0.27%
2022-09-02,109.53,109.64,109.72,108.93,,-0.15%
2022-09-01,109.69,108.84,109.98,108.77,,0.91%
2022-08-31,108.7,108.75,109.2,108.38,,-0.06%
2022-08-30,108.77,108.7,109.11,108.29,,-0.06%
2022-08-29,108.83,108.84,109.48,108.49,,0.03%
2022-08-26,108.8,108.47,108.87,107.59,,0.30%
2022-08-25,108.47,108.62,108.69,107.99,,-0.19%
2022-08-24,108.68,108.52,109.11,108.36,,0.06%
2022-08-23,108.62,109.0,109.27,108.08,,-0.39%
2022-08-22,109.05,108.1,109.1,108.08,,0.81%
2022-08-19,108.17,107.5,108.22,107.47,,0.64%
2022-08-18,107.48,106.67,107.56,106.5,,0.85%
2022-08-17,106.57,106.45,106.89,106.31,,0.07%
2022-08-16,106.5,106.48,106.94,106.32,,-0.05%
2022-08-15,106.55,105.67,106.55,105.55,,0.87%
2022-08-12,105.63,105.16,105.88,105.09,,0.51%
2022-08-11,105.09,105.21,105.46,104.65,,-0.10%
2022-08-10,105.2,106.34,106.4,104.64,,-1.10%
2022-08-09,106.37,106.33,106.41,105.97,,-0.07%
2022-08-08,106.44,106.58,106.8,106.09,,-0.17%
2022-08-05,106.62,105.72,106.93,105.69,,0.88%
2022-08-04,105.69,106.48,106.51,105.67,,-0.77%
2022-08-03,106.51,106.43,106.82,105.97,,0.25%
2022-08-02,106.24,105.36,106.35,105.05,,0.75%
2022-08-01,105.45,105.83,106.03,105.24,,-0.42%
2022-07-29,105.9,106.21,106.66,105.54,,-0.42%
2022-07-28,106.35,106.37,106.97,106.06,,-0.09%
2022-07-27,106.45,107.13,107.43,106.26,,-0.69%
2022-07-26,107.19,106.45,107.28,106.2,,0.67%
2022-07-25,106.48,106.55,106.88,106.19,,-0.23%
2022-07-22,106.73,106.59,107.36,106.11,,-0.17%
2022-07-21,106.91,107.08,107.32,106.42,,-0.16%
2022-07-20,107.08,106.67,107.25,106.39,,0.37%
2022-07-19,106.68,107.49,107.63,106.4,,-0.64%
2022-07-18,107.37,107.98,108.04,106.89,,-0.64%
2022-07-15,108.06,108.67,108.71,107.91,,-0.44%
2022-07-14,108.54,108.14,109.29,108.14,,0.54%
2022-07-13,107.96,108.19,108.58,107.48,,-0.10%
2022-07-12,108.07,108.18,108.56,107.84,,0.05%
2022-07-11,108.02,106.89,108.27,106.92,,0.94%
2022-07-08,107.01,107.04,107.79,106.81,,-0.11%
2022-07-07,107.13,107.07,107.23,106.71,,0.03%
2022-07-06,107.1,106.49,107.26,106.36,,0.54%
2022-07-05,106.53,105.14,106.79,105.05,,1.32%
2022-07-04,105.14,105.12,105.25,104.81,,0.00%
2022-07-01,105.14,104.78,105.64,104.74,,0.43%
2022-06-30,104.69,105.06,105.54,104.64,,-0.40%
2022-06-29,105.11,104.46,105.15,104.36,,0.57%
2022-06-28,104.51,103.97,104.61,103.77,,0.55%
2022-06-27,103.94,104.12,104.21,103.67,,-0.24%
2022-06-24,104.19,104.38,104.51,103.95,,-0.23%
2022-06-23,104.43,104.21,104.77,104.06,,0.22%
2022-06-22,104.2,104.43,104.95,103.86,,-0.23%
2022-06-21,104.44,104.44,104.54,103.94,,-0.25%
2022-06-20,104.7,104.65,104.82,104.23,,0.00%
2022-06-17,104.7,103.88,105.08,103.83,,1.03%
2022-06-16,103.63,104.9,105.49,103.42,,-1.45%
2022-06-15,105.16,105.35,105.79,104.66,,-0.34%
2022-06-14,105.52,105.19,105.65,104.62,,0.42%
2022-06-13,105.08,104.19,105.28,104.21,,0.89%
2022-06-10,104.15,103.34,104.23,103.05,,0.90%
2022-06-09,103.22,102.56,103.37,102.15,,0.66%
2022-06-08,102.54,102.39,102.78,102.27,,0.22%
2022-06-07,102.32,102.49,102.84,102.26,,-0.12%
2022-06-06,102.44,102.17,102.47,101.85,,0.29%
2022-06-03,102.14,101.75,102.22,101.64,,0.31%
2022-06-02,101.82,102.55,102.62,101.74,,-0.66%
2022-06-01,102.5,101.76,102.73,101.74,,0.74%
2022-05-31,101.75,101.44,102.17,101.41,,0.08%
2022-05-30,101.67,101.64,101.72,101.3,,0.00%
2022-05-27,101.67,101.72,101.94,101.43,,-0.16%
2022-05-26,101.83,102.02,102.27,101.74,,-0.23%
2022-05-25,102.06,101.77,102.45,101.73,,0.20%
2022-05-24,101.86,102.11,102.32,101.65,,-0.22%
2022-05-23,102.08,103.03,103.05,102.04,,-1.04%
2022-05-20,103.15,102.9,103.26,102.77,,0.42%
2022-05-19,102.72,103.83,103.88,102.66,,-1.05%
2022-05-18,103.81,103.34,103.93,103.19,,0.44%
2022-05-17,103.36,104.17,104.23,103.23,,-0.80%
2022-05-16,104.19,104.47,104.64,104.14,,-0.35%
2022-05-13,104.56,104.77,105.0,104.47,,-0.28%
2022-05-12,104.85,104.01,104.92,103.88,,0.96%
2022-05-11,103.85,103.9,104.11,103.37,,-0.07%
2022-05-10,103.92,103.73,103.98,103.5,,0.26%
2022-05-09,103.65,103.66,104.19,103.39,,-0.01%
2022-05-06,103.66,103.56,104.06,103.19,,-0.09%
2022-05-05,103.75,102.68,103.94,102.35,,1.13%
2022-05-04,102.59,103.46,103.61,102.46,,-0.85%
2022-05-03,103.47,103.6,103.67,103.03,,-0.26%
2022-05-02,103.74,103.21,103.75,103.11,,0.76%
2022-04-29,102.96,103.67,103.67,102.82,,-0.64%
2022-04-28,103.62,103.04,103.93,102.98,,0.65%
2022-04-27,102.95,102.28,103.28,102.22,,0.64%
2022-04-26,102.3,101.73,102.36,101.51,,0.54%
2022-04-25,101.75,101.12,101.86,101.04,,0.52%
2022-04-22,101.22,100.62,101.33,100.47,,0.64%
2022-04-21,100.58,100.35,100.64,99.82,,0.19%
2022-04-20,100.39,100.98,101.03,100.22,,-0.56%
2022-04-19,100.96,100.83,101.03,100.7,,0.18%
2022-04-18,100.78,100.5,100.86,100.46,,0.46%
2022-04-15,100.32,100.42,100.57,100.32,,0.00%
2022-04-14,100.32,99.79,100.76,99.57,,0.44%
2022-04-13,99.88,100.34,100.52,99.83,,-0.41%
2022-04-12,100.29,100.03,100.33,99.74,,0.36%
2022-04-11,99.93,99.84,100.05,99.61,,0.13%
2022-04-08,99.8,99.82,100.19,99.74,,0.05%
2022-04-07,99.75,99.65,99.83,99.4,,0.15%
2022-04-06,99.6,99.47,99.77,99.31,,0.13%
2022-04-05,99.47,99.0,99.52,98.84,,0.47%
2022-04-04,99.0,98.57,99.08,98.52,,0.38%
2022-04-01,98.63,98.33,98.74,98.31,,0.33%
2022-03-31,98.31,97.83,98.4,97.69,,0.53%
2022-03-30,97.79,98.37,98.43,97.69,,-0.62%
2022-03-29,98.4,99.08,99.3,98.04,,-0.70%
2022-03-28,99.09,98.81,99.37,98.8,,0.30%
2022-03-25,98.79,98.75,98.83,98.4,,0.00%
2022-03-24,98.79,98.64,98.96,98.59,,0.17%
2022-03-23,98.62,98.47,98.88,98.39,,0.13%
2022-03-22,98.49,98.49,98.97,98.32,,-0.01%
2022-03-21,98.5,98.24,98.53,98.16,,0.27%
2022-03-18,98.23,98.0,98.62,97.84,,0.27%
2022-03-17,97.97,98.5,98.51,97.73,,-0.66%
2022-03-16,98.62,98.89,99.08,98.3,,-0.48%
2022-03-15,99.1,99.13,99.2,98.64,,0.10%
2022-03-14,99.0,99.13,99.29,98.68,,-0.12%
2022-03-11,99.12,98.36,99.16,98.27,,0.62%
2022-03-10,98.51,98.06,98.6,97.71,,0.55%
2022-03-09,97.97,99.12,99.12,97.85,,-1.10%
2022-03-08,99.06,99.24,99.32,98.71,,-0.23%
2022-03-07,99.29,98.51,99.42,98.51,,0.65%
2022-03-04,98.65,98.04,98.92,97.84,,0.89%
2022-03-03,97.78,97.47,97.95,97.43,,0.40%
2022-03-02,97.39,97.37,97.83,97.29,,-0.02%
2022-03-01,97.41,96.77,97.58,96.63,,0.72%
2022-02-28,96.71,96.54,97.42,96.54,,0.10%
2022-02-25,96.61,97.0,97.22,96.52,,-0.55%
2022-02-24,97.14,96.22,97.73,96.22,,0.99%
2022-02-23,96.19,96.04,96.24,95.85,,0.17%
2022-02-22,96.03,96.08,96.26,95.84,,-0.05%
2022-02-21,96.08,96.11,96.15,95.69,,0.04%
2022-02-18,96.04,95.83,96.17,95.73,,0.25%
2022-02-17,95.8,95.77,96.11,95.71,,0.10%
2022-02-16,95.7,96.01,96.06,95.68,,-0.30%
2022-02-15,95.99,96.24,96.29,95.96,,-0.39%
2022-02-14,96.37,96.03,96.44,95.91,,0.30%
2022-02-11,96.08,95.94,96.11,95.64,,0.55%
2022-02-10,95.55,95.57,96.0,95.17,,0.06%
2022-02-09,95.49,95.59,95.67,95.38,,-0.16%
2022-02-08,95.64,95.43,95.75,95.4,,0.25%
2022-02-07,95.4,95.48,95.63,95.35,,-0.08%
2022-02-04,95.48,95.31,95.7,95.14,,0.10%
2022-02-03,95.38,96.02,96.25,95.24,,-0.58%
2022-02-02,95.94,96.27,96.3,95.81,,-0.47%
2022-02-01,96.39,96.7,96.72,96.23,,-0.16%
2022-01-31,96.54,97.22,97.3,96.52,,-0.75%
2022-01-28,97.27,97.25,97.44,97.06,,0.02%
2022-01-27,97.25,96.55,97.29,96.53,,0.89%
2022-01-26,96.39,95.96,96.54,95.91,,0.46%
2022-01-25,95.95,95.93,96.27,95.9,,0.03%
2022-01-24,95.92,95.64,96.13,95.63,,0.29%
2022-01-21,95.64,95.81,95.84,95.5,,-0.09%
2022-01-20,95.73,95.59,95.86,95.42,,0.23%
2022-01-19,95.51,95.77,95.79,95.49,,-0.23%
2022-01-18,95.73,95.22,95.83,95.13,,0.49%
2022-01-17,95.26,95.17,95.35,95.04,,0.09%
2022-01-14,95.17,94.87,95.27,94.63,,0.40%
2022-01-13,94.79,94.99,95.02,94.66,,-0.14%
2022-01-12,94.92,95.58,95.69,94.91,,-0.73%
2022-01-11,95.62,95.93,96.07,95.58,,-0.39%
2022-01-10,95.99,95.74,96.23,95.74,,0.28%
2022-01-07,95.72,96.26,96.3,95.71,,-0.62%
2022-01-06,96.32,96.2,96.39,96.03,,0.16%
2022-01-05,96.17,96.31,96.33,95.89,,-0.09%
2022-01-04,96.26,96.19,96.46,96.03,,0.05%
2022-01-03,96.21,95.67,96.33,95.62,,0.25%
2021-12-31,95.97,95.99,96.11,95.57,,0.00%
2021-12-30,95.97,95.89,96.22,95.86,,0.04%
2021-12-29,95.93,96.15,96.39,95.76,,-0.28%
2021-12-28,96.2,96.06,96.28,96.0,,0.11%
2021-12-27,96.09,96.15,96.26,96.05,,0.07%
2021-12-23,96.02,96.03,96.28,95.99,,-0.06%
2021-12-22,96.08,96.47,96.6,96.02,,-0.42%
2021-12-21,96.49,96.54,96.64,96.34,,-0.06%
2021-12-20,96.55,96.67,96.69,96.33,,-0.01%
2021-12-17,96.56,96.0,96.69,95.88,,0.54%
2021-12-16,96.04,96.43,96.45,95.85,,-0.49%
2021-12-15,96.51,96.55,96.91,96.3,,-0.06%
2021-12-14,96.57,96.35,96.59,96.1,,0.26%
2021-12-13,96.32,96.05,96.44,96.05,,0.23%
2021-12-10,96.1,96.22,96.43,95.98,,-0.18%
2021-12-09,96.27,95.96,96.34,95.96,,0.40%
2021-12-08,95.89,96.26,96.38,95.85,,-0.50%
2021-12-07,96.37,96.3,96.59,96.17,,0.04%
2021-12-06,96.33,96.15,96.43,96.12,,0.22%
2021-12-03,96.12,96.12,96.45,95.97,,-0.04%
2021-12-02,96.16,96.07,96.17,95.83,,0.14%
2021-12-01,96.03,95.94,96.14,95.67,,0.04%
2021-11-30,95.99,96.22,96.64,95.52,,-0.36%
2021-11-29,96.34,96.07,96.44,96.07,,0.26%
2021-11-26,96.09,96.72,96.77,95.75,,-0.70%
2021-11-25,96.77,96.81,96.82,96.65,,-0.11%
2021-11-24,96.88,96.53,96.94,96.44,,0.40%
2021-11-23,96.49,96.46,96.61,96.31,,-0.06%
2021-11-22,96.55,96.07,96.55,96.04,,0.54%
2021-11-19,96.03,95.58,96.24,95.58,,0.51%
2021-11-18,95.54,95.8,95.84,95.52,,-0.30%
2021-11-17,95.83,95.94,96.24,95.73,,-0.09%
2021-11-16,95.92,95.47,95.98,95.4,,0.53%
2021-11-15,95.41,95.12,95.59,94.97,,0.29%
2021-11-12,95.13,95.18,95.27,95.0,,-0.05%
2021-11-11,95.18,94.84,95.2,94.84,,0.35%
2021-11-10,94.85,93.98,94.9,93.97,,0.96%
2021-11-09,93.95,94.09,94.15,93.88,,-0.11%
2021-11-08,94.05,94.25,94.38,93.99,,-0.29%
2021-11-05,94.32,94.34,94.62,94.19,,-0.03%
2021-11-04,94.35,93.86,94.47,93.83,,0.52%
2021-11-03,93.86,94.12,94.21,93.82,,-0.24%
2021-11-02,94.09,93.93,94.13,93.82,,0.22%
2021-11-01,93.88,94.13,94.31,93.86,,-0.25%
2021-10-29,94.12,93.36,94.3,93.32,,0.84%
2021-10-28,93.34,93.88,93.97,93.28,,-0.49%
2021-10-27,93.8,93.97,94.01,93.69,,-0.16%
2021-10-26,93.95,93.84,94.02,93.7,,0.15%
2021-10-25,93.81,93.66,93.96,93.48,,0.18%
2021-10-22,93.64,93.75,93.79,93.54,,-0.14%
2021-10-21,93.77,93.58,93.79,93.5,,0.22%
2021-10-20,93.56,93.81,93.88,93.54,,-0.18%
2021-10-19,93.73,93.95,93.95,93.5,,-0.23%
2021-10-18,93.95,93.95,94.17,93.87,,0.01%
2021-10-15,93.94,94.03,94.07,93.85,,-0.02%
2021-10-14,93.96,94.02,94.09,93.76,,-0.13%
2021-10-13,94.08,94.52,94.53,94.0,,-0.47%
2021-10-12,94.52,94.37,94.56,94.23,,0.21%
2021-10-11,94.32,94.1,94.4,94.03,,0.27%
2021-10-08,94.07,94.21,94.34,93.94,,-0.16%
2021-10-07,94.22,94.23,94.28,94.08,,-0.05%
2021-10-06,94.27,93.99,94.45,93.98,,0.32%
2021-10-05,93.97,93.83,94.06,93.81,,0.20%
2021-10-04,93.78,94.07,94.1,93.68,,-0.27%
2021-10-01,94.03,94.31,94.39,93.99,,-0.21%
2021-09-30,94.23,94.35,94.5,94.11,,-0.12%
2021-09-29,94.34,93.72,94.43,93.67,,0.61%
2021-09-28,93.77,93.41,93.81,93.36,,0.42%
2021-09-27,93.38,93.28,93.49,93.21,,0.05%
2021-09-24,93.33,93.07,93.42,93.05,,0.32%
2021-09-23,93.03,93.48,93.52,92.98,,-0.46%
2021-09-22,93.46,93.22,93.51,92.99,,0.28%
2021-09-21,93.2,93.24,93.28,93.05,,-0.09%
2021-09-20,93.28,93.25,93.45,93.19,,0.10%
2021-09-17,93.19,92.88,93.25,92.77,,0.28%
2021-09-16,92.93,92.46,92.96,92.46,,0.41%
2021-09-15,92.55,92.68,92.68,92.42,,-0.08%
2021-09-14,92.62,92.62,92.68,92.32,,-0.05%
2021-09-13,92.67,92.61,92.89,92.57,,0.10%
2021-09-10,92.58,92.53,92.65,92.33,,0.11%
2021-09-09,92.48,92.71,92.76,92.38,,-0.18%
2021-09-08,92.65,92.54,92.86,92.47,,0.15%
2021-09-07,92.51,92.2,92.57,92.1,,0.52%
2021-09-06,92.03,92.12,92.31,92.03,,0.00%
2021-09-03,92.03,92.22,92.26,91.95,,-0.21%
2021-09-02,92.22,92.51,92.53,92.21,,-0.25%
2021-09-01,92.45,92.66,92.79,92.38,,-0.19%
2021-08-31,92.63,92.7,92.75,92.4,,-0.02%
2021-08-30,92.65,92.68,92.79,92.6,,-0.04%
2021-08-27,92.69,93.03,93.18,92.63,,-0.40%
2021-08-26,93.06,92.83,93.08,92.81,,0.25%
2021-08-25,92.83,92.88,93.13,92.81,,-0.06%
2021-08-24,92.89,92.99,93.08,92.81,,-0.08%
2021-08-23,92.96,93.46,93.5,92.95,,-0.58%
2021-08-20,93.5,93.56,93.73,93.43,,-0.07%
2021-08-19,93.57,93.14,93.58,93.14,,0.46%
2021-08-18,93.14,93.14,93.26,92.96,,0.01%
2021-08-17,93.13,92.62,93.17,92.61,,0.54%
2021-08-16,92.63,92.52,92.66,92.48,,0.12%
2021-08-13,92.52,92.97,93.01,92.47,,-0.55%
2021-08-12,93.03,92.89,93.03,92.85,,0.12%
2021-08-11,92.92,93.07,93.19,92.8,,-0.15%
2021-08-10,93.06,92.98,93.14,92.94,,0.13%
2021-08-09,92.94,92.78,92.99,92.72,,0.15%
2021-08-06,92.8,92.27,92.84,92.26,,0.61%
2021-08-05,92.24,92.28,92.35,92.11,,-0.03%
2021-08-04,92.27,92.04,92.31,91.82,,0.21%
2021-08-03,92.08,92.06,92.16,91.89,,0.03%
2021-08-02,92.05,92.09,92.17,91.91,,-0.13%
2021-07-30,92.17,91.85,92.2,91.78,,0.34%
2021-07-29,91.86,92.27,92.29,91.86,,-0.50%
2021-07-28,92.32,92.46,92.75,92.23,,-0.12%
2021-07-27,92.43,92.63,92.84,92.32,,-0.24%
2021-07-26,92.65,92.91,92.96,92.53,,-0.28%
2021-07-23,92.91,92.81,93.02,92.78,,0.10%
2021-07-22,92.82,92.8,92.92,92.51,,0.08%
2021-07-21,92.75,92.97,93.19,92.73,,-0.24%
2021-07-20,92.97,92.88,93.17,92.8,,0.09%
2021-07-19,92.89,92.71,93.04,92.64,,0.22%
2021-07-16,92.69,92.59,92.76,92.53,,0.08%
2021-07-15,92.62,92.39,92.69,92.27,,0.23%
2021-07-14,92.41,92.8,92.83,92.35,,-0.37%
2021-07-13,92.75,92.23,92.81,92.14,,0.53%
2021-07-12,92.26,92.1,92.42,92.08,,0.14%
2021-07-09,92.13,92.36,92.54,92.09,,-0.31%
2021-07-08,92.42,92.7,92.79,92.24,,-0.24%
2021-07-07,92.64,92.53,92.84,92.42,,0.10%
2021-07-06,92.55,92.24,92.66,92.0,,0.37%
2021-07-05,92.21,92.24,92.36,92.14,,-0.02%
2021-07-02,92.23,92.57,92.74,92.18,,-0.40%
2021-07-01,92.6,92.35,92.6,92.26,,0.17%
2021-06-30,92.44,92.08,92.45,92.0,,0.42%
2021-06-29,92.05,91.88,92.19,91.86,,0.17%
2021-06-28,91.89,91.81,92.02,91.7,,0.04%
2021-06-25,91.85,91.83,91.88,91.53,,0.04%
2021-06-24,91.81,91.8,91.91,91.66,,0.01%
2021-06-23,91.8,91.73,91.9,91.51,,0.04%
2021-06-22,91.76,91.88,92.14,91.64,,-0.15%
2021-06-21,91.9,92.32,92.37,91.83,,-0.35%
2021-06-18,92.22,91.88,92.41,91.81,,0.36%
2021-06-17,91.89,91.42,92.01,91.31,,0.83%
2021-06-16,91.13,90.54,91.4,90.44,,0.65%
2021-06-15,90.54,90.48,90.67,90.35,,0.02%
2021-06-14,90.52,90.51,90.6,90.41,,-0.04%
2021-06-11,90.56,90.07,90.61,89.96,,0.53%
2021-06-10,90.08,90.14,90.31,89.98,,-0.04%
2021-06-09,90.12,90.13,90.17,89.84,,0.04%
2021-06-08,90.08,89.98,90.18,89.95,,0.14%
2021-06-07,89.95,90.13,90.3,89.91,,-0.21%
2021-06-04,90.14,90.47,90.63,90.03,,-0.41%
2021-06-03,90.51,89.93,90.55,89.89,,0.67%
2021-06-02,89.91,89.92,90.25,89.86,,0.09%
2021-06-01,89.83,89.81,89.94,89.66,,-0.22%
2021-05-31,90.03,90.06,90.12,89.82,,0.00%
2021-05-28,90.03,90.03,90.44,89.98,,0.07%
2021-05-27,89.97,90.08,90.18,89.89,,-0.08%
2021-05-26,90.04,89.69,90.11,89.59,,0.45%
2021-05-25,89.64,89.85,89.87,89.53,,-0.22%
2021-05-24,89.84,90.03,90.1,89.76,,-0.20%
2021-05-21,90.02,89.78,90.15,89.65,,0.23%
2021-05-20,89.81,90.21,90.23,89.75,,-0.42%
2021-05-19,90.19,89.78,90.29,89.69,,0.49%
2021-05-18,89.75,90.18,90.2,89.69,,-0.45%
2021-05-17,90.16,90.3,90.43,90.15,,-0.18%
2021-05-14,90.32,90.76,90.8,90.28,,-0.47%
2021-05-13,90.75,90.75,90.91,90.59,,0.04%
2021-05-12,90.71,90.19,90.8,90.16,,0.63%
2021-05-11,90.14,90.24,90.36,89.98,,-0.08%
2021-05-10,90.21,90.23,90.34,90.04,,-0.02%
2021-05-07,90.23,90.88,90.96,90.19,,-0.79%
2021-05-06,90.95,91.27,91.38,90.88,,-0.39%
2021-05-05,91.31,91.28,91.44,91.17,,0.02%
2021-05-04,91.29,91.0,91.4,90.99,,0.38%
2021-05-03,90.94,91.3,91.39,90.87,,-0.37%
2021-04-30,91.28,90.63,91.32,90.59,,0.74%
2021-04-29,90.61,90.55,90.79,90.42,,0.00%
2021-04-28,90.61,90.9,91.13,90.55,,-0.33%
2021-04-27,90.91,90.88,91.07,90.81,,0.11%
2021-04-26,90.81,90.83,90.99,90.68,,-0.06%
2021-04-23,90.86,91.29,91.3,90.81,,-0.51%
2021-04-22,91.33,91.11,91.42,91.0,,0.19%
2021-04-21,91.16,91.21,91.43,91.09,,-0.09%
2021-04-20,91.24,91.05,91.28,90.86,,0.19%
2021-04-19,91.07,91.54,91.75,91.03,,-0.54%
2021-04-16,91.56,91.66,91.81,91.49,,-0.14%
2021-04-15,91.69,91.63,91.75,91.49,,0.00%
2021-04-14,91.69,91.83,91.83,91.57,,-0.17%
2021-04-13,91.85,92.08,92.33,91.79,,-0.31%
2021-04-12,92.14,92.18,92.33,92.01,,-0.02%
2021-04-09,92.16,92.07,92.41,92.03,,0.11%
2021-04-08,92.06,92.42,92.48,92.0,,-0.42%
2021-04-07,92.45,92.32,92.5,92.14,,0.13%
2021-04-06,92.33,92.57,92.79,92.27,,-0.28%
2021-04-05,92.59,93.01,93.11,92.54,,-0.46%
2021-04-02,93.02,92.89,93.07,92.83,,0.10%
2021-04-01,92.93,93.22,93.34,92.88,,-0.32%
2021-03-31,93.23,93.24,93.44,92.99,,-0.08%
2021-03-30,93.3,92.91,93.35,92.88,,0.39%
2021-03-29,92.94,92.72,92.96,92.72,,0.18%
2021-03-26,92.77,92.81,92.87,92.64,,0.26%
2021-03-25,92.53,92.6,92.92,92.51,,0.00%
2021-03-24,92.53,92.39,92.61,92.34,,0.21%
2021-03-23,92.34,91.8,92.39,91.76,,0.65%
2021-03-22,91.74,92.07,92.15,91.71,,-0.20%
2021-03-19,91.92,91.83,92.17,91.66,,0.07%
2021-03-18,91.86,91.4,91.9,91.3,,0.46%
2021-03-17,91.44,91.86,92.0,91.37,,-0.46%
2021-03-16,91.86,91.83,92.03,91.68,,0.03%
2021-03-15,91.83,91.66,91.97,91.54,,0.16%
2021-03-12,91.68,91.43,91.96,91.4,,0.28%
2021-03-11,91.42,91.79,91.88,91.36,,-0.44%
2021-03-10,91.82,92.05,92.24,91.77,,-0.15%
2021-03-09,91.96,92.46,92.5,91.91,,-0.38%
2021-03-08,92.31,91.98,92.42,91.84,,0.36%
2021-03-05,91.98,91.66,92.19,91.62,,0.38%
2021-03-04,91.63,91.01,91.67,90.97,,0.75%
2021-03-03,90.95,90.79,91.06,90.63,,0.19%
2021-03-02,90.78,91.03,91.39,90.72,,-0.29%
2021-03-01,91.04,90.93,91.14,90.69,,0.18%
2021-02-26,90.88,90.36,90.97,90.13,,0.83%
2021-02-25,90.13,90.07,90.29,89.68,,-0.06%
2021-02-24,90.18,90.1,90.43,89.98,,0.01%
2021-02-23,90.17,90.02,90.26,89.94,,0.18%
2021-02-22,90.01,90.34,90.58,90.0,,-0.39%
2021-02-19,90.36,90.57,90.65,90.18,,-0.25%
2021-02-18,90.59,90.9,90.98,90.54,,-0.40%
2021-02-17,90.95,90.71,91.06,90.62,,0.49%
2021-02-16,90.51,90.29,90.65,90.12,,0.03%
2021-02-15,90.48,90.45,90.48,90.27,,0.00%
2021-02-12,90.48,90.41,90.74,90.38,,0.07%
2021-02-11,90.42,90.46,90.47,90.26,,0.06%
2021-02-10,90.37,90.49,90.53,90.25,,-0.08%
2021-02-09,90.44,90.91,90.93,90.43,,-0.54%
2021-02-08,90.93,91.0,91.23,90.9,,-0.12%
2021-02-05,91.04,91.49,91.6,90.98,,-0.54%
2021-02-04,91.53,91.09,91.58,91.08,,0.39%
2021-02-03,91.17,91.05,91.31,90.99,,-0.03%
2021-02-02,91.2,91.0,91.29,90.8,,0.24%
2021-02-01,90.98,90.53,91.06,90.5,,0.44%
2021-01-29,90.58,90.56,90.78,90.36,,0.14%
2021-01-28,90.45,90.73,90.86,90.41,,-0.22%
2021-01-27,90.65,90.15,90.88,90.15,,0.53%
2021-01-26,90.17,90.39,90.61,90.12,,-0.24%
2021-01-25,90.39,90.23,90.52,90.08,,0.17%
2021-01-22,90.24,90.05,90.31,90.05,,0.12%
2021-01-21,90.13,90.42,90.45,90.05,,-0.38%
2021-01-20,90.47,90.41,90.7,90.28,,-0.03%
2021-01-19,90.5,90.73,90.76,90.4,,-0.30%
2021-01-18,90.77,90.78,90.95,90.71,,0.00%
2021-01-15,90.77,90.22,90.8,90.22,,0.59%
2021-01-14,90.24,90.28,90.58,90.08,,-0.13%
2021-01-13,90.36,90.0,90.45,89.92,,0.30%
2021-01-12,90.09,90.52,90.62,90.03,,-0.42%
2021-01-11,90.47,90.07,90.73,90.03,,0.41%
2021-01-08,90.1,89.83,90.25,89.66,,0.30%
2021-01-07,89.83,89.32,89.97,89.32,,0.34%
2021-01-06,89.53,89.48,89.8,89.21,,0.10%
2021-01-05,89.44,89.9,89.9,89.43,,-0.48%
2021-01-04,89.87,89.93,89.94,89.42,,-0.08%
2021-01-01,89.94,89.93,89.94,89.93,,0.00%
2020-12-31,89.94,89.61,89.98,89.52,,0.29%
2020-12-30,89.68,89.98,89.98,89.56,,-0.34%
2020-12-29,89.99,90.21,90.23,89.85,,-0.39%
2020-12-28,90.34,90.22,90.38,89.98,,0.02%
2020-12-25,90.32,90.33,90.42,90.22,,0.00%
2020-12-24,90.32,90.28,90.38,90.15,,-0.10%
2020-12-23,90.41,90.52,90.67,90.16,,-0.26%
2020-12-22,90.65,90.09,90.72,90.06,,0.68%
2020-12-21,90.04,89.92,91.02,89.92,,0.02%
2020-12-18,90.02,89.83,90.13,89.83,,0.22%
2020-12-17,89.82,90.27,90.27,89.73,,-0.70%
2020-12-16,90.45,90.49,90.7,90.13,,-0.02%
2020-12-15,90.47,90.69,90.82,90.42,,-0.26%
2020-12-14,90.71,90.98,90.98,90.42,,-0.30%
2020-12-11,90.98,90.74,91.04,90.62,,0.18%
2020-12-10,90.82,91.06,91.15,90.67,,-0.30%
2020-12-09,91.09,90.92,91.2,90.69,,0.13%
2020-12-08,90.97,90.9,91.02,90.75,,0.20%
2020-12-07,90.79,90.81,91.24,90.62,,0.10%
2020-12-04,90.7,90.71,90.87,90.48,,-0.01%
2020-12-03,90.71,91.06,91.09,90.51,,-0.45%
2020-12-02,91.12,91.19,91.5,90.99,,-0.21%
2020-12-01,91.31,91.94,91.94,91.16,,-0.61%
2020-11-30,91.87,91.78,92.05,91.51,,0.09%
2020-11-27,91.79,92.02,92.05,91.76,,-0.22%
2020-11-26,91.99,91.95,92.17,91.84,,0.00%
2020-11-25,91.99,92.11,92.26,91.93,,-0.26%
2020-11-24,92.23,92.53,92.56,92.13,,-0.29%
2020-11-23,92.5,92.4,92.8,92.02,,0.12%
2020-11-20,92.39,92.34,92.43,92.21,,0.11%
2020-11-19,92.29,92.56,92.72,92.24,,-0.03%
2020-11-18,92.32,92.44,92.51,92.21,,-0.11%
2020-11-17,92.42,92.49,92.61,92.27,,-0.24%
2020-11-16,92.64,92.72,92.84,92.46,,-0.12%
2020-11-13,92.75,92.95,93.0,92.71,,-0.23%
2020-11-12,92.96,93.01,93.14,92.78,,-0.09%
2020-11-11,93.04,92.7,93.21,92.61,,0.31%
2020-11-10,92.75,92.76,92.97,92.6,,0.03%
2020-11-09,92.72,92.23,92.96,92.13,,0.53%
2020-11-06,92.23,92.57,92.82,92.18,,-0.32%
2020-11-05,92.53,93.34,93.55,92.48,,-0.94%
2020-11-04,93.41,93.09,94.3,93.09,,-0.15%
2020-11-03,93.55,94.05,94.05,93.29,,-0.62%
2020-11-02,94.13,93.89,94.28,93.89,,0.10%
2020-10-30,94.04,93.92,94.08,93.65,,0.10%
2020-10-29,93.95,93.46,94.1,93.33,,0.58%
2020-10-28,93.41,93.15,93.64,93.05,,0.51%
2020-10-27,92.94,93.07,93.13,92.79,,-0.12%
2020-10-26,93.05,92.76,93.11,92.74,,0.30%
2020-10-23,92.77,92.93,93.13,92.66,,-0.19%
2020-10-22,92.95,92.67,92.97,92.61,,0.37%
2020-10-21,92.61,93.05,93.07,92.47,,-0.49%
2020-10-20,93.07,93.42,93.5,93.0,,-0.39%
2020-10-19,93.43,93.72,93.77,93.21,,-0.27%
2020-10-16,93.68,93.8,93.88,93.53,,-0.19%
2020-10-15,93.86,93.43,93.9,93.37,,0.51%
2020-10-14,93.38,93.54,93.67,93.25,,-0.16%
2020-10-13,93.53,93.03,93.6,93.03,,0.51%
2020-10-12,93.06,93.06,93.24,93.01,,0.00%
2020-10-09,93.06,93.56,93.59,93.0,,-0.59%
2020-10-08,93.61,93.61,93.78,93.5,,-0.02%
2020-10-07,93.63,93.83,93.9,93.56,,-0.06%
2020-10-06,93.69,93.44,93.85,93.33,,0.19%
2020-10-05,93.51,93.81,93.87,93.37,,-0.35%
2020-10-02,93.84,93.73,94.03,93.69,,0.14%
2020-10-01,93.71,93.8,93.92,93.53,,-0.19%
2020-09-30,93.89,93.85,94.19,93.67,,0.00%
2020-09-29,93.89,94.24,94.3,93.82,,-0.41%
2020-09-28,94.28,94.58,94.64,94.15,,-0.38%
2020-09-25,94.64,94.32,94.74,94.19,,0.31%
2020-09-24,94.35,94.38,94.59,94.2,,-0.04%
2020-09-23,94.39,93.99,94.43,93.93,,0.43%
2020-09-22,93.99,93.55,94.08,93.47,,0.35%
2020-09-21,93.66,93.0,93.78,92.75,,0.79%
2020-09-18,92.93,92.86,93.01,92.77,,-0.04%
2020-09-17,92.97,93.15,93.59,92.87,,-0.26%
2020-09-16,93.21,93.08,93.28,92.78,,0.17%
2020-09-15,93.05,93.06,93.14,92.78,,0.00%
2020-09-14,93.05,93.29,93.33,92.87,,-0.30%
2020-09-11,93.33,93.33,93.38,93.1,,-0.01%
2020-09-10,93.34,93.23,93.45,92.7,,0.10%
2020-09-09,93.25,93.58,93.66,93.14,,-0.20%
2020-09-08,93.44,93.05,93.52,93.0,,0.78%
2020-09-07,92.72,92.97,93.09,92.72,,0.00%
2020-09-04,92.72,92.8,93.24,92.66,,-0.02%
2020-09-03,92.74,92.66,93.07,92.65,,-0.12%
2020-09-02,92.85,92.28,92.87,92.21,,0.55%
2020-09-01,92.34,92.18,92.4,91.75,,0.22%
2020-08-31,92.14,92.3,92.48,91.99,,-0.25%
2020-08-28,92.37,93.02,93.1,92.2,,-0.68%
2020-08-27,93.0,92.85,93.32,92.42,,-0.01%
2020-08-26,93.01,93.02,93.36,92.85,,-0.01%
2020-08-25,93.02,93.28,93.35,92.97,,-0.30%
2020-08-24,93.3,93.2,93.34,92.84,,0.05%
2020-08-21,93.25,92.72,93.47,92.58,,0.50%
2020-08-20,92.79,92.96,93.24,92.73,,-0.11%
2020-08-19,92.89,92.28,93.05,92.15,,0.67%
2020-08-18,92.27,92.82,92.82,92.13,,-0.62%
2020-08-17,92.85,93.09,93.12,92.77,,-0.27%
2020-08-14,93.1,93.22,93.41,93.02,,-0.25%
2020-08-13,93.33,93.36,93.39,92.93,,-0.12%
2020-08-12,93.44,93.68,93.91,93.27,,-0.20%
2020-08-11,93.63,93.6,93.74,93.17,,0.05%
2020-08-10,93.58,93.39,93.69,93.3,,0.15%
2020-08-07,93.44,92.81,93.62,92.76,,0.70%
2020-08-06,92.79,92.77,93.09,92.52,,-0.09%
2020-08-05,92.87,93.23,93.25,92.56,,-0.55%
2020-08-04,93.38,93.56,93.83,93.23,,-0.17%
2020-08-03,93.54,93.45,93.99,93.32,,0.20%
2020-07-31,93.35,92.82,93.54,92.55,,0.35%
2020-07-30,93.02,93.32,93.68,92.93,,-0.46%
2020-07-29,93.45,93.75,93.8,93.18,,-0.27%
2020-07-28,93.7,93.58,94.01,93.49,,0.03%
2020-07-27,93.67,94.35,94.42,93.48,,-0.82%
2020-07-24,94.44,94.77,94.83,94.33,,-0.26%
2020-07-23,94.69,94.98,95.18,94.59,,-0.32%
2020-07-22,94.99,95.13,95.41,94.83,,-0.14%
2020-07-21,95.12,95.75,95.92,95.05,,-0.74%
2020-07-20,95.83,96.01,96.18,95.73,,-0.11%
2020-07-17,95.94,96.28,96.33,95.9,,-0.43%
2020-07-16,96.35,96.0,96.4,95.89,,0.28%
2020-07-15,96.08,96.17,96.25,95.78,,-0.19%
2020-07-14,96.26,96.54,96.7,96.18,,-0.21%
2020-07-13,96.46,96.66,96.68,96.27,,-0.20%
2020-07-10,96.65,96.75,96.97,96.44,,-0.05%
2020-07-09,96.7,96.45,96.81,96.23,,0.28%
2020-07-08,96.43,96.99,97.05,96.4,,-0.46%
2020-07-07,96.88,96.75,97.15,96.6,,0.17%
2020-07-06,96.72,97.15,97.19,96.57,,-0.46%
2020-07-03,97.17,97.22,97.36,97.12,,-0.15%
2020-07-02,97.32,97.14,97.34,96.81,,0.12%
2020-07-01,97.2,97.39,97.62,97.03,,-0.20%
2020-06-30,97.39,97.4,97.8,97.23,,-0.15%
2020-06-29,97.54,97.5,97.65,97.11,,0.11%
2020-06-26,97.43,97.35,97.68,97.26,,0.00%
2020-06-25,97.43,97.24,97.6,97.16,,0.29%
2020-06-24,97.15,96.66,97.24,96.55,,0.52%
2020-06-23,96.65,96.93,97.25,96.39,,-0.40%
2020-06-22,97.04,97.66,97.74,97.0,,-0.59%
2020-06-19,97.62,97.42,97.72,97.16,,0.21%
2020-06-18,97.42,97.08,97.58,96.95,,0.27%
2020-06-17,97.16,97.01,97.34,96.8,,0.21%
2020-06-16,96.96,96.56,97.25,96.43,,0.26%
2020-06-15,96.71,97.09,97.39,96.6,,-0.63%
2020-06-12,97.32,96.81,97.45,96.49,,0.61%
2020-06-11,96.73,96.09,96.83,95.95,,0.80%
2020-06-10,95.96,96.43,96.46,95.72,,-0.37%
2020-06-09,96.32,96.63,97.06,96.23,,-0.31%
2020-06-08,96.62,96.84,97.07,96.6,,-0.33%
2020-06-05,96.94,96.74,97.03,96.44,,0.27%
2020-06-04,96.68,97.32,97.63,96.57,,-0.62%
2020-06-03,97.28,97.57,97.63,97.19,,-0.40%
2020-06-02,97.67,97.84,97.91,97.43,,-0.16%
2020-06-01,97.83,98.3,98.32,97.79,,-0.52%
2020-05-29,98.34,98.52,98.55,97.94,,-0.04%
2020-05-28,98.38,98.91,99.09,98.35,,-0.69%
2020-05-27,99.06,99.02,99.34,98.72,,0.15%
2020-05-26,98.91,99.77,99.77,98.9,,-0.95%
2020-05-25,99.86,99.8,99.97,99.69,,0.00%
2020-05-22,99.86,99.42,99.87,99.39,,0.49%
2020-05-21,99.37,99.17,99.51,99.02,,0.25%
2020-05-20,99.12,99.55,99.56,99.0,,-0.25%
2020-05-19,99.37,99.62,99.73,99.23,,-0.30%
2020-05-18,99.67,100.36,100.47,99.58,,-0.73%
2020-05-15,100.4,100.26,100.49,100.08,,-0.07%
2020-05-14,100.47,100.19,100.56,100.15,,0.23%
2020-05-13,100.24,100.01,100.28,99.58,,0.31%
2020-05-12,99.93,100.23,100.44,99.66,,-0.31%
2020-05-11,100.24,99.12,100.28,99.12,,0.51%
2020-05-08,99.73,99.84,99.94,99.1,,-0.16%
2020-05-07,99.89,100.21,100.4,99.81,,-0.20%
2020-05-06,100.09,99.8,100.2,99.75,,0.38%
2020-05-05,99.71,99.51,99.97,99.3,,0.23%
2020-05-04,99.48,98.56,99.6,98.56,,0.40%
2020-05-01,99.08,99.13,99.21,98.64,,0.06%
2020-04-30,99.02,99.48,99.72,98.81,,-0.54%
2020-04-29,99.56,99.88,99.89,99.47,,-0.30%
2020-04-28,99.86,100.06,100.21,99.45,,-0.18%
2020-04-27,100.04,100.23,100.32,99.83,,-0.34%
2020-04-24,100.38,100.5,100.87,100.19,,-0.05%
2020-04-23,100.43,100.45,100.69,100.04,,0.04%
2020-04-22,100.39,100.21,100.5,99.9,,0.13%
2020-04-21,100.26,99.94,100.48,99.93,,0.31%
2020-04-20,99.95,99.71,100.07,99.65,,0.17%
2020-04-17,99.78,99.86,100.29,99.62,,-0.25%
2020-04-16,100.03,99.63,100.3,99.61,,0.57%
2020-04-15,99.46,98.82,99.98,98.82,,0.58%
2020-04-14,98.89,99.38,99.43,98.83,,-0.46%
2020-04-13,99.35,99.49,99.63,99.14,,-0.17%
2020-04-10,99.52,99.58,99.63,99.36,,0.00%
2020-04-09,99.52,100.13,100.3,99.36,,-0.60%
2020-04-08,100.12,99.91,100.43,99.9,,0.22%
2020-04-07,99.9,100.75,100.79,99.77,,-0.78%
2020-04-06,100.69,100.66,100.93,100.47,,0.11%
2020-04-03,100.58,100.2,100.85,100.14,,0.40%
2020-04-02,100.18,99.51,100.41,99.33,,0.51%
2020-04-01,99.67,99.01,99.84,98.91,,0.63%
2020-03-31,99.05,99.25,99.95,98.89,,-0.13%
2020-03-30,99.18,98.31,99.32,98.29,,0.83%
2020-03-27,98.36,99.29,99.81,98.27,,-1.00%
2020-03-26,99.35,100.96,101.02,99.24,,-1.68%
2020-03-25,101.05,101.6,101.91,100.84,,-0.97%
2020-03-24,102.04,102.13,102.21,101.05,,-0.44%
2020-03-23,102.49,101.95,102.98,101.65,,-0.32%
2020-03-20,102.82,102.94,102.99,101.09,,0.07%
2020-03-19,102.75,100.79,102.94,100.77,,1.57%
2020-03-18,101.16,99.38,101.74,99.15,,1.59%
2020-03-17,99.58,98.14,99.83,97.98,,1.54%
2020-03-16,98.07,98.7,98.7,97.45,,-0.69%
2020-03-13,98.75,97.45,98.81,97.33,,1.31%
2020-03-12,97.47,96.65,98.31,96.08,,0.99%
2020-03-11,96.51,96.33,96.69,95.91,,0.10%
2020-03-10,96.41,95.34,96.58,95.23,,1.60%
2020-03-09,94.89,96.11,95.79,94.65,,-1.10%
2020-03-06,95.95,96.61,96.7,95.71,,-0.90%
2020-03-05,96.82,97.38,97.44,96.52,,-0.53%
2020-03-04,97.34,97.17,97.59,97.12,,0.20%
2020-03-03,97.15,97.56,97.69,96.98,,-0.22%
2020-03-02,97.36,98.12,98.12,97.18,,-0.78%
2020-02-28,98.13,98.42,98.66,97.96,,-0.39%
2020-02-27,98.51,99.02,99.05,98.36,,-0.49%
2020-02-26,99.0,99.08,99.27,98.91,,0.03%
2020-02-25,98.97,99.33,99.39,98.88,,-0.39%
2020-02-24,99.36,99.34,99.64,99.11,,0.10%
2020-02-21,99.26,99.86,99.87,99.23,,-0.60%
2020-02-20,99.86,99.54,99.91,99.53,,0.16%
2020-02-19,99.7,99.43,99.72,99.38,,0.26%
2020-02-18,99.44,99.19,99.47,99.14,,0.44%
2020-02-17,99.0,99.16,99.21,99.0,,-0.12%
2020-02-14,99.12,99.12,99.17,99.0,,0.05%
2020-02-13,99.07,98.99,99.11,98.85,,0.02%
2020-02-12,99.05,98.77,99.05,98.7,,0.33%
2020-02-11,98.72,98.86,98.95,98.71,,-0.11%
2020-02-10,98.83,98.7,98.88,98.6,,0.15%
2020-02-07,98.68,98.46,98.72,98.42,,0.18%
2020-02-06,98.5,98.29,98.57,98.21,,0.20%
2020-02-05,98.3,97.94,98.32,97.9,,0.35%
2020-02-04,97.96,97.82,98.01,97.79,,0.16%
2020-02-03,97.8,97.37,97.89,97.37,,0.42%
2020-01-31,97.39,97.87,97.97,97.35,,-0.49%
2020-01-30,97.87,98.03,98.07,97.79,,-0.12%
2020-01-29,97.99,97.95,98.19,97.94,,-0.03%
2020-01-28,98.02,97.95,98.16,97.9,,0.06%
2020-01-27,97.96,97.88,98.0,97.78,,0.11%
2020-01-24,97.85,97.72,97.95,97.67,,0.16%
2020-01-23,97.69,97.48,97.8,97.43,,0.16%
2020-01-22,97.53,97.62,97.69,97.44,,0.00%
2020-01-21,97.53,97.63,97.66,97.39,,-0.08%
2020-01-20,97.61,97.64,97.73,97.58,,-0.03%
2020-01-17,97.64,97.3,97.66,97.27,,0.33%
2020-01-16,97.32,97.18,97.36,97.08,,0.09%
2020-01-15,97.23,97.38,97.44,97.16,,-0.14%
2020-01-14,97.37,97.36,97.56,97.33,,0.03%
2020-01-13,97.34,97.35,97.53,97.31,,-0.02%
2020-01-10,97.36,97.43,97.58,97.3,,-0.09%
2020-01-09,97.45,97.27,97.56,97.25,,0.15%
2020-01-08,97.3,96.83,97.35,96.82,,0.31%
2020-01-07,97.0,96.65,97.09,96.62,,0.34%
2020-01-06,96.67,96.9,96.9,96.54,,-0.18%
2020-01-03,96.84,96.79,97.11,96.71,,-0.01%
2020-01-02,96.85,96.48,96.87,96.42,,0.48%
2020-01-01,96.39,96.5,97.1,96.39,,0.00%
2019-12-31,96.39,96.73,96.73,96.36,,-0.36%
2019-12-30,96.74,97.02,97.02,96.61,,-0.19%
2019-12-27,96.92,97.54,97.55,96.92,,-0.63%
2019-12-26,97.53,97.62,97.71,97.49,,-0.12%
2019-12-25,97.65,97.67,97.73,97.35,,0.00%
2019-12-24,97.65,97.66,97.8,97.61,,-0.01%
2019-12-23,97.66,97.67,97.82,97.58,,-0.03%
2019-12-20,97.69,97.39,97.76,97.38,,0.32%
2019-12-19,97.38,97.4,97.49,97.22,,-0.02%
2019-12-18,97.4,97.23,97.47,97.22,,0.19%
2019-12-17,97.22,97.14,97.3,97.03,,0.21%
2019-12-16,97.02,97.18,97.18,96.93,,-0.15%
2019-12-13,97.17,96.78,97.24,96.72,,-0.24%
2019-12-12,97.4,97.08,97.52,96.59,,0.33%
2019-12-11,97.08,97.51,97.6,97.04,,-0.34%
2019-12-10,97.41,97.65,97.66,97.4,,-0.24%
2019-12-09,97.64,97.68,97.72,97.56,,-0.06%
2019-12-06,97.7,97.38,97.84,97.36,,0.30%
2019-12-05,97.41,97.59,97.59,97.36,,-0.25%
2019-12-04,97.65,97.71,97.79,97.43,,-0.09%
2019-12-03,97.74,97.89,97.94,97.64,,-0.12%
2019-12-02,97.86,98.27,98.38,97.81,,-0.42%
2019-11-29,98.27,98.34,98.54,98.22,,-0.10%
2019-11-28,98.37,98.33,98.4,98.26,,0.00%
2019-11-27,98.37,98.3,98.44,98.28,,0.12%
2019-11-26,98.25,98.33,98.38,98.23,,-0.07%
2019-11-25,98.32,98.27,98.38,98.17,,0.05%
2019-11-22,98.27,97.93,98.31,97.84,,0.29%
2019-11-21,97.99,97.86,98.03,97.73,,0.06%
2019-11-20,97.93,97.84,98.04,97.84,,0.07%
2019-11-19,97.86,97.81,97.89,97.75,,0.07%
2019-11-18,97.79,97.98,97.98,97.68,,-0.21%
2019-11-15,98.0,98.17,98.23,97.96,,-0.16%
2019-11-14,98.16,98.34,98.42,98.11,,-0.21%
2019-11-13,98.37,98.33,98.45,98.29,,0.06%
2019-11-12,98.31,98.21,98.42,98.21,,0.11%
2019-11-11,98.2,98.37,98.38,98.13,,-0.15%
2019-11-08,98.35,98.14,98.4,98.1,,0.21%
2019-11-07,98.14,97.95,98.23,97.82,,0.19%
2019-11-06,97.95,97.94,97.98,97.78,,-0.03%
2019-11-05,97.98,97.55,98.01,97.47,,0.49%
2019-11-04,97.5,97.22,97.58,97.17,,0.27%
2019-11-01,97.24,97.3,97.45,97.11,,-0.11%
2019-10-31,97.35,97.44,97.45,97.22,,-0.31%
2019-10-30,97.65,97.67,98.0,97.45,,-0.04%
2019-10-29,97.69,97.75,97.93,97.61,,-0.07%
2019-10-28,97.76,97.85,97.89,97.67,,-0.07%
2019-10-25,97.83,97.69,97.9,97.57,,0.20%
2019-10-24,97.63,97.46,97.78,97.28,,0.14%
2019-10-23,97.49,97.49,97.65,97.42,,-0.04%
2019-10-22,97.53,97.31,97.57,97.26,,0.21%
2019-10-21,97.33,97.34,97.4,97.15,,0.05%
2019-10-18,97.28,97.6,97.66,97.14,,-0.34%
2019-10-17,97.61,97.99,98.11,97.5,,-0.40%
2019-10-16,98.0,98.32,98.42,97.9,,-0.30%
2019-10-15,98.29,98.45,98.64,98.21,,-0.16%
2019-10-14,98.45,98.36,98.53,98.34,,0.15%
2019-10-11,98.3,98.7,98.74,98.2,,-0.41%
2019-10-10,98.7,98.98,99.07,98.62,,-0.42%
2019-10-09,99.12,99.09,99.16,98.9,,-0.01%
2019-10-08,99.13,98.98,99.25,98.85,,0.16%
2019-10-07,98.97,98.82,99.0,98.74,,0.16%
2019-10-04,98.81,98.87,99.0,98.73,,-0.05%
2019-10-03,98.86,99.03,99.19,98.64,,-0.16%
2019-10-02,99.02,99.16,99.42,98.96,,-0.11%
2019-10-01,99.13,99.4,99.67,99.07,,-0.25%
2019-09-30,99.38,99.12,99.46,99.05,,0.27%
2019-09-27,99.11,99.19,99.31,98.99,,-0.02%
2019-09-26,99.13,98.96,99.28,98.84,,0.09%
2019-09-25,99.04,98.38,99.06,98.36,,0.71%
2019-09-24,98.34,98.64,98.7,98.29,,-0.26%
2019-09-23,98.6,98.51,98.83,98.45,,0.09%
2019-09-20,98.51,98.34,98.64,98.14,,0.24%
2019-09-19,98.27,98.57,98.62,98.2,,-0.29%
2019-09-18,98.56,98.21,98.69,98.19,,0.31%
2019-09-17,98.26,98.65,98.74,98.19,,-0.35%
2019-09-16,98.61,98.12,98.71,98.03,,0.36%
2019-09-13,98.26,98.41,98.43,97.86,,-0.05%
2019-09-12,98.31,98.63,99.1,98.19,,-0.33%
2019-09-11,98.64,98.33,98.75,97.86,,0.32%
2019-09-10,98.33,98.33,98.46,98.26,,0.05%
2019-09-09,98.28,98.42,98.51,98.14,,-0.11%
2019-09-06,98.39,98.42,98.52,98.01,,-0.02%
2019-09-05,98.41,98.4,98.53,98.08,,-0.04%
2019-09-04,98.45,98.96,98.97,98.39,,-0.56%
2019-09-03,99.0,99.08,99.37,98.92,,0.08%
2019-09-02,98.92,98.83,99.13,98.81,,0.00%
2019-08-30,98.92,98.43,99.02,98.41,,0.42%
2019-08-29,98.51,98.19,98.55,98.16,,0.31%
2019-08-28,98.21,98.01,98.26,98.0,,0.21%
2019-08-27,98.0,98.05,98.05,97.86,,-0.08%
2019-08-26,98.08,97.59,98.09,97.48,,0.45%
2019-08-23,97.64,98.19,98.45,97.17,,-0.54%
2019-08-22,98.17,98.25,98.39,98.08,,-0.13%
2019-08-21,98.3,98.17,98.33,97.95,,0.11%
2019-08-20,98.19,98.36,98.45,98.12,,-0.16%
2019-08-19,98.35,98.17,98.39,98.13,,0.21%
2019-08-16,98.14,98.13,98.34,98.11,,0.00%
2019-08-15,98.14,97.95,98.24,97.82,,0.15%
2019-08-14,97.99,97.8,98.05,97.67,,0.18%
2019-08-13,97.81,97.48,97.85,97.32,,0.44%
2019-08-12,97.38,97.53,97.74,97.32,,-0.11%
2019-08-09,97.49,97.57,97.64,97.03,,-0.13%
2019-08-08,97.62,97.6,97.74,97.43,,0.08%
2019-08-07,97.54,97.56,97.85,97.31,,-0.09%
2019-08-06,97.63,97.25,97.77,97.21,,0.11%
2019-08-05,97.52,98.11,98.14,97.38,,-0.56%
2019-08-02,98.07,98.41,98.45,98.05,,-0.30%
2019-08-01,98.37,98.59,98.93,98.27,,-0.15%
2019-07-31,98.52,98.03,98.68,98.0,,0.48%
2019-07-30,98.05,98.07,98.21,98.02,,0.01%
2019-07-29,98.04,97.99,98.17,97.9,,0.03%
2019-07-26,98.01,97.79,98.09,97.76,,0.19%
2019-07-25,97.82,97.69,97.92,97.5,,0.09%
2019-07-24,97.73,97.72,97.81,97.55,,0.03%
2019-07-23,97.7,97.3,97.74,97.3,,0.45%
2019-07-22,97.26,97.14,97.3,97.13,,0.11%
2019-07-19,97.15,96.82,97.29,96.76,,0.37%
2019-07-18,96.79,97.19,97.26,96.67,,-0.44%
2019-07-17,97.22,97.36,97.44,97.16,,-0.17%
2019-07-16,97.39,96.92,97.44,96.92,,0.47%
2019-07-15,96.93,96.84,96.97,96.75,,0.12%
2019-07-12,96.81,97.08,97.12,96.72,,-0.25%
2019-07-11,97.05,97.06,97.15,96.8,,-0.05%
2019-07-10,97.1,97.51,97.55,97.03,,-0.40%
2019-07-09,97.49,97.38,97.59,97.36,,0.11%
2019-07-08,97.38,97.23,97.42,97.16,,0.09%
2019-07-05,97.29,96.72,97.44,96.72,,0.54%
2019-07-04,96.77,96.71,96.81,96.66,,0.00%
2019-07-03,96.77,96.73,96.87,96.59,,0.04%
2019-07-02,96.73,96.81,96.88,96.6,,-0.11%
2019-07-01,96.84,96.25,96.87,96.25,,0.74%
2019-06-28,96.13,96.19,96.3,96.02,,-0.06%
2019-06-27,96.19,96.17,96.39,96.14,,-0.02%
2019-06-26,96.21,96.18,96.34,96.07,,0.07%
2019-06-25,96.14,96.0,96.36,95.84,,0.17%
2019-06-24,95.98,96.18,96.2,95.97,,-0.25%
2019-06-21,96.22,96.62,96.71,96.09,,-0.42%
2019-06-20,96.63,97.17,97.2,96.57,,-0.50%
2019-06-19,97.12,97.63,97.68,97.09,,-0.53%
2019-06-18,97.64,97.53,97.77,97.37,,0.08%
2019-06-17,97.56,97.52,97.6,97.34,,-0.01%
2019-06-14,97.57,97.01,97.58,96.94,,0.58%
2019-06-13,97.01,96.96,97.08,96.87,,0.01%
2019-06-12,97.0,96.71,97.02,96.58,,0.32%
2019-06-11,96.69,96.75,96.88,96.64,,-0.07%
2019-06-10,96.76,96.64,96.94,96.63,,0.23%
2019-06-07,96.54,97.01,97.18,96.46,,-0.52%
2019-06-06,97.04,97.29,97.35,96.78,,-0.29%
2019-06-05,97.32,97.12,97.37,96.75,,0.26%
2019-06-04,97.07,97.21,97.33,97.0,,-0.07%
2019-06-03,97.14,97.64,97.8,97.11,,-0.62%
2019-05-31,97.75,98.15,98.17,97.61,,-0.40%
2019-05-30,98.14,98.13,98.28,98.09,,0.00%
2019-05-29,98.14,97.92,98.21,97.86,,0.19%
2019-05-28,97.95,97.74,97.98,97.7,,0.35%
2019-05-27,97.61,97.57,97.79,97.55,,0.00%
2019-05-24,97.61,97.83,97.91,97.55,,-0.26%
2019-05-23,97.86,98.06,98.37,97.81,,-0.18%
2019-05-22,98.04,98.02,98.12,97.89,,-0.02%
2019-05-21,98.06,97.92,98.13,97.82,,0.13%
2019-05-20,97.93,97.96,98.04,97.88,,-0.07%
2019-05-17,98.0,97.83,98.03,97.77,,0.14%
2019-05-16,97.86,97.54,97.88,97.44,,0.30%
2019-05-15,97.57,97.53,97.7,97.44,,0.04%
2019-05-14,97.53,97.32,97.56,97.27,,0.22%
2019-05-13,97.32,97.3,97.38,97.03,,-0.01%
2019-05-10,97.33,97.43,97.45,97.13,,-0.04%
2019-05-09,97.37,97.58,97.7,97.24,,-0.26%
2019-05-08,97.62,97.57,97.68,97.42,,-0.01%
2019-05-07,97.63,97.52,97.74,97.38,,0.11%
2019-05-06,97.52,97.56,97.7,97.46,,0.00%
2019-05-03,97.52,97.83,98.1,97.41,,-0.32%
2019-05-02,97.83,97.63,97.85,97.51,,0.14%
2019-05-01,97.69,97.53,97.73,97.15,,0.22%
2019-04-30,97.48,97.84,97.89,97.44,,-0.39%
2019-04-29,97.86,98.03,98.1,97.83,,-0.15%
2019-04-26,98.01,98.12,98.33,97.85,,-0.19%
2019-04-25,98.2,98.1,98.32,97.99,,0.03%
2019-04-24,98.17,97.59,98.19,97.59,,0.54%
2019-04-23,97.64,97.28,97.78,97.28,,0.36%
2019-04-22,97.29,97.38,97.41,97.26,,-0.09%
2019-04-19,97.38,97.42,97.43,97.33,,-0.09%
2019-04-18,97.47,97.01,97.48,96.96,,0.47%
2019-04-17,97.01,97.07,97.12,96.82,,-0.03%
2019-04-16,97.04,96.93,97.09,96.88,,0.10%
2019-04-15,96.94,96.92,96.96,96.79,,-0.03%
2019-04-12,96.97,97.14,97.18,96.75,,-0.22%
2019-04-11,97.18,96.89,97.19,96.88,,0.24%
2019-04-10,96.95,96.99,97.22,96.85,,-0.06%
2019-04-09,97.01,97.08,97.08,96.86,,-0.04%
2019-04-08,97.05,97.39,97.4,96.98,,-0.35%
2019-04-05,97.39,97.3,97.47,97.19,,0.08%
2019-04-04,97.31,97.04,97.34,97.02,,0.23%
2019-04-03,97.09,97.3,97.32,96.96,,-0.28%
2019-04-02,97.36,97.33,97.52,97.27,,0.13%
2019-04-01,97.23,97.18,97.39,97.03,,-0.05%
2019-03-29,97.28,97.2,97.34,97.0,,0.08%
2019-03-28,97.2,96.97,97.3,96.82,,0.44%
2019-03-27,96.77,96.75,96.98,96.68,,0.03%
2019-03-26,96.74,96.5,96.84,96.45,,0.18%
2019-03-25,96.57,96.64,96.68,96.41,,-0.08%
2019-03-22,96.65,96.32,96.81,96.21,,0.16%
2019-03-21,96.5,95.91,96.62,95.84,,0.77%
2019-03-20,95.76,96.4,96.57,95.74,,-0.64%
2019-03-19,96.38,96.51,96.52,96.29,,-0.15%
2019-03-18,96.52,96.56,96.63,96.38,,-0.07%
2019-03-15,96.59,96.72,96.79,96.49,,-0.20%
2019-03-14,96.78,96.49,96.82,96.47,,0.24%
2019-03-13,96.55,97.01,97.02,96.39,,-0.40%
2019-03-12,96.94,97.05,97.28,96.86,,-0.29%
2019-03-11,97.22,97.39,97.45,96.92,,-0.09%
2019-03-08,97.31,97.61,97.64,97.25,,-0.37%
2019-03-07,97.67,96.83,97.71,96.81,,0.83%
2019-03-06,96.87,96.9,96.99,96.78,,0.00%
2019-03-05,96.87,96.67,97.01,96.66,,0.20%
2019-03-04,96.68,96.34,96.82,96.33,,0.16%
2019-03-01,96.53,96.22,96.55,96.07,,0.38%
2019-02-28,96.16,96.09,96.28,95.82,,0.01%
2019-02-27,96.15,96.06,96.19,95.88,,0.16%
2019-02-26,96.0,96.39,96.46,95.95,,-0.43%
2019-02-25,96.41,96.52,96.6,96.32,,-0.10%
2019-02-22,96.51,96.59,96.78,96.42,,-0.10%
2019-02-21,96.61,96.49,96.66,96.36,,0.17%
2019-02-20,96.45,96.53,96.65,96.29,,-0.07%
2019-02-19,96.52,96.81,97.08,96.43,,-0.39%
2019-02-18,96.9,96.81,96.9,96.65,,0.00%
2019-02-15,96.9,97.06,97.37,96.83,,-0.08%
2019-02-14,96.98,97.14,97.28,96.95,,-0.15%
2019-02-13,97.13,96.73,97.26,96.63,,0.43%
2019-02-12,96.71,97.06,97.2,96.65,,-0.36%
2019-02-11,97.06,96.66,97.12,96.62,,0.43%
2019-02-08,96.64,96.6,96.69,96.45,,0.13%
2019-02-07,96.51,96.39,96.67,96.38,,0.12%
2019-02-06,96.39,96.06,96.42,96.04,,0.33%
2019-02-05,96.07,95.83,96.12,95.81,,0.23%
2019-02-04,95.85,95.6,95.92,95.57,,0.28%
2019-02-01,95.58,95.55,95.66,95.4,,0.00%
2019-01-31,95.58,95.35,95.62,95.16,,0.25%
2019-01-30,95.34,95.79,95.98,95.25,,-0.50%
2019-01-29,95.82,95.74,95.87,95.62,,0.07%
2019-01-28,95.75,95.79,95.92,95.64,,-0.04%
2019-01-25,95.79,96.49,96.53,95.74,,-0.84%
2019-01-24,96.6,96.07,96.68,96.04,,0.50%
2019-01-23,96.12,96.31,96.37,96.05,,-0.19%
2019-01-22,96.3,96.34,96.48,96.22,,-0.04%
2019-01-21,96.34,96.35,96.43,96.2,,0.00%
2019-01-18,96.34,96.07,96.39,96.01,,0.29%
2019-01-17,96.06,96.07,96.26,95.98,,0.00%
2019-01-16,96.06,95.94,96.18,95.86,,0.02%
2019-01-15,96.04,95.57,96.26,95.47,,0.45%
2019-01-14,95.61,95.65,95.72,95.48,,-0.06%
2019-01-11,95.67,95.44,95.76,95.19,,0.14%
2019-01-10,95.54,95.16,95.62,95.03,,0.34%
2019-01-09,95.22,95.81,95.92,95.12,,-0.71%
2019-01-08,95.9,95.69,96.03,95.68,,0.24%
2019-01-07,95.67,96.16,96.16,95.64,,-0.53%
2019-01-04,96.18,96.28,96.61,96.05,,-0.13%
2019-01-03,96.31,96.72,96.75,96.21,,-0.53%
2019-01-02,96.82,96.14,96.96,95.82,,0.68%
2019-01-01,96.17,96.15,96.32,95.65,,0.00%
2018-12-31,96.17,96.4,96.51,96.0,,-0.24%
2018-12-28,96.4,96.51,96.52,96.19,,-0.08%
2018-12-27,96.48,96.92,96.94,96.41,,-0.59%
2018-12-26,97.05,96.58,97.12,96.53,,0.52%
2018-12-25,96.55,96.56,96.96,96.47,,0.00%
2018-12-24,96.55,96.94,96.94,96.38,,-0.42%
2018-12-21,96.96,96.39,97.05,96.25,,0.71%
2018-12-20,96.28,96.99,97.04,96.17,,-0.77%
2018-12-19,97.03,96.91,97.1,96.55,,-0.07%
2018-12-18,97.1,97.13,97.17,96.7,,0.00%
2018-12-17,97.1,97.43,97.46,97.05,,-0.35%
2018-12-14,97.44,97.09,97.71,97.08,,0.39%
2018-12-13,97.06,97.04,97.29,96.88,,0.02%
2018-12-12,97.04,97.38,97.49,96.89,,-0.36%
2018-12-11,97.39,97.18,97.55,96.87,,0.17%
2018-12-10,97.22,96.72,97.24,96.36,,0.74%
2018-12-07,96.51,96.8,96.92,96.51,,-0.31%
2018-12-06,96.81,97.01,97.2,96.55,,-0.27%
2018-12-05,97.07,97.01,97.2,96.83,,0.10%
2018-12-04,96.97,96.94,97.13,96.38,,-0.07%
2018-12-03,97.04,97.13,97.16,96.71,,-0.24%
2018-11-30,97.27,96.76,97.31,96.71,,0.51%
2018-11-29,96.78,96.84,97.0,96.63,,-0.01%
2018-11-28,96.79,97.37,97.54,96.69,,-0.60%
2018-11-27,97.37,97.03,97.5,96.97,,0.31%
2018-11-26,97.07,96.93,97.1,96.66,,0.15%
2018-11-23,96.92,96.51,96.98,96.4,,0.22%
2018-11-22,96.71,96.72,96.72,96.32,,0.00%
2018-11-21,96.71,96.82,96.87,96.5,,-0.13%
2018-11-20,96.84,96.2,96.89,96.04,,0.68%
2018-11-19,96.19,96.43,96.57,96.12,,-0.29%
2018-11-16,96.47,97.05,97.06,96.4,,-0.47%
2018-11-15,96.93,97.01,97.39,96.77,,0.13%
2018-11-14,96.8,97.03,97.41,96.75,,-0.51%
2018-11-13,97.3,97.6,97.66,96.94,,-0.25%
2018-11-12,97.54,97.05,97.69,96.97,,0.65%
2018-11-09,96.91,96.63,97.01,96.62,,0.20%
2018-11-08,96.72,96.19,96.74,96.07,,0.75%
2018-11-07,96.0,95.99,96.46,95.68,,-0.33%
2018-11-06,96.32,96.33,96.45,96.14,,0.04%
2018-11-05,96.28,96.44,96.68,96.25,,-0.27%
2018-11-02,96.54,96.31,96.59,95.99,,0.27%
2018-11-01,96.28,97.08,97.11,96.2,,-0.88%
2018-10-31,97.13,96.99,97.2,96.88,,0.12%
2018-10-30,97.01,96.66,97.02,96.62,,0.45%
2018-10-29,96.58,96.44,96.7,96.35,,0.23%
2018-10-26,96.36,96.59,96.86,96.29,,-0.33%
2018-10-25,96.68,96.36,96.73,96.21,,0.26%
2018-10-24,96.43,95.92,96.53,95.91,,0.49%
2018-10-23,95.96,96.03,96.16,95.81,,-0.05%
2018-10-22,96.01,95.66,96.09,95.47,,0.31%
2018-10-19,95.71,95.95,96.09,95.54,,-0.20%
2018-10-18,95.9,95.66,95.99,95.49,,0.33%
2018-10-17,95.58,95.09,95.66,95.06,,0.56%
2018-10-16,95.05,95.05,95.2,94.79,,-0.01%
2018-10-15,95.06,95.35,95.37,94.95,,-0.17%
2018-10-12,95.22,95.04,95.37,94.95,,0.21%
2018-10-11,95.02,95.43,95.43,94.99,,-0.51%
2018-10-10,95.51,95.59,95.79,95.38,,-0.17%
2018-10-09,95.67,95.75,96.16,95.64,,-0.09%
2018-10-08,95.76,95.62,96.03,95.59,,0.15%
2018-10-05,95.62,95.76,95.94,95.52,,-0.14%
2018-10-04,95.75,96.05,96.12,95.55,,-0.01%
2018-10-03,95.76,95.46,96.12,95.26,,0.26%
2018-10-02,95.51,95.3,95.74,95.26,,0.22%
2018-10-01,95.3,95.11,95.37,95.0,,0.18%
2018-09-28,95.13,95.02,95.37,94.92,,0.25%
2018-09-27,94.89,94.25,95.01,94.21,,0.74%
2018-09-26,94.19,94.17,94.4,93.95,,0.06%
2018-09-25,94.13,94.25,94.37,94.01,,-0.06%
2018-09-24,94.19,94.23,94.37,93.84,,-0.03%
2018-09-21,94.22,93.89,94.33,93.81,,0.33%
2018-09-20,93.91,94.55,94.56,93.83,,-0.67%
2018-09-19,94.54,94.54,94.73,94.32,,-0.11%
2018-09-18,94.64,94.61,94.73,94.31,,0.15%
2018-09-17,94.5,94.93,94.98,94.44,,-0.45%
2018-09-14,94.93,94.55,95.0,94.36,,0.43%
2018-09-13,94.52,94.83,94.97,94.43,,-0.30%
2018-09-12,94.8,95.1,95.28,94.73,,-0.47%
2018-09-11,95.25,95.15,95.35,94.88,,0.11%
2018-09-10,95.15,95.43,95.56,95.03,,-0.22%
2018-09-07,95.36,95.02,95.46,94.87,,0.36%
2018-09-06,95.02,95.1,95.21,94.93,,-0.17%
2018-09-05,95.18,95.4,95.66,95.08,,-0.27%
2018-09-04,95.44,95.14,95.74,95.14,,0.32%
2018-09-03,95.14,95.19,95.22,95.01,,0.00%
2018-08-31,95.14,94.7,95.22,94.55,,0.44%
2018-08-30,94.72,94.53,94.9,94.47,,0.13%
2018-08-29,94.6,94.73,94.93,94.53,,-0.13%
2018-08-28,94.72,94.77,94.91,94.43,,-0.06%
2018-08-27,94.78,95.17,95.3,94.69,,-0.39%
2018-08-24,95.15,95.64,95.69,95.03,,-0.54%
2018-08-23,95.67,95.17,95.71,95.15,,0.55%
2018-08-22,95.15,95.21,95.38,94.93,,-0.12%
2018-08-21,95.26,95.74,95.75,95.08,,-0.67%
2018-08-20,95.9,96.13,96.4,95.73,,-0.21%
2018-08-17,96.1,96.61,96.66,96.09,,-0.56%
2018-08-16,96.64,96.72,96.77,96.32,,-0.06%
2018-08-15,96.7,96.66,96.98,96.65,,-0.03%
2018-08-14,96.73,96.33,96.79,96.14,,0.35%
2018-08-13,96.39,96.32,96.52,96.16,,0.03%
2018-08-10,96.36,95.64,96.45,95.53,,0.90%
2018-08-09,95.5,95.1,95.62,95.03,,0.47%
2018-08-08,95.05,95.14,95.42,94.99,,-0.18%
2018-08-07,95.22,95.34,95.37,94.99,,-0.15%
2018-08-06,95.36,95.2,95.52,95.2,,0.23%
2018-08-03,95.14,95.18,95.37,94.98,,-0.02%
2018-08-02,95.16,94.63,95.19,94.61,,0.57%
2018-08-01,94.62,94.56,94.71,94.49,,0.14%
2018-07-31,94.49,94.33,94.57,94.16,,0.18%
2018-07-30,94.32,94.66,94.76,94.26,,-0.37%
2018-07-27,94.67,94.76,94.91,94.63,,-0.08%
2018-07-26,94.75,94.16,94.8,94.08,,0.41%
2018-07-25,94.36,94.59,94.67,94.14,,-0.26%
2018-07-24,94.61,94.67,94.86,94.4,,-0.06%
2018-07-23,94.67,94.43,94.72,94.21,,0.23%
2018-07-20,94.45,95.13,95.28,94.36,,-0.74%
2018-07-19,95.15,95.08,95.65,94.93,,0.07%
2018-07-18,95.08,95.03,95.41,94.96,,0.15%
2018-07-17,94.94,94.55,95.06,94.3,,0.45%
2018-07-16,94.51,94.69,94.77,94.41,,-0.25%
2018-07-13,94.75,94.89,95.24,94.67,,-0.06%
2018-07-12,94.81,94.7,94.94,94.64,,0.10%
2018-07-11,94.72,94.2,94.77,94.09,,0.61%
2018-07-10,94.15,94.06,94.47,94.02,,0.07%
2018-07-09,94.08,93.97,94.21,93.71,,0.04%
2018-07-06,94.04,94.36,94.49,93.92,,-0.46%
2018-07-05,94.47,94.51,94.59,94.18,,-0.21%
2018-07-04,94.67,94.52,94.71,94.4,,0.00%
2018-07-03,94.67,94.84,94.98,94.56,,-0.38%
2018-07-02,95.03,94.63,95.14,94.53,,0.41%
2018-06-29,94.64,95.3,95.32,94.47,,-0.79%
2018-06-28,95.39,95.27,95.53,95.09,,0.13%
2018-06-27,95.27,94.67,95.42,94.53,,0.64%
2018-06-26,94.66,94.29,94.77,94.17,,0.40%
2018-06-25,94.28,94.5,94.7,94.21,,-0.25%
2018-06-22,94.52,94.86,94.88,94.43,,-0.23%
2018-06-21,94.74,95.13,95.53,94.68,,-0.34%
2018-06-20,95.06,94.97,95.3,94.92,,-0.02%
2018-06-19,95.08,94.63,95.3,94.53,,0.30%
2018-06-18,94.8,94.79,95.05,94.7,,0.01%
2018-06-15,94.79,94.91,95.13,94.65,,0.02%
2018-06-14,94.77,93.5,94.93,93.19,,1.13%
2018-06-13,93.71,93.83,94.03,93.52,,-0.10%
2018-06-12,93.8,93.67,93.91,93.47,,0.24%
2018-06-11,93.58,93.54,93.68,93.37,,0.03%
2018-06-08,93.55,93.44,93.82,93.39,,0.16%
2018-06-07,93.4,93.58,93.59,93.21,,-0.28%
2018-06-06,93.66,93.88,93.89,93.42,,-0.26%
2018-06-05,93.9,94.06,94.32,93.78,,-0.13%
2018-06-04,94.02,94.16,94.19,93.66,,-0.18%
2018-06-01,94.19,93.95,94.45,93.88,,0.22%
2018-05-31,93.98,94.07,94.25,93.72,,-0.18%
2018-05-30,94.15,94.82,94.97,94.04,,-0.72%
2018-05-29,94.83,94.41,95.03,94.28,,0.68%
2018-05-28,94.19,94.25,94.5,93.86,,0.00%
2018-05-25,94.19,93.8,94.3,93.75,,0.46%
2018-05-24,93.76,93.9,93.98,93.61,,-0.26%
2018-05-23,94.0,93.55,94.19,93.51,,0.42%
2018-05-22,93.61,93.54,93.73,93.29,,-0.07%
2018-05-21,93.68,93.69,94.06,93.51,,0.04%
2018-05-18,93.64,93.5,93.83,93.34,,0.18%
2018-05-17,93.47,93.26,93.56,93.12,,0.09%
2018-05-16,93.39,93.31,93.63,93.14,,0.18%
2018-05-15,93.22,92.65,93.46,92.61,,0.68%
2018-05-14,92.59,92.55,92.69,92.24,,0.05%
2018-05-11,92.54,92.69,92.84,92.37,,-0.12%
2018-05-10,92.65,93.08,93.16,92.54,,-0.42%
2018-05-09,93.04,93.05,93.42,92.84,,-0.09%
2018-05-08,93.12,92.73,93.28,92.65,,0.40%
2018-05-07,92.75,92.57,92.97,92.45,,0.19%
2018-05-04,92.57,92.43,92.9,92.35,,0.17%
2018-05-03,92.41,92.72,92.76,92.34,,-0.11%
2018-05-02,92.51,92.47,92.83,92.22,,0.06%
2018-05-01,92.45,91.81,92.57,91.8,,0.66%
2018-04-30,91.84,91.53,91.92,91.48,,0.33%
2018-04-27,91.54,91.56,91.99,91.49,,-0.02%
2018-04-26,91.56,91.21,91.64,90.96,,0.43%
2018-04-25,91.17,90.76,91.26,90.75,,0.44%
2018-04-24,90.77,90.92,91.08,90.71,,-0.20%
2018-04-23,90.95,90.35,90.98,90.32,,0.70%
2018-04-20,90.32,89.9,90.48,89.89,,0.42%
2018-04-19,89.94,89.62,89.95,89.5,,0.36%
2018-04-18,89.62,89.5,89.78,89.45,,0.11%
2018-04-17,89.52,89.41,89.67,89.23,,0.11%
2018-04-16,89.42,89.77,89.85,89.39,,-0.42%
2018-04-13,89.8,89.76,89.88,89.66,,0.06%
2018-04-12,89.75,89.52,89.96,89.44,,0.20%
2018-04-11,89.57,89.58,89.67,89.36,,-0.02%
2018-04-10,89.59,89.83,89.97,89.54,,-0.28%
2018-04-09,89.84,90.07,90.27,89.82,,-0.30%
2018-04-06,90.11,90.38,90.6,90.07,,-0.39%
2018-04-05,90.46,90.09,90.59,90.07,,0.36%
2018-04-04,90.14,90.16,90.23,89.92,,-0.07%
2018-04-03,90.2,90.02,90.28,89.85,,0.17%
2018-04-02,90.05,89.97,90.15,89.82,,0.09%
2018-03-30,89.97,90.1,90.12,89.88,,-0.20%
2018-03-29,90.15,90.11,90.18,89.9,,0.10%
2018-03-28,90.06,89.32,90.15,89.25,,0.82%
2018-03-27,89.33,89.02,89.63,88.94,,0.34%
2018-03-26,89.03,89.47,89.52,88.98,,-0.50%
2018-03-23,89.48,89.67,89.74,89.4,,-0.42%
2018-03-22,89.86,89.65,89.96,89.4,,0.09%
2018-03-21,89.78,90.41,90.4,89.63,,-0.65%
2018-03-20,90.37,89.88,90.44,89.85,,0.67%
2018-03-19,89.77,90.2,90.34,89.76,,-0.51%
2018-03-16,90.23,90.14,90.38,89.89,,0.10%
2018-03-15,90.14,89.75,90.17,89.62,,0.49%
2018-03-14,89.7,89.7,89.89,89.56,,0.04%
2018-03-13,89.66,89.91,90.11,89.59,,-0.26%
2018-03-12,89.89,90.11,90.19,89.84,,-0.22%
2018-03-09,90.09,90.2,90.36,90.0,,-0.10%
2018-03-08,90.18,89.59,90.23,89.44,,0.60%
2018-03-07,89.64,89.51,89.78,89.41,,0.02%
2018-03-06,89.62,89.96,90.06,89.43,,-0.51%
2018-03-05,90.08,89.83,90.22,89.83,,0.16%
2018-03-02,89.94,90.25,90.29,89.88,,-0.42%
2018-03-01,90.32,90.67,90.93,90.21,,-0.32%
2018-02-28,90.61,90.41,90.7,90.31,,0.28%
2018-02-27,90.36,89.8,90.5,89.69,,0.57%
2018-02-26,89.85,89.96,90.05,89.5,,-0.03%
2018-02-23,89.88,89.78,90.06,89.76,,0.16%
2018-02-22,89.74,90.16,90.23,89.64,,-0.29%
2018-02-21,90.0,89.71,90.16,89.59,,0.31%
2018-02-20,89.72,89.24,89.8,89.22,,0.70%
2018-02-19,89.1,89.1,89.44,88.95,,0.00%
2018-02-16,89.1,88.57,89.23,88.25,,0.58%
2018-02-15,88.59,88.96,89.0,88.54,,-0.59%
2018-02-14,89.12,89.69,90.12,88.94,,-0.65%
2018-02-13,89.7,90.09,90.18,89.61,,-0.57%
2018-02-12,90.21,90.35,90.43,90.07,,-0.25%
2018-02-09,90.44,90.25,90.56,90.12,,0.23%
2018-02-08,90.23,90.27,90.57,90.01,,-0.02%
2018-02-07,90.25,89.63,90.4,89.47,,0.75%
2018-02-06,89.58,89.66,90.03,89.37,,0.03%
2018-02-05,89.55,89.35,89.7,89.02,,0.40%
2018-02-02,89.19,88.64,89.42,88.59,,0.59%
2018-02-01,88.67,89.04,89.33,88.56,,-0.52%
2018-01-31,89.13,89.1,89.3,88.78,,-0.03%
2018-01-30,89.16,89.36,89.64,88.91,,-0.17%
2018-01-29,89.31,89.11,89.62,89.01,,0.27%
2018-01-26,89.07,89.4,89.4,88.72,,-0.36%
2018-01-25,89.39,89.32,89.58,88.44,,0.20%
2018-01-24,89.21,90.0,90.11,89.16,,-1.01%
2018-01-23,90.12,90.39,90.59,90.06,,-0.31%
2018-01-22,90.4,90.44,90.7,90.35,,-0.19%
2018-01-19,90.57,90.5,90.7,90.16,,0.08%
2018-01-18,90.5,90.78,90.98,90.41,,-0.04%
2018-01-17,90.54,90.41,91.0,90.11,,0.17%
2018-01-16,90.39,90.44,90.82,90.34,,-0.64%
2018-01-15,90.97,90.94,90.94,90.28,,0.00%
2018-01-12,90.97,91.85,91.88,90.9,,-0.96%
2018-01-11,91.85,92.33,92.55,91.79,,-0.52%
2018-01-10,92.33,92.57,92.57,91.92,,-0.22%
2018-01-09,92.53,92.34,92.64,92.21,,0.18%
2018-01-08,92.36,92.06,92.4,91.88,,0.45%
2018-01-05,91.95,91.87,92.1,91.78,,0.11%
2018-01-04,91.85,92.22,92.26,91.8,,-0.34%
2018-01-03,92.16,91.82,92.26,91.81,,0.32%
2018-01-02,91.87,92.24,92.25,91.75,,-0.27%
2017-12-29,92.12,92.67,92.67,92.08,,-0.52%
2017-12-28,92.6,93.0,93.02,92.57,,-0.46%
2017-12-27,93.03,93.3,93.31,92.96,,-0.25%
2017-12-26,93.26,93.25,93.4,93.2,,-0.10%
2017-12-25,93.35,93.37,93.4,93.19,,0.00%
2017-12-22,93.35,93.37,93.56,93.31,,0.08%
2017-12-21,93.28,93.31,93.5,93.23,,-0.03%
2017-12-20,93.31,93.5,93.53,93.16,,-0.14%
2017-12-19,93.44,93.71,93.76,93.43,,-0.27%
2017-12-18,93.69,93.98,94.03,93.38,,-0.26%
2017-12-15,93.93,93.65,94.0,93.41,,0.47%
2017-12-14,93.49,93.41,93.76,93.28,,0.06%
2017-12-13,93.43,94.06,94.11,93.39,,-0.71%
2017-12-12,94.1,93.91,94.22,93.76,,0.25%
2017-12-11,93.87,93.93,93.98,93.67,,-0.03%
2017-12-08,93.9,93.79,94.09,93.77,,0.11%
2017-12-07,93.8,93.54,93.8,93.51,,0.20%
2017-12-06,93.61,93.31,93.65,93.17,,0.25%
2017-12-05,93.38,93.08,93.49,93.03,,0.20%
2017-12-04,93.19,93.17,93.36,93.07,,0.32%
2017-12-01,92.89,93.03,93.25,92.6,,-0.17%
2017-11-30,93.05,93.26,93.5,92.73,,-0.12%
2017-11-29,93.16,93.22,93.44,92.99,,-0.12%
2017-11-28,93.27,92.89,93.34,92.83,,0.40%
2017-11-27,92.9,92.73,92.98,92.5,,0.13%
2017-11-24,92.78,93.12,93.25,92.67,,-0.47%
2017-11-23,93.22,93.3,93.31,93.07,,0.00%
2017-11-22,93.22,93.93,93.96,93.21,,-0.78%
2017-11-21,93.95,94.04,94.17,93.88,,-0.14%
2017-11-20,94.08,93.71,94.1,93.58,,0.45%
2017-11-17,93.66,93.87,93.93,93.51,,-0.29%
2017-11-16,93.93,93.84,94.0,93.77,,0.13%
2017-11-15,93.81,93.86,93.93,93.4,,-0.02%
2017-11-14,93.83,94.52,94.54,93.75,,-0.70%
2017-11-13,94.49,94.42,94.64,94.4,,0.11%
2017-11-10,94.39,94.5,94.65,94.26,,-0.05%
2017-11-09,94.44,94.88,94.96,94.42,,-0.45%
2017-11-08,94.87,94.8,94.97,94.78,,-0.04%
2017-11-07,94.91,94.72,95.15,94.7,,0.16%
2017-11-06,94.76,94.87,95.08,94.69,,-0.19%
2017-11-03,94.94,94.73,95.02,94.41,,0.26%
2017-11-02,94.69,94.8,94.8,94.41,,-0.13%
2017-11-01,94.81,94.55,94.85,94.51,,0.27%
2017-10-31,94.55,94.54,94.7,94.45,,-0.01%
2017-10-30,94.56,94.83,94.9,94.44,,-0.38%
2017-10-27,94.92,94.72,95.15,94.73,,0.33%
2017-10-26,94.61,93.63,94.72,93.48,,0.96%
2017-10-25,93.71,93.94,94.01,93.61,,-0.06%
2017-10-24,93.77,93.83,93.99,93.68,,-0.18%
2017-10-23,93.94,93.82,94.02,93.68,,0.26%
2017-10-20,93.7,93.16,93.78,93.12,,0.58%
2017-10-19,93.16,93.42,93.55,93.06,,-0.21%
2017-10-18,93.36,93.48,93.8,93.36,,-0.16%
2017-10-17,93.51,93.31,93.73,93.28,,0.21%
2017-10-16,93.31,93.08,93.36,93.08,,0.24%
2017-10-13,93.09,93.09,93.24,92.75,,0.03%
2017-10-12,93.06,92.95,93.23,92.8,,0.04%
2017-10-11,93.02,93.25,93.37,92.9,,-0.29%
2017-10-10,93.29,93.73,93.74,93.14,,-0.41%
2017-10-09,93.67,93.77,93.84,93.62,,-0.14%
2017-10-06,93.8,93.92,94.27,93.77,,-0.17%
2017-10-05,93.96,93.48,93.99,93.41,,0.53%
2017-10-04,93.46,93.57,93.58,93.26,,-0.12%
2017-10-03,93.57,93.6,93.92,93.43,,0.01%
2017-10-02,93.56,93.22,93.66,93.12,,0.52%
2017-09-29,93.08,93.17,93.27,92.95,,0.00%
2017-09-28,93.08,93.47,93.67,93.07,,-0.30%
2017-09-27,93.36,93.04,93.61,93.0,,0.42%
2017-09-26,92.97,92.6,93.29,92.55,,0.35%
2017-09-25,92.65,92.42,92.72,92.21,,0.52%
2017-09-22,92.17,92.18,92.22,91.78,,-0.02%
2017-09-21,92.19,92.47,92.66,92.1,,-0.35%
2017-09-20,92.51,91.83,92.7,91.53,,0.78%
2017-09-19,91.79,91.98,92.05,91.75,,-0.28%
2017-09-18,92.05,91.95,92.21,91.8,,0.20%
2017-09-15,91.87,92.0,92.17,91.58,,-0.27%
2017-09-14,92.12,92.35,92.66,91.97,,-0.43%
2017-09-13,92.52,91.88,92.53,91.71,,0.70%
2017-09-12,91.88,91.86,92.08,91.77,,-0.02%
2017-09-11,91.9,91.44,91.98,91.42,,0.60%
2017-09-08,91.35,91.49,91.51,91.01,,-0.34%
2017-09-07,91.66,92.2,92.25,91.41,,-0.68%
2017-09-06,92.29,92.24,92.38,91.99,,0.04%
2017-09-05,92.25,92.6,92.73,92.18,,-0.42%
2017-09-04,92.64,92.66,92.7,92.44,,-0.18%
2017-09-01,92.81,92.61,92.93,92.1,,0.15%
2017-08-31,92.67,92.85,93.35,92.56,,-0.23%
2017-08-30,92.88,92.3,92.95,92.25,,0.68%
2017-08-29,92.25,92.22,92.47,91.62,,0.04%
2017-08-28,92.21,92.32,92.55,92.17,,-0.57%
2017-08-25,92.74,93.27,93.44,92.42,,-0.58%
2017-08-24,93.28,93.16,93.38,93.14,,0.14%
2017-08-23,93.15,93.51,93.63,93.13,,-0.43%
2017-08-22,93.55,93.14,93.58,93.06,,0.49%
2017-08-21,93.09,93.45,93.58,93.0,,-0.36%
2017-08-18,93.43,93.68,93.76,93.33,,-0.20%
2017-08-17,93.62,93.44,94.08,93.31,,0.09%
2017-08-16,93.54,93.83,94.14,93.47,,-0.33%
2017-08-15,93.85,93.46,94.14,93.44,,0.47%
2017-08-14,93.41,93.07,93.5,93.05,,0.37%
2017-08-11,93.07,93.43,93.51,92.93,,-0.35%
2017-08-10,93.4,93.5,93.81,93.32,,-0.16%
2017-08-09,93.55,93.56,93.89,93.49,,-0.11%
2017-08-08,93.65,93.44,93.88,93.24,,0.24%
2017-08-07,93.43,93.51,93.54,93.3,,-0.12%
2017-08-04,93.54,92.76,93.77,92.7,,0.75%
2017-08-03,92.84,92.9,93.04,92.68,,0.00%
2017-08-02,92.84,93.06,93.16,92.55,,-0.21%
2017-08-01,93.04,92.89,93.12,92.78,,0.19%
2017-07-31,92.86,93.36,93.53,92.78,,-0.43%
2017-07-28,93.26,93.87,93.95,93.26,,-0.64%
2017-07-27,93.86,93.46,94.1,93.15,,0.20%
2017-07-26,93.67,94.09,94.28,93.37,,-0.40%
2017-07-25,94.05,94.03,94.12,93.64,,0.07%
2017-07-24,93.98,93.94,94.12,93.82,,0.13%
2017-07-21,93.86,94.3,94.36,93.85,,-0.48%
2017-07-20,94.31,94.77,95.17,94.09,,-0.50%
2017-07-19,94.78,94.69,94.89,94.64,,0.19%
2017-07-18,94.6,95.16,95.19,94.48,,-0.56%
2017-07-17,95.13,95.09,95.35,95.02,,-0.02%
2017-07-14,95.15,95.8,95.83,95.09,,-0.61%
2017-07-13,95.73,95.78,95.92,95.46,,-0.03%
2017-07-12,95.76,95.71,95.98,95.51,,0.09%
2017-07-11,95.67,96.07,96.2,95.65,,-0.36%
2017-07-10,96.02,96.03,96.2,95.95,,0.01%
2017-07-07,96.01,95.8,96.15,95.75,,0.22%
2017-07-06,95.8,96.19,96.34,95.78,,-0.51%
2017-07-05,96.29,96.19,96.51,96.07,,0.07%
2017-07-04,96.22,96.16,96.33,96.05,,0.00%
2017-07-03,96.22,95.65,96.24,95.63,,0.62%
2017-06-30,95.63,95.54,95.83,95.47,,0.00%
2017-06-29,95.63,96.04,96.05,95.53,,-0.40%
2017-06-28,96.01,96.43,96.62,95.97,,-0.39%
2017-06-27,96.39,97.43,97.45,96.34,,-1.07%
2017-06-26,97.43,97.24,97.47,97.11,,0.17%
2017-06-23,97.26,97.56,97.58,97.18,,-0.34%
2017-06-22,97.59,97.55,97.65,97.43,,0.03%
2017-06-21,97.56,97.73,97.8,97.52,,-0.20%
2017-06-20,97.76,97.53,97.87,97.43,,0.22%
2017-06-19,97.55,97.1,97.58,97.05,,0.40%
2017-06-16,97.16,97.48,97.56,97.1,,-0.28%
2017-06-15,97.43,96.93,97.56,96.84,,0.51%
2017-06-14,96.94,97.0,97.12,96.32,,-0.03%
2017-06-13,96.97,97.17,97.28,96.95,,-0.18%
2017-06-12,97.14,97.22,97.32,97.04,,-0.13%
2017-06-09,97.27,97.18,97.5,97.14,,0.36%
2017-06-08,96.92,96.7,97.23,96.59,,0.18%
2017-06-07,96.75,96.54,96.98,96.51,,0.11%
2017-06-06,96.64,96.79,96.8,96.52,,-0.17%
2017-06-05,96.8,96.73,96.97,96.7,,0.08%
2017-06-02,96.72,97.19,97.31,96.65,,-0.49%
2017-06-01,97.2,96.99,97.32,96.9,,0.29%
2017-05-31,96.92,97.43,97.5,96.86,,-0.37%
2017-05-30,97.28,97.63,97.78,97.22,,-0.16%
2017-05-29,97.44,97.43,97.61,97.33,,0.00%
2017-05-26,97.44,97.23,97.55,97.04,,0.20%
2017-05-25,97.25,97.07,97.28,96.88,,0.01%
2017-05-24,97.24,97.34,97.47,97.03,,-0.11%
2017-05-23,97.35,96.95,97.42,96.8,,0.38%
2017-05-22,96.98,97.22,97.44,96.8,,-0.16%
2017-05-19,97.14,97.85,97.85,97.08,,-0.76%
2017-05-18,97.88,97.44,98.07,97.37,,0.31%
2017-05-17,97.58,98.09,98.13,97.33,,-0.54%
2017-05-16,98.11,98.88,98.89,98.08,,-0.81%
2017-05-15,98.91,99.15,99.26,98.79,,-0.34%
2017-05-12,99.25,99.63,99.7,99.16,,-0.37%
2017-05-11,99.62,99.66,99.89,99.49,,-0.05%
2017-05-10,99.67,99.48,99.72,99.36,,0.01%
2017-05-09,99.66,99.14,99.69,99.08,,0.61%
2017-05-08,99.06,98.79,99.19,98.6,,0.42%
2017-05-05,98.65,98.77,98.97,98.54,,-0.15%
2017-05-04,98.8,99.35,99.46,98.71,,-0.41%
2017-05-03,99.21,98.92,99.39,98.89,,0.23%
2017-05-02,98.98,99.07,99.22,98.92,,-0.10%
2017-05-01,99.08,98.93,99.21,98.89,,0.03%
2017-04-28,99.05,99.17,99.25,98.72,,-0.03%
2017-04-27,99.08,98.95,99.33,98.81,,0.03%
2017-04-26,99.05,98.85,99.33,98.73,,0.27%
2017-04-25,98.78,99.05,99.22,98.69,,-0.31%
2017-04-24,99.09,98.97,99.33,98.91,,-0.89%
2017-04-21,99.98,99.83,100.03,99.65,,0.20%
2017-04-20,99.78,99.78,99.85,99.37,,0.04%
2017-04-19,99.74,99.51,99.89,99.51,,0.24%
2017-04-18,99.5,100.34,100.4,99.47,,-0.79%
2017-04-17,100.29,100.49,100.47,100.0,,-0.27%
2017-04-14,100.56,100.58,100.61,100.36,,0.00%
2017-04-13,100.56,100.16,100.6,100.01,,-0.22%
2017-04-12,100.78,100.73,100.82,100.09,,0.07%
2017-04-11,100.71,100.97,101.08,100.58,,-0.31%
2017-04-10,101.02,101.18,101.34,100.94,,-0.16%
2017-04-07,101.18,100.73,101.26,100.52,,0.51%
2017-04-06,100.67,100.5,100.77,100.38,,0.11%
2017-04-05,100.56,100.52,100.85,100.41,,0.02%
2017-04-04,100.54,100.49,100.73,100.42,,0.00%
2017-04-03,100.54,100.5,100.69,100.37,,0.19%
2017-03-31,100.35,100.49,100.65,100.25,,-0.06%
2017-03-30,100.41,99.96,100.6,99.92,,0.41%
2017-03-29,100.0,99.7,100.13,99.67,,0.29%
2017-03-28,99.71,99.22,99.79,99.11,,0.54%
2017-03-27,99.17,99.47,99.53,98.86,,-0.46%
2017-03-24,99.63,99.77,100.0,99.53,,-0.13%
2017-03-23,99.76,99.75,99.87,99.63,,0.08%
2017-03-22,99.68,99.69,99.93,99.55,,-0.13%
2017-03-21,99.81,100.37,100.47,99.66,,-0.60%
2017-03-20,100.41,100.36,100.45,100.02,,0.11%
2017-03-17,100.3,100.24,100.47,100.14,,-0.06%
2017-03-16,100.36,100.56,100.75,100.21,,-0.38%
2017-03-15,100.74,101.71,101.72,100.49,,-0.94%
2017-03-14,101.7,101.4,101.79,101.34,,0.38%
2017-03-13,101.31,101.31,101.39,101.01,,0.06%
2017-03-10,101.25,101.99,102.0,101.17,,-0.59%
2017-03-09,101.85,102.11,102.25,101.7,,-0.22%
2017-03-08,102.07,101.79,102.19,101.71,,0.26%
2017-03-07,101.81,101.68,101.91,101.53,,0.17%
2017-03-06,101.64,101.4,101.75,101.22,,0.10%
2017-03-03,101.54,102.13,102.17,101.34,,-0.65%
2017-03-02,102.2,101.92,102.26,101.78,,0.41%
2017-03-01,101.78,101.43,101.97,101.23,,0.65%
2017-02-28,101.12,101.21,101.4,100.78,,-0.01%
2017-02-27,101.13,101.11,101.27,100.69,,0.04%
2017-02-24,101.09,100.95,101.17,100.66,,0.04%
2017-02-23,101.05,101.38,101.44,100.87,,-0.17%
2017-02-22,101.22,101.4,101.72,101.17,,-0.15%
2017-02-21,101.37,100.93,101.6,100.91,,0.42%
2017-02-20,100.95,100.93,100.98,100.77,,0.00%
2017-02-17,100.95,100.52,100.96,100.45,,0.51%
2017-02-16,100.44,101.05,101.07,100.41,,-0.73%
2017-02-15,101.18,101.22,101.76,101.0,,-0.07%
2017-02-14,101.25,100.98,101.38,100.7,,0.29%
2017-02-13,100.96,100.84,101.11,100.58,,0.16%
2017-02-10,100.8,100.67,101.01,100.58,,0.15%
2017-02-09,100.65,100.22,100.68,100.08,,0.37%
2017-02-08,100.28,100.44,100.64,100.06,,0.02%
2017-02-07,100.26,99.93,100.72,99.91,,0.35%
2017-02-06,99.91,99.65,100.25,99.63,,0.04%
2017-02-03,99.87,99.79,100.26,99.56,,0.08%
2017-02-02,99.79,99.76,99.87,99.23,,0.15%
2017-02-01,99.64,99.56,100.04,99.5,,0.13%
2017-01-31,99.51,100.33,100.51,99.43,,-0.92%
2017-01-30,100.43,100.32,101.02,100.17,,-0.10%
2017-01-27,100.53,100.49,100.82,100.32,,0.15%
2017-01-26,100.38,99.91,100.73,99.79,,0.35%
2017-01-25,100.03,100.31,100.41,99.83,,-0.32%
2017-01-24,100.35,100.08,100.43,99.92,,0.19%
2017-01-23,100.16,100.74,100.74,99.9,,-0.58%
2017-01-20,100.74,101.17,101.5,100.7,,-0.41%
2017-01-19,101.15,101.35,101.73,100.97,,0.22%
2017-01-18,100.93,100.43,101.34,100.32,,0.60%
2017-01-17,100.33,101.54,101.62,100.26,,-0.84%
2017-01-16,101.18,101.66,101.73,101.32,,0.00%
2017-01-13,101.18,101.51,101.67,101.01,,-0.17%
2017-01-12,101.35,101.67,101.8,100.72,,-0.42%
2017-01-11,101.78,102.07,102.95,101.28,,-0.23%
2017-01-10,102.01,101.85,102.1,101.51,,0.08%
2017-01-09,101.93,102.25,102.52,101.8,,-0.28%
2017-01-06,102.22,101.4,102.29,101.37,,0.69%
2017-01-05,101.52,102.45,102.51,101.3,,-1.15%
2017-01-04,102.7,103.17,103.44,102.39,,-0.49%
2017-01-03,103.21,102.88,103.82,102.59,,0.37%
2017-01-02,102.83,102.38,102.94,102.21,,0.61%
2016-12-30,102.21,102.13,102.59,101.91,,-0.46%
2016-12-29,102.68,103.21,103.25,102.6,,-0.60%
2016-12-28,103.3,103.02,103.63,102.87,,0.27%
2016-12-27,103.02,102.97,103.15,102.95,,0.01%
2016-12-26,103.01,103.01,103.02,102.83,,0.00%
2016-12-23,103.01,103.08,103.23,102.88,,-0.08%
2016-12-22,103.09,103.05,103.14,102.59,,0.07%
2016-12-21,103.02,103.26,103.38,102.77,,-0.26%
2016-12-20,103.29,103.15,103.65,103.03,,0.15%
2016-12-19,103.14,102.9,103.21,102.52,,0.18%
2016-12-16,102.95,103.16,103.27,102.62,,-0.07%
2016-12-15,103.02,102.23,103.56,102.16,,1.24%
2016-12-14,101.76,101.04,102.35,100.73,,0.68%
2016-12-13,101.07,100.89,101.16,100.75,,0.04%
2016-12-12,101.03,101.71,101.78,100.84,,-0.55%
2016-12-09,101.59,101.06,101.74,101.01,,0.48%
2016-12-08,101.1,100.23,101.25,99.43,,0.87%
2016-12-07,100.23,100.48,100.6,100.13,,-0.26%
2016-12-06,100.49,100.13,100.58,99.98,,0.40%
2016-12-05,100.09,100.84,101.54,99.85,,-0.67%
2016-12-02,100.77,100.88,101.11,100.62,,-0.27%
2016-12-01,101.04,101.52,101.59,100.87,,-0.45%
2016-11-30,101.5,100.85,101.83,100.84,,0.56%
2016-11-29,100.93,101.18,101.64,100.86,,-0.39%
2016-11-28,101.33,101.25,101.6,100.64,,-0.16%
2016-11-25,101.49,101.84,101.92,101.21,,-0.21%
2016-11-24,101.7,101.82,102.05,101.43,,0.00%
2016-11-23,101.7,100.95,101.91,100.89,,0.65%
2016-11-22,101.04,100.77,101.32,100.65,,-0.01%
2016-11-21,101.05,101.28,101.4,100.74,,-0.16%
2016-11-18,101.21,100.97,101.48,100.83,,0.32%
2016-11-17,100.89,100.26,101.01,99.96,,0.48%
2016-11-16,100.41,100.18,100.57,99.9,,0.18%
2016-11-15,100.23,99.8,100.26,99.45,,0.12%
2016-11-14,100.11,99.13,100.22,99.13,,1.06%
2016-11-11,99.06,98.85,99.13,98.54,,0.28%
2016-11-10,98.78,98.61,99.08,98.31,,0.28%
2016-11-09,98.5,97.68,98.7,95.89,,0.65%
2016-11-08,97.86,97.74,98.0,97.55,,0.08%
2016-11-07,97.78,97.54,97.87,97.22,,0.74%
2016-11-04,97.06,97.17,97.35,96.89,,-0.10%
2016-11-03,97.16,97.37,97.46,97.04,,-0.25%
2016-11-02,97.4,97.75,97.8,97.18,,-0.31%
2016-11-01,97.7,98.39,98.48,97.64,,-0.75%
2016-10-31,98.44,98.3,98.7,98.29,,0.09%
2016-10-28,98.35,98.92,98.94,98.24,,-0.55%
2016-10-27,98.89,98.62,99.03,98.5,,0.26%
2016-10-26,98.63,98.7,98.84,98.33,,-0.09%
2016-10-25,98.72,98.77,99.12,98.61,,-0.04%
2016-10-24,98.76,98.64,98.85,98.54,,0.07%
2016-10-21,98.69,98.32,98.81,98.31,,0.39%
2016-10-20,98.31,97.85,98.4,97.66,,0.40%
2016-10-19,97.92,97.89,97.97,97.63,,0.03%
2016-10-18,97.89,97.87,97.96,97.61,,0.00%
2016-10-17,97.89,98.15,98.17,97.81,,-0.13%
2016-10-14,98.02,97.53,98.12,97.51,,0.51%
2016-10-13,97.52,97.99,98.13,97.5,,-0.46%
2016-10-12,97.97,97.54,98.04,97.45,,0.29%
2016-10-11,97.69,96.91,97.76,96.91,,0.78%
2016-10-10,96.93,96.63,96.97,96.46,,0.31%
2016-10-07,96.63,97.12,97.19,96.4,,-0.14%
2016-10-06,96.77,96.14,96.77,96.11,,0.68%
2016-10-05,96.12,96.1,96.31,95.96,,-0.05%
2016-10-04,96.17,95.73,96.44,95.73,,0.50%
2016-10-03,95.69,95.54,95.8,95.46,,0.24%
2016-09-30,95.46,95.51,95.96,95.34,,-0.07%
2016-09-29,95.53,95.37,95.68,95.33,,0.10%
2016-09-28,95.43,95.45,95.74,95.36,,-0.01%
2016-09-27,95.44,95.32,95.67,95.24,,0.15%
2016-09-26,95.3,95.4,95.53,95.13,,-0.19%
2016-09-23,95.48,95.36,95.68,95.34,,0.03%
2016-09-22,95.45,95.5,95.53,95.05,,-0.22%
2016-09-21,95.66,96.0,96.33,95.44,,-0.37%
2016-09-20,96.02,95.83,96.04,95.6,,0.19%
2016-09-19,95.84,96.07,96.07,95.64,,-0.28%
2016-09-16,96.11,95.23,96.11,95.22,,0.86%
2016-09-15,95.29,95.33,95.56,95.08,,-0.04%
2016-09-14,95.33,95.56,95.66,95.2,,-0.31%
2016-09-13,95.63,95.12,95.67,95.08,,0.57%
2016-09-12,95.09,95.3,95.45,94.94,,-0.26%
2016-09-09,95.34,94.94,95.58,94.8,,0.33%
2016-09-08,95.03,94.96,95.14,94.47,,0.07%
2016-09-07,94.96,94.89,95.06,94.69,,0.15%
2016-09-06,94.82,95.79,95.86,94.77,,-1.06%
2016-09-05,95.84,95.89,95.89,95.55,,0.00%
2016-09-02,95.84,95.67,95.96,95.19,,0.20%
2016-09-01,95.65,95.98,96.24,95.59,,-0.39%
2016-08-31,96.02,96.01,96.25,95.9,,-0.03%
2016-08-30,96.05,95.58,96.14,95.53,,0.49%
2016-08-29,95.58,95.61,95.83,95.48,,0.01%
2016-08-26,95.57,94.72,95.59,94.25,,0.84%
2016-08-25,94.77,94.78,94.83,94.59,,-0.02%
2016-08-24,94.79,94.55,94.91,94.5,,0.26%
2016-08-23,94.54,94.55,94.58,94.21,,0.02%
2016-08-22,94.52,94.72,94.96,94.44,,0.01%
2016-08-19,94.51,94.23,94.63,94.22,,0.37%
2016-08-18,94.16,94.7,94.7,94.08,,-0.59%
2016-08-17,94.72,94.8,95.1,94.51,,-0.07%
2016-08-16,94.79,95.61,95.66,94.43,,-0.88%
2016-08-15,95.63,95.65,95.8,95.47,,-0.09%
2016-08-12,95.72,95.92,95.99,95.25,,-0.15%
2016-08-11,95.86,95.58,95.97,95.5,,0.22%
2016-08-10,95.65,96.12,96.12,95.44,,-0.55%
2016-08-09,96.18,96.39,96.52,96.08,,-0.23%
2016-08-08,96.4,96.29,96.47,96.15,,0.22%
2016-08-05,96.19,95.78,96.52,95.55,,0.45%
2016-08-04,95.76,95.54,95.9,95.42,,0.21%
2016-08-03,95.56,95.13,95.61,95.13,,0.53%
2016-08-02,95.06,95.82,95.85,95.0,,-0.68%
2016-08-01,95.71,95.59,95.82,95.54,,0.19%
2016-07-29,95.53,96.62,96.62,95.38,,-1.25%
2016-07-28,96.74,96.73,96.77,96.29,,-0.32%
2016-07-27,97.05,97.14,97.53,96.67,,-0.11%
2016-07-26,97.16,97.29,97.32,96.85,,-0.13%
2016-07-25,97.29,97.35,97.57,97.22,,-0.18%
2016-07-22,97.47,96.92,97.54,96.83,,0.48%
2016-07-21,97.0,97.13,97.21,96.73,,-0.21%
2016-07-20,97.2,97.08,97.32,96.99,,0.14%
2016-07-19,97.06,96.55,97.15,96.52,,0.52%
2016-07-18,96.56,96.59,96.71,96.47,,-0.02%
2016-07-15,96.58,96.13,96.73,95.91,,0.52%
2016-07-14,96.08,96.27,96.37,95.83,,-0.15%
2016-07-13,96.22,96.51,96.6,96.09,,-0.23%
2016-07-12,96.44,96.54,96.64,96.07,,-0.13%
2016-07-11,96.57,96.29,96.79,96.27,,0.28%
2016-07-08,96.3,96.28,96.7,95.83,,-0.03%
2016-07-07,96.33,96.13,96.34,95.92,,0.29%
2016-07-06,96.05,96.25,96.5,95.98,,-0.12%
2016-07-05,96.17,95.54,96.25,95.34,,0.54%
2016-07-04,95.65,95.69,95.89,95.43,,0.00%
2016-07-01,95.65,95.89,96.08,95.41,,-0.51%
2016-06-30,96.14,95.67,96.42,95.44,,0.39%
2016-06-29,95.77,96.04,96.2,95.59,,-0.50%
2016-06-28,96.25,96.41,96.41,95.77,,-0.30%
2016-06-27,96.54,96.07,96.7,95.81,,1.14%
2016-06-24,95.45,93.45,96.7,93.45,,2.05%
2016-06-23,93.53,93.5,93.61,93.02,,-0.20%
2016-06-22,93.72,94.05,94.12,93.42,,-0.32%
2016-06-21,94.02,93.61,94.14,93.42,,0.44%
2016-06-20,93.61,93.87,93.87,93.45,,-0.64%
2016-06-17,94.21,94.58,94.59,94.07,,-0.38%
2016-06-16,94.57,94.6,95.32,94.2,,-0.04%
2016-06-15,94.61,94.91,95.04,94.36,,-0.34%
2016-06-14,94.93,94.36,95.03,94.32,,0.60%
2016-06-13,94.36,94.65,94.75,94.24,,-0.22%
2016-06-10,94.57,94.09,94.71,94.05,,0.66%
2016-06-09,93.95,93.55,94.13,93.43,,0.38%
2016-06-08,93.59,93.86,93.87,93.42,,-0.26%
2016-06-07,93.83,94.02,94.09,93.75,,-0.07%
2016-06-06,93.9,94.02,94.27,93.75,,-0.14%
2016-06-03,94.03,95.55,95.64,93.86,,-1.60%
2016-06-02,95.56,95.43,95.61,95.15,,0.12%
2016-06-01,95.45,95.81,95.9,95.34,,-0.46%
2016-05-31,95.89,95.66,95.89,95.46,,0.39%
2016-05-30,95.52,95.7,95.97,95.52,,0.00%
2016-05-27,95.52,95.14,95.78,95.08,,0.37%
2016-05-26,95.17,95.42,95.42,94.94,,-0.19%
2016-05-25,95.35,95.63,95.66,95.33,,-0.23%
2016-05-24,95.57,95.27,95.66,95.2,,0.36%
2016-05-23,95.23,95.32,95.48,95.1,,-0.10%
2016-05-20,95.33,95.29,95.46,95.17,,0.04%
2016-05-19,95.29,95.15,95.5,95.12,,0.22%
2016-05-18,95.08,94.58,95.27,94.53,,0.56%
2016-05-17,94.55,94.57,94.71,94.33,,-0.02%
2016-05-16,94.57,94.65,94.68,94.4,,-0.04%
2016-05-13,94.61,94.12,94.84,94.12,,0.49%
2016-05-12,94.15,93.85,94.19,93.8,,0.35%
2016-05-11,93.82,94.26,94.26,93.68,,-0.50%
2016-05-10,94.29,94.13,94.36,94.03,,0.17%
2016-05-09,94.13,93.91,94.2,93.8,,0.26%
2016-05-06,93.89,93.73,93.96,93.28,,0.12%
2016-05-05,93.78,93.21,93.86,93.17,,0.64%
2016-05-04,93.18,92.98,93.36,92.85,,0.26%
2016-05-03,92.94,92.6,93.11,91.92,,0.33%
2016-05-02,92.63,93.02,93.07,92.54,,-0.48%
2016-04-29,93.08,93.8,93.8,93.01,,-0.73%
2016-04-28,93.76,94.39,94.58,93.69,,-0.67%
2016-04-27,94.39,94.53,94.8,94.15,,-0.19%
2016-04-26,94.57,94.79,94.81,94.2,,-0.28%
2016-04-25,94.84,95.11,95.08,94.68,,-0.29%
2016-04-22,95.12,94.63,95.2,94.47,,0.55%
2016-04-21,94.6,94.53,94.7,93.92,,0.12%
2016-04-20,94.49,94.14,94.59,93.94,,0.54%
2016-04-19,93.98,94.49,94.55,93.93,,-0.54%
2016-04-18,94.49,94.59,94.83,94.38,,-0.22%
2016-04-15,94.7,94.93,95.05,94.51,,-0.21%
2016-04-14,94.9,94.81,95.2,94.68,,0.17%
2016-04-13,94.74,94.05,94.85,94.0,,0.83%
2016-04-12,93.96,93.99,94.39,93.63,,0.01%
2016-04-11,93.95,94.1,94.34,93.75,,-0.30%
2016-04-08,94.23,94.56,94.68,94.09,,-0.26%
2016-04-07,94.48,94.48,94.67,94.02,,0.05%
2016-04-06,94.43,94.6,95.07,94.24,,-0.21%
2016-04-05,94.63,94.58,94.98,94.45,,0.13%
2016-04-04,94.51,94.56,94.83,94.41,,-0.12%
2016-04-01,94.62,94.64,95.11,94.33,,0.03%
2016-03-31,94.59,94.84,95.03,94.32,,-0.26%
2016-03-30,94.84,95.21,95.22,94.59,,-0.34%
2016-03-29,95.16,95.96,96.22,95.09,,-0.81%
2016-03-28,95.94,96.27,96.4,95.84,,-0.21%
2016-03-24,96.14,96.07,96.36,96.04,,0.09%
2016-03-23,96.05,95.64,96.23,95.62,,0.42%
2016-03-22,95.65,95.43,95.75,95.26,,0.38%
2016-03-21,95.29,95.15,95.41,95.0,,0.21%
2016-03-18,95.09,94.77,95.17,94.58,,0.35%
2016-03-17,94.76,95.75,95.83,94.65,,-1.18%
2016-03-16,95.89,96.67,97.06,95.54,,-0.77%
2016-03-15,96.63,96.6,96.87,96.47,,0.01%
2016-03-14,96.62,96.31,96.71,96.14,,0.47%
2016-03-11,96.17,96.17,96.72,95.94,,0.10%
2016-03-10,96.07,97.23,98.42,95.94,,-1.13%
2016-03-09,97.17,97.22,97.57,96.93,,-0.04%
2016-03-08,97.21,97.11,97.27,96.89,,0.14%
2016-03-07,97.07,97.4,97.7,97.04,,-0.28%
2016-03-04,97.34,97.67,98.03,97.02,,-0.26%
2016-03-03,97.59,98.2,98.35,97.46,,-0.63%
2016-03-02,98.21,98.26,98.58,98.12,,-0.14%
2016-03-01,98.35,98.18,98.57,98.09,,0.14%
2016-02-29,98.21,98.17,98.37,97.8,,0.06%
2016-02-26,98.15,97.4,98.26,97.1,,0.88%
2016-02-25,97.29,97.49,97.72,97.22,,-0.17%
2016-02-24,97.46,97.47,97.92,97.23,,-0.02%
2016-02-23,97.48,97.36,97.58,97.14,,0.10%
2016-02-22,97.38,96.78,97.6,96.73,,0.81%
2016-02-19,96.6,96.87,97.17,96.56,,-0.36%
2016-02-18,96.95,96.89,97.09,96.69,,0.17%
2016-02-17,96.79,96.94,97.1,96.63,,-0.08%
2016-02-16,96.87,96.58,96.99,96.38,,0.93%
2016-02-15,95.98,96.08,96.88,95.94,,0.04%
2016-02-12,95.94,95.5,96.22,95.46,,0.40%
2016-02-11,95.56,95.89,95.9,95.24,,-0.34%
2016-02-10,95.89,96.06,96.72,95.76,,-0.19%
2016-02-09,96.07,96.73,96.83,95.66,,-0.52%
2016-02-08,96.57,97.06,97.48,96.54,,-0.47%
2016-02-05,97.03,96.56,97.27,96.32,,0.58%
2016-02-04,96.47,97.29,97.47,96.26,,-0.84%
2016-02-03,97.29,98.83,98.94,96.89,,-1.60%
2016-02-02,98.87,98.99,99.09,98.75,,-0.14%
2016-02-01,99.01,99.55,99.63,98.93,,-0.60%
2016-01-29,99.61,98.65,99.83,98.58,,1.12%
2016-01-28,98.51,98.88,99.11,98.42,,-0.39%
2016-01-27,98.9,99.02,99.16,98.71,,-0.46%
2016-01-26,99.36,99.3,99.45,99.0,,0.00%
2016-01-25,99.36,99.52,99.55,99.23,,-0.21%
2016-01-22,99.57,99.18,99.59,99.11,,0.51%
2016-01-21,99.06,99.19,99.8,98.91,,-0.03%
2016-01-20,99.09,99.02,99.19,98.63,,0.10%
2016-01-19,98.99,99.12,99.31,98.86,,0.03%
2016-01-18,98.96,98.8,99.2,98.8,,0.00%
2016-01-15,98.96,99.1,99.12,98.38,,-0.13%
2016-01-14,99.09,98.82,99.26,98.59,,0.16%
2016-01-13,98.93,99.03,99.33,98.86,,-0.04%
2016-01-12,98.97,98.8,99.28,98.57,,0.25%
2016-01-11,98.72,98.41,98.89,98.25,,0.18%
2016-01-08,98.54,98.3,99.18,98.27,,0.33%
2016-01-07,98.22,99.21,99.3,98.17,,-0.97%
2016-01-06,99.18,99.39,99.58,99.11,,-0.22%
2016-01-05,99.4,98.87,99.63,98.75,,0.54%
2016-01-04,98.87,98.59,99.18,98.05,,0.24%
2015-12-31,98.63,98.22,98.78,98.18,,0.37%
2015-12-30,98.27,98.21,98.41,98.11,,0.17%
2015-12-29,98.1,97.9,98.41,97.8,,0.18%
2015-12-28,97.92,97.95,98.03,97.81,,-0.06%
2015-12-24,97.98,98.33,98.38,97.86,,-0.37%
2015-12-23,98.34,98.21,98.6,98.19,,0.11%
2015-12-22,98.23,98.46,98.51,98.0,,-0.13%
2015-12-21,98.36,98.68,98.84,98.29,,-0.34%
2015-12-18,98.7,99.02,99.18,98.64,,-0.57%
2015-12-17,99.27,98.56,99.29,98.53,,1.43%
2015-12-16,97.87,98.19,98.6,97.66,,-0.36%
2015-12-15,98.22,97.64,98.29,97.19,,0.64%
2015-12-14,97.6,97.61,97.93,97.28,,0.04%
2015-12-11,97.56,97.98,98.09,97.33,,-0.39%
2015-12-10,97.94,97.41,97.99,97.36,,0.62%
2015-12-09,97.34,98.45,98.52,97.22,,-1.15%
2015-12-08,98.47,98.73,98.76,98.33,,-0.19%
2015-12-07,98.66,98.38,98.9,98.3,,0.32%
2015-12-04,98.35,97.83,98.61,97.75,,0.75%
2015-12-03,97.62,100.01,100.47,97.59,,-2.37%
2015-12-02,99.99,99.83,100.51,99.8,,0.19%
2015-12-01,99.8,100.23,100.26,99.72,,-0.37%
2015-11-30,100.17,100.08,100.31,100.05,,0.15%
2015-11-27,100.02,99.86,100.2,99.66,,0.22%
2015-11-26,99.8,99.74,99.91,99.71,,0.00%
2015-11-25,99.8,99.56,100.17,99.31,,0.27%
2015-11-24,99.53,99.68,99.78,99.47,,-0.27%
2015-11-23,99.8,99.66,100.0,99.53,,0.24%
2015-11-20,99.56,99.09,99.65,99.0,,0.58%
2015-11-19,98.99,99.41,99.48,98.73,,-0.66%
2015-11-18,99.65,99.65,99.85,99.31,,0.02%
2015-11-17,99.63,99.4,99.75,99.36,,0.19%
2015-11-16,99.44,99.0,99.46,98.87,,0.44%
2015-11-13,99.0,98.57,99.21,98.53,,0.35%
2015-11-12,98.65,98.82,99.29,98.43,,-0.36%
2015-11-11,99.01,99.1,99.24,98.78,,-0.28%
2015-11-10,99.29,99.01,99.5,98.94,,0.31%
2015-11-09,98.98,99.27,99.27,98.82,,-0.19%
2015-11-06,99.17,97.95,99.34,97.89,,1.26%
2015-11-05,97.94,97.94,98.14,97.75,,-0.01%
2015-11-04,97.95,97.2,98.05,97.17,,0.81%
2015-11-03,97.16,96.9,97.48,96.77,,0.24%
2015-11-02,96.93,96.69,96.97,96.64,,-0.02%
2015-10-30,96.95,97.19,97.35,96.58,,-0.34%
2015-10-29,97.28,97.61,97.69,97.19,,-0.51%
2015-10-28,97.78,96.95,97.82,96.47,,0.90%
2015-10-27,96.91,96.8,96.97,96.58,,0.05%
2015-10-26,96.86,97.15,97.15,96.68,,-0.28%
2015-10-23,97.13,96.4,97.2,96.15,,0.78%
2015-10-22,96.38,95.04,96.54,94.94,,1.42%
2015-10-21,95.03,94.85,95.08,94.72,,0.13%
2015-10-20,94.91,94.93,94.95,94.59,,-0.02%
2015-10-19,94.93,94.67,95.0,94.55,,0.41%
2015-10-16,94.54,94.47,94.77,94.37,,0.18%
2015-10-15,94.37,93.95,94.59,93.81,,0.47%
2015-10-14,93.93,94.76,94.76,93.84,,-0.88%
2015-10-13,94.76,94.9,94.98,94.54,,-0.08%
2015-10-12,94.84,94.86,94.9,94.62,,0.03%
2015-10-09,94.81,95.23,95.34,94.69,,-0.54%
2015-10-08,95.32,95.57,95.61,94.98,,-0.19%
2015-10-07,95.5,95.47,95.7,95.33,,0.05%
2015-10-06,95.45,96.05,96.16,95.4,,-0.69%
2015-10-05,96.11,95.84,96.17,95.45,,0.29%
2015-10-02,95.83,96.14,96.38,95.22,,-0.37%
2015-10-01,96.19,96.27,96.49,95.97,,-0.17%
2015-09-30,96.35,95.91,96.41,95.85,,0.51%
2015-09-29,95.86,96.02,96.24,95.71,,-0.18%
2015-09-28,96.03,96.29,96.5,95.9,,-0.25%
2015-09-25,96.27,96.24,96.7,96.12,,-0.43%
2015-09-24,96.69,96.23,96.69,95.46,,0.65%
2015-09-23,96.07,96.31,96.55,96.02,,-0.22%
2015-09-22,96.28,95.92,96.4,95.76,,0.41%
2015-09-21,95.89,95.36,95.98,95.04,,1.09%
2015-09-18,94.86,94.57,95.38,94.06,,0.33%
2015-09-17,94.55,95.31,95.39,94.36,,-0.91%
2015-09-16,95.42,95.57,95.84,95.16,,-0.20%
2015-09-15,95.61,95.3,95.68,95.12,,0.38%
2015-09-14,95.25,95.2,95.45,94.91,,0.06%
2015-09-11,95.19,95.47,95.69,95.11,,-0.28%
2015-09-10,95.46,95.91,96.19,95.4,,-0.57%
2015-09-09,96.01,95.84,96.41,95.85,,0.03%
2015-09-08,95.98,96.15,96.24,95.73,,-0.26%
2015-09-07,96.23,96.15,96.42,96.04,,0.00%
2015-09-04,96.23,96.37,96.58,95.97,,-0.19%
2015-09-03,96.41,95.95,96.62,95.79,,0.61%
2015-09-02,95.83,95.41,95.98,95.41,,0.40%
2015-09-01,95.45,95.93,95.93,95.19,,-0.39%
2015-08-31,95.82,96.19,96.25,95.62,,-0.30%
2015-08-28,96.11,95.76,96.32,95.38,,0.52%
2015-08-27,95.61,95.19,96.03,94.98,,0.54%
2015-08-26,95.1,93.96,95.44,93.72,,0.60%
2015-08-25,94.53,93.38,94.69,93.49,,1.29%
2015-08-24,93.33,94.86,94.96,92.62,,-1.77%
2015-08-21,95.01,95.81,95.82,94.8,,-1.01%
2015-08-20,95.98,96.45,96.58,95.71,,-0.39%
2015-08-19,96.36,97.0,97.08,96.34,,-0.70%
2015-08-18,97.04,96.84,97.07,96.68,,0.24%
2015-08-17,96.81,96.56,96.94,96.51,,0.30%
2015-08-14,96.52,96.37,96.67,96.09,,0.08%
2015-08-13,96.44,96.34,96.81,96.12,,0.19%
2015-08-12,96.26,97.18,97.33,95.93,,-1.06%
2015-08-11,97.29,97.19,97.59,96.88,,0.13%
2015-08-10,97.16,97.54,97.92,97.04,,-0.41%
2015-08-07,97.56,97.79,98.33,97.51,,-0.28%
2015-08-06,97.83,97.88,98.16,97.63,,-0.13%
2015-08-05,97.96,97.92,98.22,97.64,,0.03%
2015-08-04,97.93,97.48,98.0,97.21,,0.45%
2015-08-03,97.49,97.22,97.58,97.16,,0.15%
2015-07-31,97.34,97.47,97.6,96.31,,-0.23%
2015-07-30,97.56,97.13,97.77,97.17,,0.60%
2015-07-29,96.98,96.64,97.25,96.5,,0.22%
2015-07-28,96.77,96.58,96.97,96.47,,0.28%
2015-07-27,96.5,97.2,97.29,96.29,,-0.76%
2015-07-24,97.24,97.19,97.62,97.12,,0.13%
2015-07-23,97.11,97.45,97.51,96.89,,-0.50%
2015-07-22,97.6,97.34,97.79,97.11,,0.28%
2015-07-21,97.33,98.02,98.15,97.14,,-0.71%
2015-07-20,98.03,97.93,98.15,97.73,,0.17%
2015-07-17,97.86,97.66,97.98,97.42,,0.19%
2015-07-16,97.67,97.13,97.76,97.17,,0.51%
2015-07-15,97.17,96.66,97.31,96.53,,0.55%
2015-07-14,96.64,96.81,97.05,96.27,,-0.23%
2015-07-13,96.86,96.09,96.86,95.63,,0.86%
2015-07-10,96.03,96.38,96.39,95.45,,-0.60%
2015-07-09,96.61,96.23,96.75,95.97,,0.33%
2015-07-08,96.29,96.68,96.88,96.12,,-0.59%
2015-07-07,96.86,96.28,97.23,96.31,,0.58%
2015-07-06,96.3,96.42,96.62,96.02,,0.20%
2015-07-03,96.11,96.09,96.22,95.87,,0.00%
2015-07-02,96.11,96.32,96.42,95.87,,-0.21%
2015-07-01,96.31,95.58,96.35,95.47,,0.87%
2015-06-30,95.48,95.04,95.68,94.85,,0.73%
2015-06-29,94.79,96.11,96.37,94.68,,-0.71%
2015-06-26,95.47,95.17,95.67,95.08,,0.29%
2015-06-25,95.19,95.28,95.51,95.09,,-0.07%
2015-06-24,95.26,95.37,95.54,94.93,,-0.18%
2015-06-23,95.43,94.29,95.64,94.3,,1.17%
2015-06-22,94.33,94.0,94.45,93.81,,0.27%
2015-06-19,94.08,94.03,94.5,93.9,,0.04%
2015-06-18,94.04,94.22,94.23,93.56,,-0.28%
2015-06-17,94.3,94.95,95.18,94.11,,-0.74%
2015-06-16,95.0,94.83,95.23,94.56,,0.20%
2015-06-15,94.81,95.16,95.39,94.73,,-0.17%
2015-06-12,94.97,95.09,95.68,94.69,,-0.01%
2015-06-11,94.98,94.7,95.59,94.71,,0.35%
2015-06-10,94.65,95.14,95.23,94.32,,-0.55%
2015-06-09,95.17,95.26,95.58,94.84,,-0.14%
2015-06-08,95.3,96.47,96.55,95.05,,-1.05%
2015-06-05,96.31,95.76,96.91,95.36,,0.89%
2015-06-04,95.46,95.42,95.62,94.65,,-0.01%
2015-06-03,95.47,95.94,96.51,95.21,,-0.38%
2015-06-02,95.83,97.43,97.53,95.67,,-1.60%
2015-06-01,97.39,96.9,97.68,96.93,,0.50%
2015-05-29,96.91,96.89,97.19,96.75,,-0.06%
2015-05-28,96.97,97.26,97.63,96.86,,-0.41%
2015-05-27,97.37,97.22,97.78,96.89,,0.07%
2015-05-26,97.3,96.39,97.36,96.45,,1.34%
2015-05-25,96.01,96.23,96.47,96.17,,-0.10%
2015-05-22,96.11,95.4,96.27,94.82,,0.90%
2015-05-21,95.25,95.59,95.65,94.97,,-0.21%
2015-05-20,95.45,95.31,95.84,95.26,,0.19%
2015-05-19,95.27,94.12,95.47,94.09,,1.11%
2015-05-18,94.22,93.23,94.27,93.27,,1.16%
2015-05-15,93.14,93.41,94.03,93.14,,-0.34%
2015-05-14,93.46,93.64,93.76,93.13,,-0.17%
2015-05-13,93.62,94.55,94.59,93.46,,-0.96%
2015-05-12,94.53,95.06,95.16,94.24,,-0.51%
2015-05-11,95.01,94.79,95.26,94.8,,0.23%
2015-05-08,94.79,94.64,95.06,94.32,,0.16%
2015-05-07,94.64,94.11,94.83,93.89,,0.58%
2015-05-06,94.09,95.18,95.22,93.88,,-1.04%
2015-05-05,95.08,95.44,95.95,94.88,,-0.42%
2015-05-04,95.48,95.25,95.64,95.04,,0.19%
2015-05-01,95.3,94.83,95.4,94.5,,0.74%
2015-04-30,94.6,95.2,95.45,94.4,,-0.64%
2015-04-29,95.21,96.12,96.18,94.68,,-0.92%
2015-04-28,96.09,96.79,96.93,96.01,,-0.70%
2015-04-27,96.77,96.95,97.28,96.47,,-0.15%
2015-04-24,96.92,97.33,97.56,96.75,,-0.37%
2015-04-23,97.28,98.05,98.42,97.14,,-0.66%
2015-04-22,97.93,97.95,98.12,97.43,,-0.07%
2015-04-21,98.0,97.95,98.45,97.64,,0.06%
2015-04-20,97.94,97.34,98.07,97.33,,0.43%
2015-04-17,97.52,97.65,97.82,97.0,,0.10%
2015-04-16,97.42,98.39,98.72,97.28,,-0.92%
2015-04-15,98.32,98.79,99.36,98.22,,-0.42%
2015-04-14,98.73,99.46,99.7,98.37,,-0.76%
2015-04-13,99.49,99.47,99.99,99.23,,0.15%
2015-04-10,99.34,98.97,99.69,98.84,,0.18%
2015-04-09,99.16,98.04,99.18,98.04,,1.25%
2015-04-08,97.94,97.86,98.2,97.25,,0.11%
2015-04-07,97.83,97.05,98.02,96.93,,1.08%
2015-04-06,96.78,96.59,97.24,96.33,,0.24%
2015-04-03,96.55,97.56,97.61,96.39,,-0.91%
2015-04-02,97.44,98.18,98.28,97.33,,-0.76%
2015-04-01,98.19,98.42,98.64,97.98,,-0.17%
2015-03-31,98.36,97.92,98.67,97.83,,0.40%
2015-03-30,97.97,97.37,98.07,97.42,,0.70%
2015-03-27,97.29,97.38,97.92,96.99,,-0.15%
2015-03-26,97.44,96.9,97.55,96.17,,0.47%
2015-03-25,96.98,97.22,97.3,96.54,,-0.22%
2015-03-24,97.19,96.92,97.38,96.39,,0.16%
2015-03-23,97.03,97.65,98.24,96.83,,-0.90%
2015-03-20,97.91,99.07,99.12,97.45,,-1.36%
2015-03-19,99.26,97.81,99.46,97.21,,0.72%
2015-03-18,98.55,99.63,99.8,96.63,,-1.03%
2015-03-17,99.58,99.68,99.83,99.23,,-0.02%
2015-03-16,99.6,100.32,100.27,99.32,,-0.73%
2015-03-13,100.33,99.21,100.39,99.2,,0.90%
2015-03-12,99.44,99.68,100.06,98.65,,-0.36%
2015-03-11,99.8,98.64,99.98,98.49,,1.20%
2015-03-10,98.62,97.73,98.81,97.78,,1.06%
2015-03-09,97.59,97.8,97.78,97.29,,-0.02%
2015-03-06,97.61,96.35,97.73,96.3,,1.28%
2015-03-05,96.38,95.95,96.59,95.84,,0.43%
2015-03-04,95.97,95.39,96.06,95.32,,0.62%
2015-03-03,95.38,95.5,95.57,95.1,,-0.08%
2015-03-02,95.46,95.38,95.51,95.06,,0.15%
2015-02-27,95.32,95.19,95.36,94.91,,0.03%
2015-02-26,95.29,94.19,95.36,94.06,,1.15%
2015-02-25,94.21,94.41,94.48,94.13,,-0.30%
2015-02-24,94.49,94.58,94.98,94.43,,-0.08%
2015-02-23,94.57,94.22,94.92,94.28,,0.24%
2015-02-20,94.34,94.41,94.79,94.05,,-0.06%
2015-02-19,94.4,94.11,94.45,93.83,,0.21%
2015-02-18,94.2,94.16,94.53,93.98,,0.15%
2015-02-17,94.06,94.42,94.51,93.8,,-0.15%
2015-02-16,94.2,94.1,94.54,93.9,,0.00%
2015-02-13,94.2,94.2,94.31,93.9,,0.12%
2015-02-12,94.09,94.88,94.97,93.98,,-0.94%
2015-02-11,94.98,94.69,95.11,94.64,,0.23%
2015-02-10,94.76,94.54,94.88,94.4,,0.33%
2015-02-09,94.45,94.81,94.88,94.36,,-1.46%
2015-02-06,95.85,93.6,95.85,93.52,,2.44%
2015-02-05,93.57,94.4,94.55,93.42,,-0.45%
2015-02-04,93.99,93.71,94.59,93.61,,0.42%
2015-02-03,93.6,94.57,94.7,93.25,,-0.95%
2015-02-02,94.5,94.58,94.88,94.37,,-0.32%
2015-01-30,94.8,94.67,94.92,94.43,,0.02%
2015-01-29,94.78,94.58,95.01,94.33,,0.33%
2015-01-28,94.47,94.19,94.69,93.97,,0.48%
2015-01-27,94.02,94.91,95.01,93.7,,-0.82%
2015-01-26,94.8,95.23,95.33,94.59,,0.04%
2015-01-23,94.76,94.21,95.48,94.11,,0.72%
2015-01-22,94.08,92.89,94.5,92.48,,1.27%
2015-01-21,92.9,93.07,93.09,92.15,,-0.16%
2015-01-20,93.05,92.66,93.1,92.55,,0.57%
2015-01-19,92.52,92.71,92.72,92.33,,0.00%
2015-01-16,92.52,92.1,93.26,92.08,,0.18%
2015-01-15,92.35,92.16,92.75,91.51,,0.21%
2015-01-14,92.16,92.23,92.42,91.61,,-0.16%
2015-01-13,92.31,92.03,92.43,91.81,,0.36%
2015-01-12,91.98,91.88,92.34,91.72,,0.04%
2015-01-09,91.94,92.31,92.5,91.89,,-0.47%
2015-01-08,92.37,91.94,92.53,91.94,,0.52%
2015-01-07,91.89,91.75,92.27,91.65,,0.43%
2015-01-06,91.5,91.38,91.81,91.12,,0.13%
2015-01-05,91.38,91.13,91.78,91.23,,0.33%
2015-01-02,91.08,90.36,91.16,90.33,,0.90%
2014-12-31,90.27,89.93,90.3,89.86,,0.31%
2014-12-30,89.99,90.19,90.33,89.81,,-0.22%
2014-12-29,90.19,89.98,90.27,89.79,,0.18%
2014-12-26,90.03,89.87,90.08,89.78,,0.07%
2014-12-24,89.97,90.04,90.08,89.81,,-0.10%
2014-12-23,90.06,89.77,90.16,89.63,,0.32%
2014-12-22,89.77,89.63,89.79,89.37,,0.19%
2014-12-19,89.6,89.24,89.65,89.18,,0.41%
2014-12-18,89.23,89.13,89.4,88.92,,0.11%
2014-12-17,89.13,88.02,89.14,87.9,,1.15%
2014-12-16,88.12,88.44,88.51,87.63,,-0.38%
2014-12-15,88.46,88.21,88.63,88.17,,0.11%
2014-12-12,88.36,88.59,88.64,88.11,,-0.34%
2014-12-11,88.66,87.93,88.79,87.91,,0.44%
2014-12-10,88.27,88.65,88.81,88.19,,-0.47%
2014-12-09,88.69,89.18,89.27,88.16,,-0.39%
2014-12-08,89.04,89.4,89.55,88.91,,-0.32%
2014-12-05,89.33,88.58,89.47,88.58,,0.71%
2014-12-04,88.7,88.94,89.12,88.21,,-0.29%
2014-12-03,88.96,88.6,89.0,88.58,,0.35%
2014-12-02,88.65,87.98,88.67,87.95,,0.80%
2014-12-01,87.95,88.16,88.45,87.78,,-0.46%
2014-11-28,88.36,88.07,88.39,87.94,,0.86%
2014-11-27,87.61,87.68,88.03,87.53,,0.00%
2014-11-26,87.61,87.84,88.04,87.52,,-0.35%
2014-11-25,87.92,88.2,88.33,87.82,,-0.26%
2014-11-24,88.15,88.44,88.44,88.07,,-0.18%
2014-11-21,88.31,87.63,88.39,87.45,,0.82%
2014-11-20,87.59,87.67,87.94,87.49,,-0.07%
2014-11-19,87.65,87.67,87.78,87.34,,0.08%
2014-11-18,87.58,87.93,87.97,87.51,,-0.40%
2014-11-17,87.93,87.51,88.0,87.18,,0.46%
2014-11-14,87.53,87.8,88.27,87.4,,-0.16%
2014-11-13,87.67,87.81,87.88,87.62,,-0.17%
2014-11-12,87.82,87.6,87.9,87.39,,0.33%
2014-11-11,87.53,87.81,88.06,87.36,,-0.32%
2014-11-10,87.81,87.43,87.83,87.22,,0.19%
2014-11-07,87.64,88.06,88.19,87.47,,-0.42%
2014-11-06,88.01,87.43,88.15,87.13,,0.65%
2014-11-05,87.44,87.01,87.61,86.94,,0.53%
2014-11-04,86.98,87.25,87.3,86.88,,-0.38%
2014-11-03,87.31,87.08,87.41,87.02,,0.45%
2014-10-31,86.92,86.18,87.13,86.15,,0.89%
2014-10-30,86.15,85.98,86.49,85.99,,0.23%
2014-10-29,85.95,85.4,86.05,85.19,,0.63%
2014-10-28,85.41,85.57,85.68,85.24,,-0.11%
2014-10-27,85.5,85.7,85.71,85.41,,-0.27%
2014-10-24,85.73,85.84,85.91,85.54,,-0.13%
2014-10-23,85.84,85.74,85.94,85.66,,0.12%
2014-10-22,85.74,85.38,85.79,85.23,,0.52%
2014-10-21,85.3,85.02,85.41,84.74,,0.41%
2014-10-20,84.95,85.28,85.38,84.91,,-0.19%
2014-10-17,85.11,84.91,85.25,84.76,,0.19%
2014-10-16,84.95,84.91,85.43,84.74,,-0.23%
2014-10-15,85.15,85.9,86.01,84.47,,-0.78%
2014-10-14,85.82,85.25,85.88,85.28,,0.34%
2014-10-13,85.53,85.82,85.75,85.06,,-0.44%
2014-10-10,85.91,85.55,85.98,85.4,,0.46%
2014-10-09,85.52,85.28,85.67,84.94,,0.26%
2014-10-08,85.3,85.61,85.92,85.2,,-0.43%
2014-10-07,85.67,85.79,86.1,85.55,,-0.30%
2014-10-06,85.93,86.64,86.67,85.64,,-0.88%
2014-10-03,86.69,85.62,86.75,85.63,,1.27%
2014-10-02,85.6,85.88,85.9,85.45,,-0.43%
2014-10-01,85.97,85.92,86.18,85.78,,0.03%
2014-09-30,85.94,85.61,86.22,85.49,,0.41%
2014-09-29,85.59,85.62,85.8,85.46,,-0.06%
2014-09-26,85.64,85.14,85.69,85.11,,0.53%
2014-09-25,85.19,85.1,85.48,85.05,,0.18%
2014-09-24,85.04,84.71,85.09,84.6,,0.45%
2014-09-23,84.66,84.68,84.76,84.36,,-0.11%
2014-09-22,84.75,84.78,84.86,84.52,,0.02%
2014-09-19,84.73,84.28,84.8,84.23,,0.49%
2014-09-18,84.32,84.8,84.74,84.22,,-0.02%
2014-09-17,84.34,84.1,84.78,83.94,,0.32%
2014-09-16,84.07,84.24,84.37,83.86,,-0.23%
2014-09-15,84.26,84.11,84.41,84.15,,0.02%
2014-09-12,84.24,84.27,84.41,84.08,,-0.07%
2014-09-11,84.3,84.2,84.34,84.07,,0.02%
2014-09-10,84.28,84.14,84.42,84.05,,0.00%
2014-09-09,84.28,84.31,84.52,84.03,,0.06%
2014-09-08,84.23,83.83,84.35,83.8,,0.59%
2014-09-05,83.74,83.84,83.94,83.56,,-0.10%
2014-09-04,83.82,82.84,83.86,82.84,,1.16%
2014-09-03,82.86,82.97,83.06,82.83,,-0.16%
2014-09-02,82.99,82.76,83.04,82.75,,0.29%
2014-09-01,82.75,82.77,82.8,82.67,,0.00%
2014-08-29,82.75,82.48,82.75,82.42,,0.33%
2014-08-28,82.48,82.47,82.59,82.31,,0.06%
2014-08-27,82.43,82.67,82.73,82.4,,-0.27%
2014-08-26,82.65,82.59,82.7,82.43,,0.12%
2014-08-25,82.55,82.61,82.59,82.45,,0.26%
2014-08-22,82.34,82.16,82.46,82.06,,0.23%
2014-08-21,82.15,82.24,82.36,82.1,,-0.10%
2014-08-20,82.23,81.87,82.28,81.87,,0.43%
2014-08-19,81.88,81.58,81.9,81.59,,0.37%
2014-08-18,81.58,81.43,81.61,81.38,,0.20%
2014-08-15,81.42,81.6,81.62,81.38,,-0.21%
2014-08-14,81.59,81.61,81.69,81.41,,-0.01%
2014-08-13,81.6,81.52,81.68,81.36,,0.12%
2014-08-12,81.5,81.46,81.68,81.47,,0.04%
2014-08-11,81.47,81.42,81.49,81.4,,0.02%
2014-08-08,81.45,81.53,81.6,81.26,,-0.09%
2014-08-07,81.52,81.42,81.64,81.38,,0.10%
2014-08-06,81.44,81.54,81.72,81.4,,0.14%
2014-08-05,81.33,81.32,81.63,81.29,,0.00%
2014-08-04,81.33,81.3,81.38,81.29,,0.04%
2014-08-01,81.3,81.44,81.53,81.19,,-0.20%
2014-07-31,81.46,81.42,81.57,81.38,,0.04%
2014-07-30,81.43,81.21,81.55,81.18,,0.27%
2014-07-29,81.21,81.01,81.25,80.99,,0.22%
2014-07-28,81.03,81.04,81.05,80.98,,0.00%
2014-07-25,81.03,80.86,81.08,80.8,,0.20%
2014-07-24,80.87,80.83,80.91,80.73,,0.06%
2014-07-23,80.82,80.78,80.83,80.72,,0.05%
2014-07-22,80.78,80.56,80.84,80.54,,0.27%
2014-07-21,80.56,80.52,80.6,80.42,,0.05%
2014-07-18,80.52,80.54,80.69,80.48,,0.02%
2014-07-17,80.5,80.53,80.59,80.47,,-0.07%
2014-07-16,80.56,80.39,80.58,80.38,,0.21%
2014-07-15,80.39,80.17,80.41,80.14,,0.25%
2014-07-14,80.19,80.22,80.25,80.08,,0.00%
2014-07-11,80.19,80.12,80.23,80.03,,0.07%
2014-07-10,80.13,80.02,80.2,79.98,,0.18%
2014-07-09,79.99,80.17,80.23,79.98,,-0.24%
2014-07-08,80.18,80.22,80.3,80.14,,-0.05%
2014-07-07,80.22,80.25,80.36,80.19,,-0.06%
2014-07-04,80.27,80.22,80.3,80.18,,0.07%
2014-07-03,80.21,79.95,80.31,79.95,,0.31%
2014-07-02,79.96,79.81,80.0,79.8,,0.19%
2014-07-01,79.81,79.79,79.87,79.74,,0.04%
2014-06-30,79.78,80.04,80.08,79.76,,-0.30%
2014-06-27,80.02,80.21,80.22,80.01,,-0.25%
2014-06-26,80.22,80.21,80.38,80.14,,0.00%
2014-06-25,80.22,80.32,80.35,80.09,,-0.14%
2014-06-24,80.33,80.27,80.43,80.19,,0.07%
2014-06-23,80.27,80.37,80.4,80.23,,-0.12%
2014-06-20,80.37,80.31,80.49,80.2,,0.06%
2014-06-19,80.32,80.41,80.41,80.15,,-0.32%
2014-06-18,80.58,80.61,80.67,80.36,,-0.06%
2014-06-17,80.63,80.45,80.66,80.4,,0.20%
2014-06-16,80.47,80.61,80.71,80.42,,-0.14%
2014-06-13,80.58,80.58,80.71,80.44,,0.00%
2014-06-12,80.58,80.77,80.82,80.52,,-0.24%
2014-06-11,80.77,80.79,80.9,80.67,,-0.06%
2014-06-10,80.82,80.63,80.86,80.55,,0.21%
2014-06-09,80.65,80.43,80.69,80.3,,0.30%
2014-06-06,80.41,80.36,80.53,80.24,,0.05%
2014-06-05,80.37,80.65,81.02,80.32,,-0.36%
2014-06-04,80.66,80.56,80.68,80.48,,0.14%
2014-06-03,80.55,80.63,80.66,80.43,,-0.11%
2014-06-02,80.64,80.36,80.68,80.39,,0.34%
2014-05-30,80.37,80.49,80.5,80.31,,-0.15%
2014-05-29,80.49,80.54,80.56,80.36,,-0.10%
2014-05-28,80.57,80.34,80.58,80.32,,0.27%
2014-05-27,80.35,80.29,80.47,80.17,,-0.05%
2014-05-26,80.39,80.4,80.43,80.24,,0.00%
2014-05-23,80.39,80.23,80.44,80.23,,0.17%
2014-05-22,80.25,80.07,80.28,80.07,,0.20%
2014-05-21,80.09,80.04,80.3,79.89,,0.06%
2014-05-20,80.04,80.03,80.13,80.0,,0.06%
2014-05-19,79.99,80.08,80.08,79.88,,-0.06%
2014-05-16,80.04,80.01,80.12,79.97,,0.05%
2014-05-15,80.0,80.06,80.34,79.92,,-0.09%
2014-05-14,80.07,80.1,80.12,79.99,,-0.09%
2014-05-13,80.14,79.9,80.18,79.86,,0.30%
2014-05-12,79.9,79.9,79.92,79.78,,0.00%
2014-05-09,79.9,79.43,79.92,79.42,,0.68%
2014-05-08,79.36,79.23,79.47,78.91,,0.20%
2014-05-07,79.2,79.14,79.25,79.09,,0.14%
2014-05-06,79.09,79.5,79.52,79.06,,-0.50%
2014-05-05,79.49,79.48,79.53,79.43,,-0.04%
2014-05-02,79.52,79.52,79.85,79.47,,-0.01%
2014-05-01,79.53,79.52,79.54,79.41,,0.08%
2014-04-30,79.47,79.81,79.92,79.46,,-0.43%
2014-04-29,79.81,79.7,79.84,79.59,,0.16%
2014-04-28,79.68,79.74,79.84,79.55,,-0.09%
2014-04-25,79.75,79.75,79.8,79.66,,-0.06%
2014-04-24,79.8,79.85,79.97,79.75,,-0.08%
2014-04-23,79.86,79.89,79.92,79.7,,-0.06%
2014-04-22,79.91,79.96,79.99,79.79,,-0.04%
2014-04-21,79.94,79.89,79.99,79.79,,0.14%
2014-04-18,79.83,79.86,79.89,79.81,,0.00%
2014-04-17,79.83,79.81,79.88,79.58,,0.04%
2014-04-16,79.8,79.78,79.87,79.65,,0.00%
2014-04-15,79.8,79.75,79.9,79.69,,0.09%
2014-04-14,79.73,79.62,79.83,79.56,,0.35%
2014-04-11,79.45,79.41,79.57,79.36,,0.09%
2014-04-10,79.38,79.51,79.57,79.33,,-0.13%
2014-04-09,79.48,79.79,79.88,79.47,,-0.34%
2014-04-08,79.75,80.22,80.23,79.71,,-0.60%
2014-04-07,80.23,80.44,80.45,80.19,,-0.24%
2014-04-04,80.42,80.45,80.6,80.34,,-0.06%
2014-04-03,80.47,80.23,80.53,80.12,,0.31%
2014-04-02,80.22,80.06,80.28,80.0,,0.16%
2014-04-01,80.09,80.1,80.13,79.97,,-0.01%
2014-03-31,80.1,80.15,80.3,79.96,,-0.10%
2014-03-28,80.18,80.15,80.25,80.06,,0.09%
2014-03-27,80.11,80.04,80.2,79.95,,0.10%
2014-03-26,80.03,79.94,80.14,79.92,,0.11%
2014-03-25,79.94,79.93,80.27,79.86,,0.01%
2014-03-24,79.93,80.09,80.29,79.75,,-0.22%
2014-03-21,80.11,80.18,80.23,80.03,,-0.10%
2014-03-20,80.19,80.0,80.35,79.92,,0.24%
2014-03-19,80.0,79.38,80.11,79.36,,0.74%
2014-03-18,79.41,79.39,79.54,79.31,,0.03%
2014-03-17,79.39,79.43,79.56,79.28,,-0.08%
2014-03-14,79.45,79.61,79.7,79.31,,-0.21%
2014-03-13,79.62,79.59,79.69,79.27,,0.01%
2014-03-12,79.61,79.81,79.86,79.55,,-0.16%
2014-03-11,79.74,79.75,79.93,79.71,,-0.04%
2014-03-10,79.77,79.69,79.83,79.63,,0.06%
2014-03-07,79.72,79.66,79.85,79.43,,0.08%
2014-03-06,79.66,80.12,80.2,79.59,,-0.56%
2014-03-05,80.11,80.14,80.27,80.05,,-0.07%
2014-03-04,80.17,80.07,80.21,79.92,,0.11%
2014-03-03,80.08,79.9,80.1,79.77,,0.49%
2014-02-28,79.69,80.28,80.31,79.69,,-0.73%
2014-02-27,80.28,80.42,80.58,80.23,,-0.19%
2014-02-26,80.43,80.15,80.52,80.09,,0.36%
2014-02-25,80.14,80.22,80.26,80.02,,-0.07%
2014-02-24,80.2,80.28,80.37,80.11,,-0.05%
2014-02-21,80.24,80.3,80.41,80.18,,-0.06%
2014-02-20,80.29,80.22,80.42,80.03,,0.19%
2014-02-19,80.14,79.97,80.23,79.93,,0.16%
2014-02-18,80.01,80.17,80.23,79.96,,-0.16%
2014-02-17,80.14,80.08,80.18,79.95,,-0.01%
2014-02-14,80.15,80.32,80.33,80.06,,-0.21%
2014-02-13,80.32,80.7,80.71,80.19,,-0.45%
2014-02-12,80.68,80.62,80.83,80.49,,0.05%
2014-02-11,80.64,80.63,80.67,80.45,,0.00%
2014-02-10,80.64,80.77,80.76,80.59,,-0.06%
2014-02-07,80.69,80.89,81.01,80.6,,-0.27%
2014-02-06,80.91,81.05,81.23,80.72,,-0.16%
2014-02-05,81.04,81.12,81.24,80.9,,-0.10%
2014-02-04,81.12,81.08,81.22,80.99,,0.14%
2014-02-03,81.01,81.28,81.32,80.99,,-0.37%
2014-01-31,81.31,81.04,81.32,80.99,,0.28%
2014-01-30,81.08,80.57,81.14,80.55,,0.72%
2014-01-29,80.5,80.66,80.82,80.44,,-0.09%
2014-01-28,80.57,80.49,80.76,80.39,,0.06%
2014-01-27,80.52,80.46,80.56,80.3,,0.07%
2014-01-24,80.46,80.47,80.56,80.15,,0.02%
2014-01-23,80.44,81.23,81.31,80.41,,-0.90%
2014-01-22,81.17,81.11,81.21,80.96,,0.09%
2014-01-21,81.1,81.18,81.39,81.04,,-0.15%
2014-01-20,81.22,81.17,81.3,81.04,,0.00%
2014-01-17,81.22,80.93,81.3,80.91,,0.38%
2014-01-16,80.91,81.05,81.12,80.77,,-0.15%
2014-01-15,81.03,80.66,81.13,80.65,,0.46%
2014-01-14,80.66,80.58,80.7,80.44,,0.19%
2014-01-13,80.51,80.58,80.75,80.47,,-0.19%
2014-01-10,80.66,80.95,81.14,80.53,,-0.42%
2014-01-09,81.0,81.08,81.19,80.85,,-0.02%
2014-01-08,81.02,80.91,81.17,80.83,,0.24%
2014-01-07,80.83,80.69,80.95,80.6,,0.22%
2014-01-06,80.65,80.86,80.91,80.54,,-0.17%
2014-01-03,80.79,80.57,80.89,80.49,,0.20%
2014-01-02,80.63,80.12,80.71,80.08,,0.75%
2014-01-01,80.03,80.21,80.24,80.1,,0.00%
2013-12-31,80.03,80.0,80.22,79.97,,0.04%
2013-12-30,80.0,80.29,80.43,79.93,,-0.49%
2013-12-27,80.39,80.51,80.52,79.69,,-0.11%
2013-12-26,80.48,80.59,80.62,80.44,,0.04%
2013-12-25,80.45,80.54,80.6,80.45,,0.00%
2013-12-24,80.45,80.44,80.61,80.43,,0.00%
2013-12-23,80.45,80.53,80.55,80.31,,-0.16%
2013-12-20,80.58,80.67,80.83,80.39,,-0.06%
2013-12-19,80.63,80.52,80.67,80.47,,0.65%
2013-12-18,80.11,80.05,80.62,79.81,,0.06%
2013-12-17,80.06,80.1,80.28,79.98,,-0.01%
2013-12-16,80.07,80.23,80.22,79.92,,-0.17%
2013-12-13,80.21,80.23,80.42,80.16,,0.00%
2013-12-12,80.21,79.9,80.25,79.85,,0.40%
2013-12-11,79.89,79.98,80.06,79.76,,-0.10%
2013-12-10,79.97,80.13,80.18,79.84,,-0.20%
2013-12-09,80.13,80.25,80.33,80.12,,-0.22%
2013-12-06,80.31,80.3,80.61,80.22,,0.10%
2013-12-05,80.23,80.64,80.83,80.23,,-0.48%
2013-12-04,80.62,80.63,80.91,80.54,,-0.37%
2013-12-03,80.92,80.89,80.99,80.5,,0.00%
2013-12-02,80.92,80.66,80.96,80.5,,0.30%
2013-11-29,80.68,80.57,80.68,80.49,,-0.05%
2013-11-28,80.72,80.73,80.75,80.54,,0.00%
2013-11-27,80.72,80.64,80.79,80.48,,0.14%
2013-11-26,80.61,80.8,80.9,80.6,,-0.38%
2013-11-25,80.92,80.69,81.02,80.68,,0.26%
2013-11-22,80.71,81.02,81.09,80.64,,-0.44%
2013-11-21,81.07,81.06,81.29,80.95,,-0.05%
2013-11-20,81.11,80.58,81.13,80.53,,0.51%
2013-11-19,80.7,80.74,80.84,80.49,,-0.16%
2013-11-18,80.83,80.82,80.92,80.56,,-0.02%
2013-11-15,80.85,81.03,81.15,80.78,,-0.21%
2013-11-14,81.02,80.81,81.21,80.74,,0.11%
2013-11-13,80.93,81.13,81.28,80.73,,-0.32%
2013-11-12,81.19,81.09,81.46,81.02,,0.12%
2013-11-11,81.09,81.29,81.34,81.06,,-0.26%
2013-11-08,81.3,80.89,81.48,80.78,,0.57%
2013-11-07,80.84,80.52,81.46,80.44,,0.45%
2013-11-06,80.48,80.69,80.72,80.38,,-0.28%
2013-11-05,80.71,80.56,80.81,80.5,,0.20%
2013-11-04,80.55,80.69,80.93,80.53,,-0.21%
2013-11-01,80.72,80.23,80.78,80.25,,0.66%
2013-10-31,80.19,79.79,80.27,79.68,,0.51%
2013-10-30,79.78,79.61,79.91,79.45,,0.21%
2013-10-29,79.61,79.32,79.67,79.29,,0.45%
2013-10-28,79.25,79.23,79.38,79.15,,0.08%
2013-10-25,79.19,79.21,79.32,79.0,,0.00%
2013-10-24,79.19,79.28,79.32,79.08,,-0.09%
2013-10-23,79.26,79.26,79.39,79.14,,0.04%
2013-10-22,79.23,79.73,79.79,79.18,,-0.58%
2013-10-21,79.69,79.62,79.82,79.64,,0.05%
2013-10-18,79.65,79.69,79.76,79.48,,0.00%
2013-10-17,79.65,80.52,80.56,79.61,,-1.02%
2013-10-16,80.47,80.44,80.75,80.28,,-0.01%
2013-10-15,80.48,80.38,80.7,80.25,,0.27%
2013-10-14,80.26,80.29,80.39,80.13,,-0.19%
2013-10-11,80.41,80.46,80.54,80.24,,-0.01%
2013-10-10,80.42,80.41,80.59,80.36,,0.05%
2013-10-09,80.38,79.91,80.57,79.88,,0.40%
2013-10-08,80.06,79.93,80.08,79.84,,0.15%
2013-10-07,79.94,80.06,80.14,79.9,,-0.24%
2013-10-04,80.13,79.72,80.19,79.68,,0.48%
2013-10-03,79.75,79.9,79.92,79.63,,-0.19%
2013-10-02,79.9,80.21,80.28,79.78,,-0.30%
2013-10-01,80.14,80.27,80.32,79.86,,-0.10%
2013-09-30,80.22,80.34,80.38,80.03,,-0.09%
2013-09-27,80.29,80.54,80.59,80.11,,-0.29%
2013-09-26,80.52,80.36,80.65,80.31,,0.24%
2013-09-25,80.33,80.59,80.63,80.29,,-0.29%
2013-09-24,80.56,80.46,80.62,80.4,,0.14%
2013-09-23,80.45,80.32,80.53,80.28,,0.02%
2013-09-20,80.43,80.36,80.58,80.3,,0.07%
2013-09-19,80.37,80.24,80.45,80.07,,0.16%
2013-09-18,80.24,81.16,81.22,80.06,,-1.11%
2013-09-17,81.14,81.28,81.35,81.11,,-0.20%
2013-09-16,81.3,81.23,81.31,80.97,,-0.18%
2013-09-13,81.45,81.54,81.74,81.4,,-0.05%
2013-09-12,81.49,81.52,81.69,81.36,,-0.04%
2013-09-11,81.52,81.83,81.94,81.44,,-0.37%
2013-09-10,81.82,81.82,81.98,81.72,,0.04%
2013-09-09,81.79,82.26,82.31,81.7,,-0.44%
2013-09-06,82.15,82.63,82.63,82.04,,-0.58%
2013-09-05,82.63,82.2,82.67,82.1,,0.56%
2013-09-04,82.17,82.37,82.43,82.08,,-0.23%
2013-09-03,82.36,82.3,82.52,82.23,,0.33%
2013-09-02,82.09,82.05,82.31,82.02,,0.00%
2013-08-30,82.09,81.99,82.26,81.89,,0.17%
2013-08-29,81.95,81.42,82.07,81.38,,0.64%
2013-08-28,81.43,81.13,81.6,81.11,,0.32%
2013-08-27,81.17,81.37,81.57,81.11,,-0.29%
2013-08-26,81.41,81.34,81.51,81.27,,0.06%
2013-08-23,81.36,81.42,81.66,81.22,,-0.16%
2013-08-22,81.49,81.38,81.72,81.38,,0.34%
2013-08-21,81.21,80.94,81.41,80.9,,0.37%
2013-08-20,80.91,81.26,81.34,80.75,,-0.39%
2013-08-19,81.23,81.3,81.39,81.14,,-0.04%
2013-08-16,81.26,81.18,81.4,81.05,,0.10%
2013-08-15,81.18,81.69,81.94,81.1,,-0.65%
2013-08-14,81.71,81.77,81.85,81.61,,-0.07%
2013-08-13,81.77,81.51,81.88,81.4,,0.54%
2013-08-12,81.33,81.24,81.51,81.1,,0.25%
2013-08-09,81.13,81.04,81.17,80.94,,0.19%
2013-08-08,80.98,81.25,81.36,80.87,,-0.38%
2013-08-07,81.29,81.54,81.82,81.23,,-0.38%
2013-08-06,81.6,81.87,81.96,81.51,,-0.34%
2013-08-05,81.88,81.92,82.08,81.75,,-0.04%
2013-08-02,81.91,82.37,82.49,81.82,,-0.52%
2013-08-01,82.34,81.66,82.41,81.61,,1.09%
2013-07-31,81.45,81.87,82.19,81.41,,-0.46%
2013-07-30,81.83,81.71,81.98,81.58,,0.21%
2013-07-29,81.66,81.6,81.83,81.5,,0.00%
2013-07-26,81.66,81.78,81.83,81.55,,-0.38%
2013-07-25,81.97,82.3,82.4,81.62,,-0.39%
2013-07-24,82.29,82.02,82.41,81.94,,0.43%
2013-07-23,81.94,82.18,82.38,81.93,,-0.34%
2013-07-22,82.22,82.61,82.55,82.05,,-0.48%
2013-07-19,82.62,82.8,82.94,82.52,,-0.24%
2013-07-18,82.82,82.68,83.03,82.62,,0.13%
2013-07-17,82.71,82.56,82.89,82.34,,0.25%
2013-07-16,82.5,83.11,83.11,82.39,,-0.65%
2013-07-15,83.04,82.91,83.46,82.88,,0.06%
2013-07-12,82.99,82.75,83.24,82.72,,0.29%
2013-07-11,82.75,82.61,83.25,82.42,,-1.53%
2013-07-10,84.04,84.66,84.73,83.07,,-0.64%
2013-07-09,84.58,84.22,84.75,84.08,,0.46%
2013-07-08,84.19,84.54,84.59,84.15,,-0.30%
2013-07-05,84.44,83.85,84.53,83.83,,1.45%
2013-07-04,83.23,83.22,83.91,83.15,,0.00%
2013-07-03,83.23,83.6,83.72,83.09,,-0.37%
2013-07-02,83.54,82.99,83.61,82.97,,0.59%
2013-07-01,83.05,83.18,83.23,82.97,,-0.11%
2013-06-28,83.14,83.0,83.34,82.75,,0.29%
2013-06-27,82.9,82.93,83.17,82.77,,-0.10%
2013-06-26,82.98,82.69,83.03,82.51,,0.48%
2013-06-25,82.58,82.39,82.72,82.24,,0.19%
2013-06-24,82.42,82.55,82.84,82.31,,0.01%
2013-06-21,82.41,81.66,82.52,81.6,,0.60%
2013-06-20,81.92,81.41,82.14,81.27,,0.60%
2013-06-19,81.43,80.73,81.5,80.5,,1.02%
2013-06-18,80.61,80.65,80.99,80.56,,-0.22%
2013-06-17,80.79,80.63,80.88,80.53,,0.21%
2013-06-14,80.62,80.74,81.01,80.59,,-0.16%
2013-06-13,80.75,80.92,80.98,80.5,,-0.25%
2013-06-12,80.95,81.09,81.31,80.75,,-0.20%
2013-06-11,81.11,81.7,81.75,81.03,,-0.66%
2013-06-10,81.65,81.84,82.09,81.6,,-0.02%
2013-06-07,81.67,81.56,81.85,81.09,,0.16%
2013-06-06,81.54,82.53,82.68,81.08,,-1.27%
2013-06-05,82.59,82.81,82.89,82.49,,-0.22%
2013-06-04,82.77,82.72,82.98,82.6,,0.13%
2013-06-03,82.66,83.32,83.38,82.43,,-0.72%
2013-05-31,83.26,83.05,83.6,83.02,,0.26%
2013-05-30,83.04,83.64,83.71,82.95,,-0.74%
2013-05-29,83.66,84.31,84.37,83.47,,-0.52%
2013-05-28,84.1,83.66,84.3,83.65,,0.48%
2013-05-27,83.7,83.59,83.7,83.51,,0.00%
2013-05-24,83.7,83.79,83.96,83.43,,-0.12%
2013-05-23,83.8,84.33,84.5,83.6,,-0.65%
2013-05-22,84.35,83.79,84.42,83.46,,0.58%
2013-05-21,83.86,83.79,84.2,83.65,,0.14%
2013-05-20,83.74,84.14,84.26,83.7,,-0.61%
2013-05-17,84.25,83.75,84.37,83.73,,0.79%
2013-05-16,83.59,83.83,84.0,83.45,,-0.29%
2013-05-15,83.83,83.61,84.09,83.54,,0.29%
2013-05-14,83.59,83.22,83.69,82.96,,0.37%
2013-05-13,83.28,83.26,83.36,83.07,,0.17%
2013-05-10,83.14,82.69,83.44,82.68,,0.42%
2013-05-09,82.79,81.92,82.82,81.78,,1.09%
2013-05-08,81.9,82.28,82.32,81.72,,-0.43%
2013-05-07,82.25,82.33,82.35,82.06,,-0.07%
2013-05-06,82.31,82.11,82.41,81.98,,0.26%
2013-05-03,82.1,82.22,82.52,81.91,,-0.15%
2013-05-02,82.22,81.62,82.35,81.5,,0.91%
2013-05-01,81.48,81.71,81.74,81.33,,-0.33%
2013-04-30,81.75,82.15,82.27,81.6,,-0.49%
2013-04-29,82.15,82.36,82.45,82.03,,-0.39%
2013-04-26,82.47,82.8,82.81,82.39,,-0.33%
2013-04-25,82.74,82.92,82.94,82.4,,-0.37%
2013-04-24,83.05,83.01,83.19,82.85,,0.00%
2013-04-23,83.05,82.64,83.06,82.52,,0.45%
2013-04-22,82.68,82.74,82.91,82.63,,-0.04%
2013-04-19,82.71,82.57,82.78,82.31,,0.18%
2013-04-18,82.56,82.64,82.66,82.35,,-0.15%
2013-04-17,82.68,81.82,82.7,81.81,,1.14%
2013-04-16,81.75,82.34,82.52,81.72,,-0.81%
2013-04-15,82.42,82.12,82.44,82.12,,0.35%
2013-04-12,82.13,82.22,82.49,82.05,,-0.15%
2013-04-11,82.25,82.53,82.58,82.07,,-0.34%
2013-04-10,82.53,82.38,82.57,82.23,,0.27%
2013-04-09,82.31,82.73,82.7,82.28,,-0.53%
2013-04-08,82.75,82.75,82.83,82.48,,0.30%
2013-04-05,82.5,82.76,82.89,82.27,,-0.22%
2013-04-04,82.68,82.73,83.49,82.63,,-0.05%
2013-04-03,82.72,82.89,83.06,82.62,,-0.24%
2013-04-02,82.92,82.72,82.95,82.49,,0.23%
2013-04-01,82.73,83.05,83.18,82.65,,-0.59%
2013-03-29,83.22,83.01,83.07,82.86,,0.28%
2013-03-28,82.99,83.2,83.26,82.83,,-0.28%
2013-03-27,83.22,82.87,83.3,82.84,,0.41%
2013-03-26,82.88,82.88,82.98,82.72,,0.06%
2013-03-25,82.83,82.52,82.95,82.15,,0.36%
2013-03-22,82.53,82.81,82.83,82.29,,-0.25%
2013-03-21,82.74,82.88,83.02,82.68,,-0.05%
2013-03-20,82.78,83.03,83.03,82.57,,-0.25%
2013-03-19,82.99,82.71,83.1,82.62,,0.36%
2013-03-18,82.69,82.6,82.88,82.44,,0.68%
2013-03-15,82.13,82.54,82.61,82.05,,-0.58%
2013-03-14,82.61,82.9,83.17,82.43,,-0.34%
2013-03-13,82.89,82.6,83.06,82.33,,0.38%
2013-03-12,82.58,82.66,82.79,82.41,,0.01%
2013-03-11,82.57,82.78,82.83,82.52,,-0.18%
2013-03-08,82.72,82.1,82.92,82.07,,0.78%
2013-03-07,82.08,82.56,82.59,81.96,,-0.46%
2013-03-06,82.46,82.06,82.6,81.92,,0.45%
2013-03-05,82.09,82.13,82.24,81.9,,-0.12%
2013-03-04,82.19,82.32,82.47,82.16,,-0.11%
2013-03-01,82.28,81.92,82.51,81.78,,0.40%
2013-02-28,81.95,81.51,82.0,81.47,,0.43%
2013-02-27,81.6,81.85,81.92,81.5,,-0.33%
2013-02-26,81.87,81.81,81.95,81.58,,0.24%
2013-02-25,81.67,81.53,81.92,81.07,,0.26%
2013-02-22,81.46,81.37,81.59,81.17,,0.00%
2013-02-21,81.46,81.06,81.51,81.03,,0.48%
2013-02-20,81.07,80.43,81.12,80.27,,0.75%
2013-02-19,80.47,80.64,80.68,80.42,,-0.14%
2013-02-18,80.58,80.55,80.73,80.52,,0.00%
2013-02-15,80.58,80.42,80.6,80.22,,0.15%
2013-02-14,80.46,80.07,80.62,80.05,,0.46%
2013-02-13,80.09,80.04,80.18,79.84,,-0.02%
2013-02-12,80.11,80.35,80.51,79.92,,-0.25%
2013-02-11,80.31,80.25,80.4,80.11,,0.12%
2013-02-08,80.21,80.25,80.28,79.94,,0.02%
2013-02-07,80.19,79.74,80.28,79.54,,0.59%
2013-02-06,79.72,79.54,79.86,79.49,,0.29%
2013-02-05,79.49,79.58,79.78,79.45,,-0.08%
2013-02-04,79.55,79.23,79.61,79.18,,0.43%
2013-02-01,79.21,79.13,79.3,78.92,,0.00%
2013-01-31,79.21,79.24,79.37,79.13,,-0.09%
2013-01-30,79.28,79.58,79.62,79.18,,-0.35%
2013-01-29,79.56,79.78,79.86,79.52,,-0.24%
2013-01-28,79.75,79.79,79.93,79.72,,0.00%
2013-01-25,79.75,80.01,80.09,79.68,,-0.25%
2013-01-24,79.95,79.99,80.15,79.86,,0.04%
2013-01-23,79.92,79.87,80.13,79.7,,0.06%
2013-01-22,79.87,80.06,80.09,79.69,,-0.21%
2013-01-21,80.04,80.11,80.09,79.91,,0.00%
2013-01-18,80.04,79.68,80.19,79.65,,0.49%
2013-01-17,79.65,79.86,79.9,79.57,,-0.19%
2013-01-16,79.8,79.69,79.9,79.61,,0.03%
2013-01-15,79.78,79.5,79.87,79.39,,0.36%
2013-01-14,79.49,79.48,79.65,79.34,,-0.09%
2013-01-11,79.56,79.79,79.86,79.44,,-0.23%
2013-01-10,79.74,80.6,80.67,79.67,,-1.02%
2013-01-09,80.56,80.3,80.64,80.29,,0.27%
2013-01-08,80.34,80.15,80.45,80.11,,0.10%
2013-01-07,80.26,80.46,80.68,80.11,,-0.30%
2013-01-04,80.5,80.57,80.87,80.41,,0.15%
2013-01-03,80.38,79.81,80.59,79.8,,0.68%
2013-01-02,79.84,79.75,79.93,79.28,,0.09%
2013-01-01,79.77,79.69,79.82,79.65,,0.00%
2012-12-31,79.77,79.67,79.85,79.58,,0.11%
2012-12-28,79.68,79.66,79.93,79.59,,0.08%
2012-12-27,79.62,79.54,79.79,79.36,,0.00%
2012-12-26,79.62,79.68,79.77,79.42,,-0.03%
2012-12-25,79.64,79.66,79.78,79.55,,0.00%
2012-12-24,79.64,79.62,79.71,79.37,,0.03%
2012-12-21,79.62,79.32,79.65,79.27,,0.45%
2012-12-20,79.26,79.36,79.42,79.03,,-0.01%
2012-12-19,79.27,79.31,79.46,79.01,,-0.11%
2012-12-18,79.36,79.57,79.61,79.26,,-0.26%
2012-12-17,79.57,79.65,79.7,79.47,,-0.01%
2012-12-14,79.58,79.95,79.98,79.5,,-0.44%
2012-12-13,79.93,79.86,80.04,79.79,,0.15%
2012-12-12,79.81,80.05,80.13,79.71,,-0.31%
2012-12-11,80.06,80.31,80.37,80.0,,-0.34%
2012-12-10,80.33,80.56,80.57,80.28,,-0.10%
2012-12-07,80.41,80.25,80.66,80.23,,0.19%
2012-12-06,80.26,79.81,80.32,79.73,,0.61%
2012-12-05,79.77,79.59,79.86,79.57,,0.16%
2012-12-04,79.64,79.89,79.92,79.61,,-0.30%
2012-12-03,79.88,80.24,80.24,79.8,,-0.34%
2012-11-30,80.15,80.21,80.33,80.03,,-0.06%
2012-11-29,80.2,80.33,80.35,80.02,,-0.17%
2012-11-28,80.34,80.38,80.59,80.24,,-0.07%
2012-11-27,80.4,80.11,80.47,80.02,,0.19%
2012-11-26,80.25,80.25,80.31,80.03,,0.07%
2012-11-23,80.19,80.73,80.75,80.13,,-0.91%
2012-11-22,80.93,80.8,80.93,80.61,,0.00%
2012-11-21,80.93,80.92,81.27,80.74,,-0.04%
2012-11-20,80.96,81.0,81.06,80.8,,0.11%
2012-11-19,80.87,81.2,81.2,80.79,,-0.48%
2012-11-16,81.26,81.02,81.45,81.0,,0.22%
2012-11-15,81.08,81.15,81.21,80.93,,0.02%
2012-11-14,81.06,81.05,81.15,80.9,,-0.02%
2012-11-13,81.08,81.1,81.24,80.97,,0.06%
2012-11-12,81.03,81.03,81.1,80.91,,0.00%
2012-11-09,81.03,80.85,81.09,80.61,,0.30%
2012-11-08,80.79,80.84,81.0,80.72,,0.04%
2012-11-07,80.76,80.64,80.92,80.28,,0.19%
2012-11-06,80.61,80.7,80.82,80.56,,-0.17%
2012-11-05,80.75,80.62,80.84,80.5,,0.20%
2012-11-02,80.59,80.04,80.61,80.02,,0.67%
2012-11-01,80.05,79.95,80.11,79.86,,0.16%
2012-10-31,79.92,79.92,80.0,79.67,,-0.01%
2012-10-30,79.93,80.23,80.28,79.83,,-0.37%
2012-10-29,80.23,80.02,80.33,80.06,,0.20%
2012-10-26,80.07,80.11,80.27,79.92,,0.04%
2012-10-25,80.04,79.96,80.14,79.7,,0.16%
2012-10-24,79.91,79.95,80.15,79.82,,-0.09%
2012-10-23,79.98,79.55,80.06,79.53,,0.41%
2012-10-22,79.65,79.63,79.67,79.47,,0.04%
2012-10-19,79.62,79.33,79.66,79.32,,0.31%
2012-10-18,79.37,79.09,79.41,79.0,,0.44%
2012-10-17,79.02,79.2,79.21,78.94,,-0.49%
2012-10-16,79.41,79.72,79.75,79.17,,-0.41%
2012-10-15,79.74,79.69,79.97,79.6,,0.09%
2012-10-12,79.67,79.79,79.83,79.51,,-0.14%
2012-10-11,79.78,80.06,80.2,79.7,,-0.18%
2012-10-10,79.92,80.04,80.19,79.83,,-0.04%
2012-10-09,79.95,79.6,80.07,79.5,,0.52%
2012-10-08,79.54,79.36,79.71,79.36,,0.25%
2012-10-05,79.34,79.37,79.45,79.1,,-0.01%
2012-10-04,79.35,79.86,79.91,79.27,,-0.78%
2012-10-03,79.97,79.79,80.0,79.72,,0.29%
2012-10-02,79.74,79.81,79.85,79.48,,-0.10%
2012-10-01,79.82,79.95,80.15,79.58,,-0.15%
2012-09-28,79.94,79.56,80.0,79.36,,0.49%
2012-09-27,79.55,79.82,79.96,79.49,,-0.43%
2012-09-26,79.89,79.68,80.01,79.61,,0.43%
2012-09-25,79.55,79.53,79.72,79.33,,0.04%
2012-09-24,79.52,79.16,79.77,79.16,,0.24%
2012-09-21,79.33,79.39,79.45,79.05,,-0.10%
2012-09-20,79.41,79.11,79.66,79.06,,0.44%
2012-09-19,79.06,79.19,79.4,79.0,,-0.24%
2012-09-18,79.25,78.95,79.28,78.92,,0.30%
2012-09-17,79.01,78.85,79.06,78.72,,0.20%
2012-09-14,78.85,79.24,79.29,78.6,,-0.52%
2012-09-13,79.26,79.7,79.83,79.18,,-0.60%
2012-09-12,79.74,79.89,80.02,79.52,,-0.15%
2012-09-11,79.86,80.38,80.39,79.79,,-0.49%
2012-09-10,80.25,80.38,80.43,80.2,,0.00%
2012-09-07,80.25,81.13,81.14,80.15,,-0.97%
2012-09-06,81.04,81.25,81.45,81.02,,-0.23%
2012-09-05,81.23,81.38,81.67,81.11,,-0.10%
2012-09-04,81.31,81.23,81.38,81.05,,0.12%
2012-09-03,81.21,81.29,81.33,81.11,,0.00%
2012-08-31,81.21,81.68,81.72,80.96,,-0.59%
2012-08-30,81.69,81.56,81.75,81.4,,0.17%
2012-08-29,81.55,81.37,81.59,81.34,,0.22%
2012-08-28,81.37,81.66,81.82,81.26,,-0.36%
2012-08-27,81.66,81.62,81.72,81.49,,0.09%
2012-08-24,81.59,81.4,81.72,81.36,,0.28%
2012-08-23,81.36,81.45,81.51,81.22,,-0.16%
2012-08-22,81.49,81.93,82.12,81.45,,-0.51%
2012-08-21,81.91,82.43,82.47,81.79,,-0.67%
2012-08-20,82.46,82.59,82.72,82.38,,-0.17%
2012-08-17,82.6,82.39,82.76,82.32,,0.29%
2012-08-16,82.36,82.68,82.88,82.32,,-0.34%
2012-08-15,82.64,82.52,82.78,82.46,,0.19%
2012-08-14,82.48,82.43,82.56,82.2,,0.05%
2012-08-13,82.44,82.57,82.71,82.22,,-0.13%
2012-08-10,82.55,82.64,82.87,82.44,,-0.11%
2012-08-09,82.64,82.32,82.79,82.23,,0.30%
2012-08-08,82.39,82.33,82.53,82.26,,0.22%
2012-08-07,82.21,82.31,82.4,82.04,,-0.07%
2012-08-06,82.27,82.33,82.57,82.09,,-0.13%
2012-08-03,82.38,83.33,83.37,82.29,,-1.18%
2012-08-02,83.36,83.05,83.51,82.2,,0.36%
2012-08-01,83.06,82.7,83.16,82.48,,0.51%
2012-07-31,82.64,82.8,82.89,82.5,,-0.18%
2012-07-30,82.79,82.73,82.99,82.71,,0.10%
2012-07-27,82.71,82.84,83.01,82.34,,-0.12%
2012-07-26,82.81,83.61,83.73,82.59,,-0.85%
2012-07-25,83.52,83.99,84.05,83.5,,-0.57%
2012-07-24,84.0,83.77,84.1,83.63,,0.35%
2012-07-23,83.71,83.68,84.0,83.61,,0.28%
2012-07-20,83.48,82.94,83.55,82.87,,0.72%
2012-07-19,82.88,83.0,83.15,82.73,,-0.23%
2012-07-18,83.07,83.04,83.34,82.92,,0.05%
2012-07-17,83.03,83.14,83.56,82.91,,-0.08%
2012-07-16,83.1,83.23,83.64,83.02,,-0.30%
2012-07-13,83.35,83.62,83.78,83.27,,-0.37%
2012-07-12,83.66,83.45,83.83,83.42,,0.11%
2012-07-11,83.57,83.4,83.61,83.11,,0.20%
2012-07-10,83.4,83.1,83.49,82.98,,0.29%
2012-07-09,83.16,83.38,83.43,83.09,,-0.26%
2012-07-06,83.38,82.83,83.43,82.75,,0.69%
2012-07-05,82.81,82.19,82.95,82.08,,1.26%
2012-07-04,81.78,81.81,82.25,81.8,,0.00%
2012-07-03,81.78,81.9,82.03,81.7,,-0.11%
2012-07-02,81.87,81.56,81.96,81.53,,0.29%
2012-06-29,81.63,82.75,82.74,81.43,,-1.42%
2012-06-28,82.81,82.53,82.88,82.24,,0.23%
2012-06-27,82.62,82.41,82.7,82.3,,0.30%
2012-06-26,82.37,82.43,82.68,82.25,,-0.16%
2012-06-25,82.5,82.34,82.63,82.32,,0.29%
2012-06-22,82.26,82.28,82.47,82.16,,-0.04%
2012-06-21,82.29,81.48,82.4,81.22,,0.87%
2012-06-20,81.58,81.42,81.74,81.22,,0.25%
2012-06-19,81.38,81.89,81.99,81.19,,-0.70%
2012-06-18,81.95,81.34,82.07,81.27,,0.39%
2012-06-15,81.63,81.86,81.94,81.48,,-0.44%
2012-06-14,81.99,82.17,82.3,81.8,,-0.09%
2012-06-13,82.06,82.4,82.58,81.92,,-0.44%
2012-06-12,82.42,82.61,82.73,82.33,,-0.12%
2012-06-11,82.52,81.92,82.73,81.78,,0.01%
2012-06-08,82.51,82.23,82.89,82.23,,0.56%
2012-06-07,82.05,82.21,82.39,81.91,,-0.33%
2012-06-06,82.32,82.78,82.82,82.12,,-0.62%
2012-06-05,82.83,82.51,82.94,82.31,,0.33%
2012-06-04,82.56,82.91,83.08,82.47,,-0.40%
2012-06-01,82.89,83.07,83.54,82.65,,-0.18%
2012-05-31,83.04,83.1,83.22,82.72,,0.02%
2012-05-30,83.02,82.51,83.11,82.48,,0.65%
2012-05-29,82.48,82.24,82.61,82.03,,0.10%
2012-05-28,82.4,82.08,82.3,81.83,,0.00%
2012-05-25,82.4,82.3,82.46,81.99,,0.06%
2012-05-24,82.35,81.99,82.38,81.84,,0.32%
2012-05-23,82.09,81.7,82.22,81.57,,0.74%
2012-05-22,81.49,80.97,81.77,80.95,,0.51%
2012-05-21,81.08,81.11,81.39,80.9,,-0.26%
2012-05-18,81.29,81.51,81.76,81.01,,-0.11%
2012-05-17,81.38,81.4,81.68,81.24,,0.01%
2012-05-16,81.37,81.23,81.57,81.18,,0.18%
2012-05-15,81.22,80.67,81.29,80.48,,0.76%
2012-05-14,80.61,80.35,80.73,80.36,,0.44%
2012-05-11,80.26,80.21,80.34,80.08,,0.19%
2012-05-10,80.11,80.12,80.22,79.95,,0.04%
2012-05-09,80.08,79.9,80.27,79.87,,0.43%
2012-05-08,79.74,79.58,79.96,79.56,,0.18%
2012-05-07,79.6,79.76,80.03,79.53,,0.13%
2012-05-04,79.5,79.21,79.52,79.09,,0.35%
2012-05-03,79.22,79.17,79.42,79.08,,0.11%
2012-05-02,79.13,78.83,79.32,78.81,,0.34%
2012-05-01,78.86,78.78,78.98,78.6,,0.10%
2012-04-30,78.78,78.8,78.92,78.64,,0.09%
2012-04-27,78.71,79.18,79.26,78.67,,-0.27%
2012-04-26,78.92,79.03,79.19,78.82,,-0.11%
2012-04-25,79.01,79.19,79.31,79.0,,-0.27%
2012-04-24,79.22,79.37,79.43,79.09,,-0.25%
2012-04-23,79.42,79.37,79.65,79.2,,0.29%
2012-04-20,79.19,79.55,79.61,79.11,,-0.47%
2012-04-19,79.56,79.58,79.83,79.39,,0.03%
2012-04-18,79.54,79.56,79.86,79.48,,0.08%
2012-04-17,79.48,79.55,79.76,79.39,,-0.10%
2012-04-16,79.56,79.92,80.18,79.5,,-0.41%
2012-04-13,79.89,79.37,79.92,79.29,,0.77%
2012-04-12,79.28,79.71,79.77,79.21,,-0.65%
2012-04-11,79.8,79.89,79.95,79.51,,-0.11%
2012-04-10,79.89,79.73,80.02,79.6,,0.20%
2012-04-09,79.73,79.8,80.1,79.65,,-0.20%
2012-04-06,79.89,80.06,80.12,79.74,,-0.24%
2012-04-05,80.08,79.73,80.18,79.62,,0.38%
2012-04-04,79.78,79.41,79.92,79.39,,0.38%
2012-04-03,79.48,78.86,79.5,78.66,,0.84%
2012-04-02,78.82,78.89,79.13,78.79,,-0.23%
2012-03-30,79.0,79.08,79.08,78.73,,-0.24%
2012-03-29,79.19,79.16,79.35,78.96,,0.08%
2012-03-28,79.13,79.12,79.34,78.88,,0.10%
2012-03-27,79.05,78.94,79.17,78.77,,0.09%
2012-03-26,78.98,79.31,79.72,78.87,,-0.45%
2012-03-23,79.34,79.67,79.75,79.21,,-0.50%
2012-03-22,79.74,79.62,79.95,79.42,,0.10%
2012-03-21,79.66,79.57,79.83,79.31,,0.09%
2012-03-20,79.59,79.48,79.84,79.43,,-0.25%
2012-03-19,79.79,79.77,79.89,79.35,,0.00%
2012-03-16,79.79,80.25,80.42,79.69,,-0.45%
2012-03-15,80.15,80.55,80.74,80.04,,-0.51%
2012-03-14,80.56,80.13,80.63,80.13,,0.46%
2012-03-13,80.19,79.85,80.32,79.67,,0.38%
2012-03-12,79.89,80.03,80.13,79.83,,-0.19%
2012-03-09,80.04,79.18,80.06,79.16,,1.14%
2012-03-08,79.14,79.75,79.78,79.07,,-0.72%
2012-03-07,79.71,79.78,79.92,79.58,,-0.20%
2012-03-06,79.87,79.32,79.87,79.29,,0.72%
2012-03-05,79.3,79.46,79.58,79.24,,-0.13%
2012-03-02,79.4,78.77,79.45,78.72,,0.77%
2012-03-01,78.79,78.77,78.93,78.63,,0.06%
2012-02-29,78.74,78.18,78.87,78.09,,0.60%
2012-02-28,78.27,78.48,78.61,78.19,,-0.38%
2012-02-27,78.57,78.38,78.68,78.37,,0.28%
2012-02-24,78.35,78.64,78.77,78.22,,-0.60%
2012-02-23,78.82,79.21,79.29,78.6,,-0.49%
2012-02-22,79.21,79.11,79.38,79.0,,0.22%
2012-02-21,79.04,79.14,79.26,78.8,,-0.37%
2012-02-20,79.33,79.22,79.21,78.81,,0.00%
2012-02-17,79.33,79.39,79.48,79.15,,-0.03%
2012-02-16,79.35,79.75,80.12,79.27,,-0.40%
2012-02-15,79.67,79.41,79.74,79.1,,0.11%
2012-02-14,79.58,79.13,79.64,78.95,,0.80%
2012-02-13,78.95,78.92,79.16,78.61,,-0.20%
2012-02-10,79.11,78.64,79.2,78.57,,0.69%
2012-02-09,78.57,78.67,78.78,78.36,,-0.09%
2012-02-08,78.64,78.58,78.81,78.43,,0.08%
2012-02-07,78.58,79.08,79.27,78.49,,-0.62%
2012-02-06,79.07,79.07,79.52,78.98,,0.19%
2012-02-03,78.92,79.01,79.36,78.75,,-0.09%
2012-02-02,78.99,78.84,79.2,78.72,,0.09%
2012-02-01,78.92,79.32,79.57,78.62,,-0.47%
2012-01-31,79.29,79.13,79.49,78.74,,0.15%
2012-01-30,79.17,78.8,79.46,78.8,,0.34%
2012-01-27,78.9,79.46,79.53,78.77,,-0.62%
2012-01-26,79.39,79.5,79.54,79.07,,-0.24%
2012-01-25,79.58,79.8,80.36,79.38,,-0.36%
2012-01-24,79.87,79.75,80.18,79.64,,0.11%
2012-01-23,79.78,80.41,80.41,79.6,,-0.55%
2012-01-20,80.22,80.09,80.44,80.0,,0.00%
2012-01-19,80.22,80.48,80.59,80.04,,-0.48%
2012-01-18,80.61,81.09,81.12,80.47,,-0.70%
2012-01-17,81.18,81.42,81.46,80.77,,-0.42%
2012-01-16,81.52,81.7,81.7,81.32,,0.00%
2012-01-13,81.52,80.83,81.78,80.53,,0.93%
2012-01-12,80.77,81.24,81.36,80.7,,-0.71%
2012-01-11,81.35,81.0,81.49,80.82,,0.67%
2012-01-10,80.81,80.92,81.08,80.72,,-0.30%
2012-01-09,81.05,81.4,81.47,80.93,,-0.25%
2012-01-06,81.25,80.9,81.38,80.78,,0.38%
2012-01-05,80.94,80.15,81.02,80.09,,1.01%
2012-01-04,80.13,79.66,80.33,79.55,,0.65%
2012-01-03,79.61,80.23,80.28,79.52,,-0.71%
2012-01-02,80.18,80.28,80.39,80.15,,0.00%
2011-12-30,80.18,80.42,80.6,79.98,,-0.39%
2011-12-29,80.49,80.66,80.85,80.34,,-0.01%
2011-12-28,80.5,79.82,80.61,79.71,,0.88%
2011-12-27,79.8,79.96,79.99,79.77,,-0.16%
2011-12-26,79.93,80.0,80.02,79.8,,0.00%
2011-12-23,79.93,79.91,80.06,79.73,,-0.04%
2011-12-22,79.96,80.03,80.14,79.65,,-0.07%
2011-12-21,80.02,79.67,80.1,79.24,,0.18%
2011-12-20,79.88,80.32,80.38,79.59,,-0.46%
2011-12-19,80.25,80.19,80.49,80.12,,-0.01%
2011-12-16,80.26,80.22,80.39,79.93,,-0.07%
2011-12-15,80.32,80.51,80.62,80.11,,-0.34%
2011-12-14,80.59,80.25,80.73,80.12,,0.44%
2011-12-13,80.24,79.6,80.39,79.3,,0.89%
2011-12-12,79.53,78.72,79.64,78.63,,1.14%
2011-12-09,78.63,78.79,79.11,78.41,,-0.25%
2011-12-08,78.83,78.47,79.02,78.11,,0.45%
2011-12-07,78.48,78.55,78.73,78.29,,-0.03%
2011-12-06,78.5,78.59,78.88,78.45,,-0.09%
2011-12-05,78.57,78.47,78.68,78.19,,-0.06%
2011-12-02,78.62,78.3,78.77,77.97,,0.37%
2011-12-01,78.33,78.33,78.53,78.06,,-0.06%
2011-11-30,78.38,79.08,79.38,77.92,,-0.80%
2011-11-29,79.01,79.33,79.37,78.53,,-0.32%
2011-11-28,79.26,79.21,79.4,78.76,,-0.54%
2011-11-25,79.69,79.17,79.7,79.12,,0.69%
2011-11-24,79.14,79.01,79.18,78.73,,0.00%
2011-11-23,79.14,78.23,79.18,78.17,,1.11%
2011-11-22,78.27,78.32,78.44,77.98,,-0.04%
2011-11-21,78.3,78.08,78.52,77.97,,0.31%
2011-11-18,78.06,78.31,78.36,77.54,,-0.28%
2011-11-17,78.28,78.36,78.47,77.94,,0.33%
2011-11-16,78.02,78.08,78.44,77.83,,0.19%
2011-11-15,77.87,77.48,78.1,77.44,,0.39%
2011-11-14,77.57,76.77,77.66,76.75,,0.82%
2011-11-11,76.94,77.62,77.74,76.72,,-1.03%
2011-11-10,77.74,77.97,78.17,77.4,,-0.24%
2011-11-09,77.93,76.69,78.0,76.51,,1.75%
2011-11-08,76.59,77.01,77.18,76.56,,-0.48%
2011-11-07,76.96,76.93,77.39,76.82,,0.00%
2011-11-04,76.96,76.71,77.3,76.62,,0.38%
2011-11-03,76.67,77.23,77.5,76.57,,-0.45%
2011-11-02,77.02,77.52,77.58,76.71,,-0.31%
2011-11-01,77.26,76.56,77.68,76.46,,1.43%
2011-10-31,76.17,75.01,76.58,74.98,,1.47%
2011-10-28,75.07,75.0,75.16,74.9,,0.25%
2011-10-27,74.88,76.29,76.32,74.72,,-1.80%
2011-10-26,76.25,76.26,76.66,75.88,,0.17%
2011-10-25,76.12,76.11,76.44,75.94,,0.12%
2011-10-24,76.03,76.47,76.55,75.98,,-0.47%
2011-10-21,76.39,76.95,77.21,76.23,,-0.75%
2011-10-20,76.97,77.04,77.5,76.71,,-0.18%
2011-10-19,77.11,77.14,77.19,76.57,,-0.04%
2011-10-18,77.14,77.15,77.55,76.8,,-0.01%
2011-10-17,77.15,76.63,77.25,76.44,,0.69%
2011-10-14,76.62,77.18,77.29,76.51,,-0.49%
2011-10-13,77.0,77.01,77.43,76.84,,0.01%
2011-10-12,76.99,77.61,77.93,76.8,,-0.76%
2011-10-11,77.58,77.61,77.95,77.47,,0.12%
2011-10-10,77.49,78.84,78.69,77.34,,-1.58%
2011-10-07,78.73,78.62,78.83,78.06,,0.13%
2011-10-06,78.63,78.95,79.5,78.51,,-0.37%
2011-10-05,78.92,79.09,79.38,78.8,,-0.85%
2011-10-04,79.6,79.59,79.84,78.89,,0.21%
2011-10-03,79.43,79.02,79.7,78.79,,1.12%
2011-09-30,78.55,77.96,78.81,77.83,,0.67%
2011-09-29,78.03,78.06,78.16,77.42,,0.23%
2011-09-28,77.85,77.81,78.13,77.31,,0.44%
2011-09-27,77.51,78.08,78.25,77.39,,-1.08%
2011-09-26,78.36,78.13,78.86,77.94,,-0.18%
2011-09-23,78.5,78.37,78.62,77.95,,0.06%
2011-09-22,78.45,77.75,78.8,77.73,,1.44%
2011-09-21,77.34,77.07,77.84,76.79,,0.42%
2011-09-20,77.02,77.43,77.45,76.84,,-0.17%
2011-09-19,77.15,77.02,77.52,76.92,,0.72%
2011-09-16,76.6,76.32,76.77,76.28,,0.47%
2011-09-15,76.24,76.83,77.05,76.07,,-0.77%
2011-09-14,76.83,77.04,77.49,76.67,,-0.12%
2011-09-13,76.92,77.23,77.62,76.82,,-0.85%
2011-09-12,77.58,77.38,77.78,77.05,,0.51%
2011-09-09,77.19,76.17,77.28,76.04,,1.23%
2011-09-08,76.25,75.5,76.32,75.5,,1.03%
2011-09-07,75.47,75.89,75.89,75.23,,-0.63%
2011-09-06,75.95,75.26,76.01,74.67,,1.12%
2011-09-05,75.11,74.9,75.32,74.84,,0.47%
2011-09-02,74.76,74.51,74.77,74.31,,0.38%
2011-09-01,74.48,74.17,74.71,74.15,,0.49%
2011-08-31,74.12,74.01,74.19,73.83,,0.23%
2011-08-30,73.95,73.67,74.19,73.61,,0.31%
2011-08-29,73.72,73.75,73.85,73.53,,-0.12%
2011-08-26,73.81,74.25,74.46,73.71,,-0.63%
2011-08-25,74.28,74.04,74.4,73.83,,0.36%
2011-08-24,74.01,73.88,74.09,73.67,,0.16%
2011-08-23,73.89,74.15,74.16,73.57,,-0.24%
2011-08-22,74.07,74.06,74.17,73.81,,0.08%
2011-08-19,74.01,74.33,74.47,73.62,,-0.31%
2011-08-18,74.24,73.76,74.44,73.73,,0.77%
2011-08-17,73.67,74.04,74.22,73.45,,-0.46%
2011-08-16,74.01,73.9,74.17,73.77,,0.23%
2011-08-15,73.84,74.54,74.61,73.76,,-1.03%
2011-08-12,74.61,74.64,74.89,74.37,,-0.09%
2011-08-11,74.68,74.87,75.06,74.33,,0.05%
2011-08-10,74.64,73.94,74.92,73.82,,0.04%
2011-08-09,74.61,74.78,74.94,73.85,,-0.24%
2011-08-08,74.79,74.02,75.02,73.97,,0.25%
2011-08-05,74.6,75.41,75.42,74.46,,-0.69%
2011-08-04,75.12,73.92,75.32,73.88,,1.46%
2011-08-03,74.04,74.59,74.69,73.86,,-0.63%
2011-08-02,74.51,74.35,74.73,74.19,,0.34%
2011-08-01,74.26,73.81,74.53,73.58,,0.49%
2011-07-29,73.9,74.16,74.51,73.72,,-0.43%
2011-07-28,74.22,74.09,74.41,73.88,,0.18%
2011-07-27,74.09,73.52,74.18,73.42,,0.84%
2011-07-26,73.47,74.12,74.2,73.45,,-0.80%
2011-07-25,74.06,74.1,74.31,73.99,,-0.19%
2011-07-22,74.2,74.05,74.38,73.96,,0.24%
2011-07-21,74.02,74.67,75.1,73.89,,-1.03%
2011-07-20,74.79,75.12,75.23,74.72,,-0.57%
2011-07-19,75.22,75.32,75.5,74.9,,-0.34%
2011-07-18,75.48,75.25,75.75,75.22,,0.47%
2011-07-15,75.13,75.14,75.42,74.99,,-0.16%
2011-07-14,75.25,74.85,75.33,74.69,,0.05%
2011-07-13,75.21,76.03,76.05,74.78,,-0.79%
2011-07-12,75.81,75.97,76.72,75.7,,-0.24%
2011-07-11,75.99,75.33,76.16,75.25,,1.08%
2011-07-08,75.18,74.9,75.42,74.84,,0.29%
2011-07-07,74.96,74.98,75.41,74.85,,-0.21%
2011-07-06,75.12,74.61,75.18,74.46,,0.58%
2011-07-05,74.69,74.25,74.74,74.25,,0.55%
2011-07-04,74.28,74.28,74.4,74.13,,-0.09%
2011-07-01,74.35,74.45,74.69,74.19,,0.07%
2011-06-30,74.3,74.48,74.58,74.25,,-0.52%
2011-06-29,74.69,75.09,75.14,74.61,,-0.49%
2011-06-28,75.06,75.23,75.51,74.87,,-0.44%
2011-06-27,75.39,75.49,75.99,75.26,,-0.37%
2011-06-24,75.67,75.22,75.75,75.05,,0.29%
2011-06-23,75.45,75.03,75.8,74.96,,0.90%
2011-06-22,74.78,74.73,75.04,74.5,,0.32%
2011-06-21,74.54,74.91,75.0,74.52,,-0.65%
2011-06-20,75.03,75.15,75.47,74.9,,0.05%
2011-06-17,74.99,75.43,75.75,74.89,,-1.00%
2011-06-16,75.75,75.53,76.02,75.38,,0.20%
2011-06-15,75.6,74.45,75.66,74.44,,1.71%
2011-06-14,74.33,74.52,74.63,74.23,,-0.24%
2011-06-13,74.51,74.9,74.96,74.44,,-0.39%
2011-06-10,74.8,74.18,74.92,74.02,,0.82%
2011-06-09,74.19,73.88,74.3,73.69,,0.35%
2011-06-08,73.93,73.56,73.97,73.54,,0.56%
2011-06-07,73.52,73.94,74.04,73.51,,-0.58%
2011-06-06,73.95,73.8,74.05,73.64,,0.23%
2011-06-03,73.78,74.35,74.46,73.7,,-0.74%
2011-06-02,74.33,74.83,74.89,74.23,,-0.47%
2011-06-01,74.68,74.43,74.94,74.31,,0.05%
2011-05-31,74.64,74.73,74.76,74.44,,-0.43%
2011-05-30,74.96,74.86,75.02,74.82,,0.01%
2011-05-27,74.95,75.58,75.58,74.75,,-0.79%
2011-05-26,75.55,75.9,75.98,75.34,,-0.50%
2011-05-25,75.93,75.94,76.27,75.75,,0.07%
2011-05-24,75.88,76.25,76.32,75.82,,-0.29%
2011-05-23,76.1,75.73,76.37,75.72,,0.87%
2011-05-20,75.44,75.08,75.76,74.96,,0.43%
2011-05-19,75.12,75.35,75.56,75.08,,-0.46%
2011-05-18,75.47,75.26,75.59,75.13,,0.09%
2011-05-17,75.4,75.62,75.83,75.34,,-0.09%
2011-05-16,75.47,75.85,76.0,75.25,,-0.38%
2011-05-13,75.76,75.22,75.95,74.8,,0.69%
2011-05-12,75.24,75.28,75.64,75.06,,-0.12%
2011-05-11,75.33,74.55,75.42,74.4,,0.97%
2011-05-10,74.61,74.62,75.0,74.53,,-0.17%
2011-05-09,74.74,74.77,75.16,74.44,,-0.13%
2011-05-06,74.84,74.1,74.92,73.94,,0.88%
2011-05-05,74.19,73.12,74.22,72.81,,1.59%
2011-05-04,73.03,73.12,73.3,72.7,,-0.15%
2011-05-03,73.14,73.06,73.32,72.85,,0.26%
2011-05-02,72.95,72.99,73.29,72.72,,0.03%
2011-04-29,72.93,73.06,73.19,72.83,,-0.26%
2011-04-28,73.12,73.36,73.36,72.87,,-0.54%
2011-04-27,73.52,73.61,73.98,73.26,,-0.43%
2011-04-26,73.84,74.01,74.33,73.56,,-0.20%
2011-04-25,73.99,74.07,74.27,73.81,,-0.01%
2011-04-22,74.0,74.1,74.19,73.98,,0.00%
2011-04-21,74.0,74.4,74.41,73.73,,-0.50%
2011-04-20,74.37,75.05,75.09,74.27,,-0.88%
2011-04-19,75.03,75.48,75.61,74.99,,-0.62%
2011-04-18,75.5,74.89,75.81,74.88,,0.90%
2011-04-15,74.83,74.72,75.0,74.62,,0.19%
2011-04-14,74.69,74.93,75.15,74.62,,-0.39%
2011-04-13,74.98,74.89,75.1,74.74,,0.17%
2011-04-12,74.85,75.07,75.2,74.7,,-0.28%
2011-04-11,75.06,74.92,75.09,74.89,,-0.01%
2011-04-08,75.07,75.59,75.61,74.84,,-0.67%
2011-04-07,75.58,75.54,75.82,75.52,,0.09%
2011-04-06,75.51,75.9,75.92,75.46,,-0.49%
2011-04-05,75.88,75.86,76.15,75.77,,-0.04%
2011-04-04,75.91,75.84,75.99,75.7,,0.11%
2011-04-01,75.83,76.05,76.61,75.78,,-0.04%
2011-03-31,75.86,76.14,76.17,75.66,,-0.34%
2011-03-30,76.12,76.14,76.41,76.01,,-0.17%
2011-03-29,76.25,76.23,76.43,75.92,,0.16%
2011-03-28,76.13,76.33,76.44,76.03,,-0.12%
2011-03-25,76.22,75.71,76.28,75.61,,0.74%
2011-03-24,75.66,75.88,76.05,75.46,,-0.17%
2011-03-23,75.79,75.53,75.97,75.43,,0.50%
2011-03-22,75.41,75.53,75.61,75.41,,0.01%
2011-03-21,75.4,75.54,75.73,75.34,,-0.42%
2011-03-18,75.72,76.05,76.46,75.54,,-0.42%
2011-03-17,76.04,76.39,76.66,75.85,,-0.83%
2011-03-16,76.68,76.41,76.82,76.06,,0.46%
2011-03-15,76.33,76.34,77.04,76.27,,-0.03%
2011-03-14,76.35,76.52,76.75,76.3,,-0.56%
2011-03-11,76.78,77.23,77.38,76.66,,-0.65%
2011-03-10,77.28,76.72,77.35,76.63,,0.73%
2011-03-09,76.72,76.86,76.97,76.53,,-0.10%
2011-03-08,76.8,76.53,76.98,76.4,,0.39%
2011-03-07,76.5,76.36,76.55,76.12,,0.13%
2011-03-04,76.4,76.47,76.62,76.28,,-0.10%
2011-03-03,76.48,76.69,76.86,76.39,,-0.25%
2011-03-02,76.67,77.04,77.18,76.53,,-0.49%
2011-03-01,77.05,76.86,77.1,76.73,,0.21%
2011-02-28,76.89,77.22,77.39,76.76,,-0.50%
2011-02-25,77.28,77.05,77.42,76.94,,0.29%
2011-02-24,77.06,77.3,77.48,76.99,,-0.45%
2011-02-23,77.41,77.69,77.73,77.25,,-0.46%
2011-02-22,77.77,77.69,78.33,77.58,,0.10%
2011-02-21,77.69,77.58,77.82,77.54,,0.04%
2011-02-18,77.66,77.94,78.22,77.53,,-0.44%
2011-02-17,78.0,78.2,78.35,77.93,,-0.28%
2011-02-16,78.22,78.52,78.79,78.16,,-0.45%
2011-02-15,78.57,78.61,78.74,78.3,,-0.05%
2011-02-14,78.61,78.6,78.87,78.28,,0.19%
2011-02-11,78.46,78.22,78.7,78.12,,0.27%
2011-02-10,78.25,77.64,78.34,77.61,,0.79%
2011-02-09,77.64,78.02,78.09,77.5,,-0.46%
2011-02-08,78.0,78.05,78.11,77.63,,-0.04%
2011-02-07,78.03,78.14,78.35,77.85,,-0.01%
2011-02-04,78.04,77.8,78.22,77.56,,0.37%
2011-02-03,77.75,77.08,77.89,77.02,,0.76%
2011-02-02,77.16,77.01,77.31,76.88,,0.12%
2011-02-01,77.07,77.61,77.67,76.94,,-0.85%
2011-01-31,77.73,78.11,78.33,77.54,,-0.51%
2011-01-28,78.13,77.78,78.28,77.61,,0.51%
2011-01-27,77.73,77.77,78.15,77.59,,-0.22%
2011-01-26,77.9,77.97,78.06,77.69,,-0.13%
2011-01-25,78.0,78.05,78.41,77.82,,-0.06%
2011-01-24,78.05,78.08,78.51,77.81,,-0.20%
2011-01-21,78.21,78.89,78.91,78.1,,-0.77%
2011-01-20,78.82,78.73,79.17,78.44,,0.23%
2011-01-19,78.64,78.95,79.02,78.3,,-0.41%
2011-01-18,78.96,79.4,79.5,78.64,,-0.48%
2011-01-17,79.34,79.06,79.6,79.06,,0.23%
2011-01-14,79.16,79.2,79.41,78.81,,-0.04%
2011-01-13,79.19,80.11,80.24,78.99,,-1.05%
2011-01-12,80.03,80.75,80.85,79.99,,-1.01%
2011-01-11,80.85,80.88,81.15,80.74,,-0.04%
2011-01-10,80.88,81.16,81.31,80.81,,-0.16%
2011-01-07,81.01,80.87,81.14,80.69,,0.27%
2011-01-06,80.79,80.19,80.94,80.15,,0.66%
2011-01-05,80.26,79.4,80.35,79.34,,1.03%
2011-01-04,79.44,79.09,79.51,78.89,,0.39%
2011-01-03,79.13,79.14,79.53,78.99,,0.13%
