Date,Price,Open,High,Low,Vol.,Change %
2026-08-28,131.2,131.2,131.2,131.2,,-0.04%
2026-08-27,131.25,131.25,131.25,131.25,,0.00%
2026-08-26,131.25,131.25,131.25,131.25,,-0.30%
2026-08-25,131.65,131.65,131.65,131.65,,0.11%
2026-08-24,131.5,131.5,131.5,131.5,,0.00%
2026-08-21,131.5,131.5,131.5,131.5,,0.77%
2026-08-20,130.5,130.5,130.5,130.5,0.01K,0.58%
2026-08-19,129.75,129.75,129.75,129.75,,0.00%
2026-08-18,129.75,129.75,129.75,129.75,0.01K,0.35%
2026-08-17,129.3,129.3,129.3,129.3,,0.04%
2026-08-14,129.25,129.25,129.25,129.25,0.01K,-0.12%
2026-08-13,129.4,129.4,129.4,129.4,,-0.08%
2026-08-12,129.5,129.5,129.5,129.5,0.02K,0.15%
2026-08-11,129.3,129.0,129.0,129.0,0.08K,0.23%
2026-08-10,129.0,129.0,129.0,129.0,0.02K,0.90%
2026-08-07,127.85,127.85,127.85,127.85,,-0.31%
2026-08-06,128.25,128.25,128.25,128.25,0.01K,-0.43%
2026-08-05,128.8,130.0,130.0,129.0,0.06K,-1.57%
2026-08-04,130.85,130.85,130.85,130.85,0.07K,-1.25%
2026-08-03,132.5,132.5,132.5,132.5,0.20K,1.81%
2026-07-31,130.15,130.15,130.15,130.15,,-0.27%
2026-07-30,130.5,130.5,130.5,130.5,,0.23%
2026-07-29,130.2,130.2,130.2,130.2,,-0.04%
2026-07-28,130.25,130.25,130.25,130.25,,-0.04%
2026-07-27,130.3,130.3,130.3,130.3,,-0.23%
2026-07-24,130.6,130.6,130.6,130.6,0.01K,-0.11%
2026-07-23,130.75,130.75,130.75,130.75,,-0.08%
2026-07-22,130.85,130.85,130.85,130.85,0.01K,-0.04%
2026-07-21,130.9,130.9,130.9,130.9,,0.38%
2026-07-20,130.4,130.4,130.4,130.4,,0.31%
2026-07-17,130.0,129.25,129.75,129.25,0.03K,0.12%
2026-07-16,129.85,130.4,130.4,130.4,0.03K,0.85%
2026-07-15,128.75,128.75,128.75,128.75,,0.82%
2026-07-14,127.7,129.95,129.95,129.65,0.02K,-0.78%
2026-07-13,128.7,129.25,129.25,129.0,0.03K,0.08%
2026-07-10,128.6,128.5,128.5,128.5,0.01K,-1.04%
2026-07-09,129.95,129.25,129.75,129.25,0.02K,0.66%
2026-07-08,129.1,128.75,128.75,128.75,0.04K,0.86%
2026-07-07,128.0,128.0,128.0,127.5,0.05K,-0.31%
2026-07-06,128.4,128.4,128.4,128.4,0.01K,-0.31%
2026-07-03,128.8,128.8,128.8,128.8,0.03K,-0.23%
2026-07-02,129.1,129.25,129.25,129.25,0.00K,-0.39%
2026-07-01,129.6,132.0,132.0,129.75,0.10K,-0.04%
2026-06-30,129.65,129.0,129.0,129.0,0.17K,1.53%
2026-06-29,127.7,127.5,127.85,127.0,0.09K,-10.95%
2026-06-26,143.4,143.4,143.4,143.4,,0.14%
2026-06-25,143.2,143.2,143.2,143.2,,-0.24%
2026-06-24,143.55,143.55,143.55,143.55,,-0.28%
2026-06-23,143.95,143.95,143.95,143.95,,0.03%
2026-06-22,143.9,143.9,143.9,143.9,,-0.07%
2026-06-19,144.0,144.0,144.0,144.0,0.02K,0.00%
2026-06-18,144.0,144.0,144.0,144.0,0.03K,0.14%
2026-06-17,143.8,144.5,144.5,144.5,0.00K,-0.83%
2026-06-16,145.0,145.5,145.5,145.5,0.02K,-0.92%
2026-06-15,146.35,146.35,146.35,146.35,0.01K,-1.71%
2026-06-12,148.9,149.25,149.25,147.5,0.03K,-1.88%
2026-06-11,151.75,151.75,151.75,151.75,,0.53%
2026-06-10,150.95,150.0,150.0,149.25,0.05K,0.50%
2026-06-09,150.2,151.5,152.0,150.25,0.01K,-0.69%
2026-06-08,151.25,151.0,152.25,151.0,0.20K,1.68%
2026-06-05,148.75,149.75,149.75,149.65,0.05K,0.81%
2026-06-04,147.55,150.0,150.0,147.5,0.04K,0.89%
2026-06-03,146.25,144.5,146.75,144.5,0.12K,3.50%
2026-06-02,141.3,144.5,144.5,142.25,0.06K,0.71%
2026-06-01,140.3,140.0,140.0,139.9,0.06K,6.90%
2026-05-29,131.25,131.25,131.25,131.25,,-0.19%
2026-05-28,131.5,131.5,131.5,131.5,,-0.19%
2026-05-27,131.75,131.75,131.75,131.75,0.00K,-0.64%
2026-05-26,132.6,134.0,134.0,134.0,0.00K,0.42%
2026-05-25,132.05,132.05,132.05,132.05,,0.00%
2026-05-22,132.05,132.05,132.05,132.05,,0.00%
2026-05-21,132.05,132.05,132.05,132.05,,-0.30%
2026-05-20,132.45,132.0,132.0,132.0,0.01K,0.04%
2026-05-19,132.4,134.5,134.5,134.5,0.00K,-0.08%
2026-05-18,132.5,135.0,135.0,132.25,0.01K,0.61%
2026-05-15,131.7,131.7,131.7,131.7,,1.00%
2026-05-14,130.4,131.1,131.1,131.1,0.00K,-0.57%
2026-05-13,131.15,131.15,131.15,131.15,,-1.02%
2026-05-12,132.5,132.5,132.5,132.5,0.02K,1.26%
2026-05-11,130.85,130.85,130.85,130.85,,-0.68%
2026-05-08,131.75,131.75,131.75,131.75,,-0.34%
2026-05-07,132.2,132.0,132.0,132.0,0.02K,0.11%
2026-05-06,132.05,132.0,132.0,132.0,0.01K,-1.75%
2026-05-05,134.4,134.5,134.5,134.5,0.01K,-0.85%
2026-05-04,135.55,135.55,135.55,135.55,,1.23%
2026-05-01,133.9,133.9,133.9,133.9,,-0.07%
2026-04-30,134.0,134.25,134.25,134.0,0.02K,0.26%
2026-04-29,133.65,133.25,133.25,133.25,0.12K,1.83%
2026-04-28,131.25,133.0,133.5,133.0,0.08K,-0.76%
2026-04-27,132.25,130.4,130.5,130.4,0.03K,-1.08%
2026-04-24,133.7,133.7,133.7,133.7,,0.34%
2026-04-23,133.25,132.85,132.85,132.85,0.00K,0.34%
2026-04-22,132.8,132.8,132.8,132.8,0.01K,-0.08%
2026-04-21,132.9,133.3,133.75,132.75,0.02K,0.23%
2026-04-20,132.6,132.6,132.6,132.6,0.08K,0.23%
2026-04-17,132.3,132.3,132.3,132.3,,-0.94%
2026-04-16,133.55,133.5,133.75,133.5,0.03K,-0.15%
2026-04-15,133.75,133.75,133.75,133.75,0.01K,-0.89%
2026-04-14,134.95,134.95,134.95,134.95,0.01K,-0.37%
2026-04-13,135.45,135.45,135.45,135.45,0.01K,0.41%
2026-04-10,134.9,134.9,134.9,134.9,0.01K,-0.44%
2026-04-09,135.5,135.0,135.0,134.75,0.02K,0.00%
2026-04-08,135.5,136.5,136.5,134.0,0.01K,-2.17%
2026-04-07,138.5,138.5,138.5,138.5,0.01K,0.44%
2026-04-06,137.9,137.9,137.9,137.9,,0.00%
2026-04-02,137.9,138.75,139.9,138.75,0.11K,0.51%
2026-04-01,137.2,137.2,137.2,137.2,0.05K,-3.69%
2026-03-31,142.45,144.0,144.75,142.0,0.09K,-1.25%
2026-03-30,144.25,146.0,146.25,145.0,0.01K,6.38%
2026-03-27,135.6,133.95,133.95,133.95,0.01K,0.37%
2026-03-26,135.1,135.1,135.1,135.1,,1.54%
2026-03-25,133.05,133.05,133.05,133.05,,-2.53%
2026-03-24,136.5,136.5,136.5,136.5,,0.92%
2026-03-23,135.25,135.25,135.25,135.25,0.00K,-0.07%
2026-03-20,135.35,135.35,135.35,135.35,,-0.07%
2026-03-19,135.45,135.45,135.45,135.45,0.01K,2.00%
2026-03-18,132.8,131.75,131.75,131.75,0.01K,1.30%
2026-03-17,131.1,130.0,132.0,130.0,0.31K,-0.91%
2026-03-16,132.3,132.3,132.3,132.3,,-1.85%
2026-03-13,134.8,134.8,134.8,134.8,,-0.15%
2026-03-12,135.0,135.0,135.0,135.0,,1.43%
2026-03-11,133.1,133.1,133.1,133.1,0.08K,1.18%
2026-03-10,131.55,133.5,133.65,133.5,0.02K,-4.43%
2026-03-09,137.65,138.0,138.0,138.0,0.02K,2.88%
2026-03-06,133.8,131.0,135.0,131.0,0.21K,-0.34%
2026-03-05,134.25,130.0,135.45,130.0,0.05K,1.97%
2026-03-04,131.65,135.0,135.0,127.0,0.03K,-2.48%
2026-03-03,135.0,134.0,140.5,134.0,0.21K,7.27%
2026-03-02,125.85,123.5,126.0,123.5,0.19K,8.68%
2026-02-27,115.8,115.8,115.8,115.8,,0.00%
2026-02-26,115.8,115.8,115.8,115.8,,-0.34%
2026-02-25,116.2,116.2,116.2,116.2,,-0.68%
2026-02-24,117.0,117.0,117.0,117.0,,0.43%
2026-02-23,116.5,116.5,116.5,116.5,,0.26%
2026-02-20,116.2,116.2,116.2,116.2,,0.04%
2026-02-19,116.15,116.15,116.15,116.15,,-0.56%
2026-02-18,116.8,116.8,116.8,116.8,,-0.21%
2026-02-17,117.05,117.05,117.05,117.05,,0.69%
2026-02-16,116.25,116.25,116.25,116.25,0.01K,-0.39%
2026-02-13,116.7,116.7,116.7,116.7,0.01K,0.52%
2026-02-12,116.1,115.0,115.0,114.5,0.06K,1.04%
2026-02-11,114.9,115.0,115.0,115.0,0.00K,0.26%
2026-02-10,114.6,114.6,114.6,114.6,,-0.99%
2026-02-09,115.75,115.0,115.0,115.0,0.01K,0.13%
2026-02-06,115.6,115.0,115.0,115.0,0.00K,-0.34%
2026-02-05,116.0,116.0,116.0,116.0,,-0.09%
2026-02-04,116.1,116.1,116.1,116.1,,1.22%
2026-02-03,114.7,114.7,114.7,114.7,0.01K,-1.12%
2026-02-02,116.0,116.0,116.0,116.0,,6.52%
2026-01-30,108.9,108.9,108.9,108.9,,0.28%
2026-01-29,108.6,108.6,108.6,108.6,,-0.46%
2026-01-28,109.1,109.1,109.1,109.1,0.00K,0.28%
2026-01-27,108.8,108.8,108.8,108.8,,0.14%
2026-01-26,108.65,108.65,108.65,108.65,,-0.32%
2026-01-23,109.0,109.0,109.0,109.0,,-0.50%
2026-01-22,109.55,109.55,109.55,109.55,,0.18%
2026-01-21,109.35,109.35,109.35,109.35,,-0.55%
2026-01-20,109.95,109.95,109.95,109.95,,0.78%
2026-01-19,109.1,109.1,109.1,109.1,,0.23%
2026-01-16,108.85,108.85,108.85,108.85,,0.42%
2026-01-15,108.4,108.4,108.4,108.4,,-0.55%
2026-01-14,109.0,109.5,109.5,108.5,0.03K,1.25%
2026-01-13,107.65,108.0,110.5,108.0,0.05K,0.51%
2026-01-12,107.1,107.1,107.1,107.1,0.03K,-0.19%
2026-01-09,107.3,107.3,107.3,107.3,0.02K,-0.09%
2026-01-08,107.4,107.4,107.4,107.4,0.03K,0.47%
2026-01-07,106.9,106.9,106.9,106.9,0.23K,-0.33%
2026-01-06,107.25,106.75,107.5,106.75,0.23K,0.99%
2026-01-05,106.2,106.35,106.35,106.35,0.02K,-0.33%
2026-01-02,106.55,106.55,106.55,106.55,,-0.88%
2025-12-31,107.5,107.5,107.5,107.5,0.09K,0.80%
2025-12-30,106.65,106.65,106.65,106.65,0.07K,-1.20%
2025-12-29,107.95,107.95,107.95,107.95,0.07K,-1.01%
2025-12-26,109.05,109.05,109.05,109.05,,0.74%
2025-12-24,108.25,108.25,108.25,108.25,,0.00%
2025-12-23,108.25,108.25,108.25,108.25,,0.00%
2025-12-22,108.25,108.25,108.25,108.25,,-0.14%
2025-12-19,108.4,108.5,108.5,108.5,0.00K,0.09%
2025-12-18,108.3,108.3,108.3,108.3,,-0.28%
2025-12-17,108.6,108.5,108.5,108.5,0.01K,0.00%
2025-12-16,108.6,108.6,108.6,108.6,,0.00%
2025-12-15,108.6,108.6,108.6,108.6,,0.09%
2025-12-12,108.5,106.4,106.4,106.4,0.00K,-0.23%
2025-12-11,108.75,108.75,108.75,108.75,,-0.59%
2025-12-10,109.4,109.4,109.4,109.4,,-0.64%
2025-12-09,110.1,110.4,110.45,110.4,0.02K,-0.36%
2025-12-08,110.5,110.5,110.5,110.5,0.01K,0.23%
2025-12-05,110.25,110.0,110.5,110.0,0.02K,1.61%
2025-12-04,108.5,107.75,107.75,107.25,0.19K,0.00%
2025-12-03,108.5,108.5,108.5,107.8,0.06K,-0.28%
2025-12-02,108.8,107.75,107.75,107.75,0.04K,0.42%
2025-12-01,108.35,108.75,108.75,108.75,0.05K,-2.48%
2025-11-28,111.1,111.1,111.1,111.1,,0.09%
2025-11-27,111.0,111.0,111.0,111.0,,-0.13%
2025-11-26,111.15,111.15,111.15,111.15,,0.00%
2025-11-25,111.15,111.15,111.15,111.15,,0.00%
2025-11-24,111.15,111.15,111.15,111.15,0.01K,0.23%
2025-11-21,110.9,110.9,110.9,110.9,,-0.09%
2025-11-20,111.0,111.0,111.0,111.0,,0.00%
2025-11-19,111.0,111.0,111.0,111.0,0.03K,-0.45%
2025-11-18,111.5,111.5,111.5,111.5,0.01K,1.18%
2025-11-17,110.2,111.0,111.0,111.0,0.01K,-0.36%
2025-11-14,110.6,111.0,111.0,111.0,0.00K,0.96%
2025-11-13,109.55,109.55,109.55,109.55,,0.05%
2025-11-12,109.5,108.4,110.0,108.4,0.20K,1.53%
2025-11-11,107.85,108.4,108.4,108.4,0.11K,-1.46%
2025-11-10,109.45,109.0,109.0,109.0,0.01K,-0.91%
2025-11-07,110.45,110.0,110.0,110.0,0.03K,-0.18%
2025-11-06,110.65,110.0,111.0,110.0,0.04K,0.64%
2025-11-05,109.95,109.5,110.0,109.5,0.07K,-0.81%
2025-11-04,110.85,110.75,111.0,109.75,0.15K,1.14%
2025-11-03,109.6,109.4,109.4,109.4,0.02K,5.23%
2025-10-31,104.15,104.15,104.15,104.15,,0.00%
2025-10-30,104.15,104.15,104.15,104.15,,0.24%
2025-10-29,103.9,103.9,103.9,103.9,,-0.34%
2025-10-28,104.25,104.25,104.25,104.25,,0.00%
2025-10-27,104.25,104.25,104.25,104.25,,0.14%
2025-10-24,104.1,104.1,104.1,104.1,,-0.10%
2025-10-23,104.2,104.2,104.2,104.2,,0.48%
2025-10-22,103.7,103.7,103.7,103.7,,-0.29%
2025-10-21,104.0,104.0,104.0,104.0,0.01K,0.00%
2025-10-20,104.0,104.0,104.0,104.0,,0.53%
2025-10-17,103.45,105.0,105.0,105.0,0.00K,-1.10%
2025-10-16,104.6,104.6,104.6,104.6,0.00K,-1.18%
2025-10-15,105.85,105.85,105.85,105.85,0.01K,1.97%
2025-10-14,103.8,103.8,103.8,103.8,0.01K,-0.57%
2025-10-13,104.4,104.4,104.4,104.4,,-0.14%
2025-10-10,104.55,104.55,104.55,104.55,,0.05%
2025-10-09,104.5,104.5,104.5,104.5,,-0.24%
2025-10-08,104.75,104.75,104.75,104.75,0.00K,-0.05%
2025-10-07,104.8,104.8,104.8,104.8,0.01K,0.05%
2025-10-06,104.75,104.75,104.75,104.75,0.01K,-0.24%
2025-10-03,105.0,105.0,105.0,105.0,0.01K,0.14%
2025-10-02,104.85,104.85,104.85,104.85,0.01K,-0.66%
2025-10-01,105.55,105.55,105.55,105.55,,-0.61%
2025-09-30,106.2,106.2,106.2,106.2,0.06K,-0.52%
2025-09-29,106.75,110.0,110.0,106.5,0.10K,2.89%
2025-09-26,103.75,103.75,103.75,103.75,,-0.10%
2025-09-25,103.85,103.85,103.85,103.85,,0.24%
2025-09-24,103.6,103.6,103.6,103.6,,0.00%
2025-09-23,103.6,103.6,103.6,103.6,,-0.29%
2025-09-22,103.9,103.9,103.9,103.9,0.01K,0.53%
2025-09-19,103.35,103.35,103.35,103.35,,0.00%
2025-09-18,103.35,103.35,103.35,103.35,,0.44%
2025-09-17,102.9,102.9,102.9,102.9,,1.13%
2025-09-16,101.75,101.75,101.75,101.75,,0.25%
2025-09-15,101.5,101.5,101.5,101.5,0.02K,0.79%
2025-09-12,100.7,100.7,100.7,100.7,,-0.20%
2025-09-11,100.9,101.5,101.5,101.5,0.00K,-1.51%
2025-09-10,102.45,102.9,102.9,102.25,0.02K,-1.35%
2025-09-09,103.85,103.75,103.75,103.75,0.01K,-1.84%
2025-09-08,105.8,105.8,105.8,105.8,,-1.63%
2025-09-05,107.55,106.5,106.5,106.5,0.01K,0.51%
2025-09-04,107.0,107.75,107.75,107.0,0.06K,-1.38%
2025-09-03,108.5,108.5,108.5,108.5,0.18K,-0.28%
2025-09-02,108.8,109.0,109.0,108.85,0.06K,-1.00%
2025-09-01,109.9,109.9,109.9,109.9,,-1.43%
2025-08-29,111.5,111.5,111.5,111.5,0.01K,-0.04%
2025-08-28,111.55,111.55,111.55,111.55,,0.00%
2025-08-27,111.55,111.55,111.55,111.55,,0.00%
2025-08-26,111.55,111.55,111.55,111.55,,0.22%
2025-08-25,111.3,111.3,111.3,111.3,,0.00%
2025-08-22,111.3,111.3,111.3,111.3,,0.63%
2025-08-21,110.6,110.6,110.6,110.6,,-0.81%
2025-08-20,111.5,111.5,111.5,111.5,,0.36%
2025-08-19,111.1,111.1,111.1,111.1,,0.09%
2025-08-18,111.0,111.0,111.0,111.0,,0.14%
2025-08-15,110.85,110.85,110.85,110.85,,-0.05%
2025-08-14,110.9,110.9,110.9,110.9,,-0.81%
2025-08-13,111.8,111.8,111.8,111.8,,0.09%
2025-08-12,111.7,111.7,111.7,111.7,,-0.49%
2025-08-11,112.25,112.25,112.25,112.25,0.01K,-0.84%
2025-08-08,113.2,113.2,113.2,113.2,,-0.48%
2025-08-07,113.75,113.75,113.75,113.75,0.00K,-0.66%
2025-08-06,114.5,114.5,114.5,114.5,0.01K,-0.26%
2025-08-05,114.8,114.8,114.8,114.8,,-0.13%
2025-08-04,114.95,114.95,114.95,114.95,,0.04%
2025-08-01,114.9,114.9,114.9,114.9,,-0.22%
2025-07-31,115.15,115.15,115.15,115.15,,0.09%
2025-07-30,115.05,115.05,115.05,115.05,0.01K,-0.39%
2025-07-29,115.5,115.5,116.0,115.5,0.08K,0.00%
2025-07-28,115.5,115.5,115.5,115.5,0.00K,4.81%
2025-07-25,110.2,110.2,110.2,110.2,,0.09%
2025-07-24,110.1,110.1,110.1,110.1,,0.18%
2025-07-23,109.9,109.9,109.9,109.9,,-0.18%
2025-07-22,110.1,110.25,110.4,110.25,0.05K,0.23%
2025-07-21,109.85,109.85,109.85,109.85,,-0.50%
2025-07-18,110.4,110.4,110.4,110.4,,-0.09%
2025-07-17,110.5,110.5,110.5,110.5,0.01K,0.45%
2025-07-16,110.0,110.0,110.0,110.0,0.01K,0.00%
2025-07-15,110.0,110.0,110.0,110.0,,-0.99%
2025-07-14,111.1,111.1,111.1,111.1,,-0.80%
2025-07-11,112.0,112.0,112.0,112.0,0.02K,0.90%
2025-07-10,111.0,111.0,111.0,111.0,0.01K,0.68%
2025-07-09,110.25,110.25,110.25,110.25,,0.59%
2025-07-08,109.6,109.0,109.5,109.0,0.00K,0.09%
2025-07-07,109.5,109.5,109.5,109.5,,-0.41%
2025-07-04,109.95,109.95,109.95,109.95,0.01K,-1.17%
2025-07-03,111.25,111.25,111.25,111.25,0.02K,-1.11%
2025-07-02,112.5,112.5,112.5,112.5,0.01K,0.63%
2025-07-01,111.8,110.25,110.25,110.0,0.03K,1.73%
2025-06-30,109.9,107.0,111.0,107.0,0.01K,3.19%
2025-06-27,106.5,106.5,106.5,106.5,,0.14%
2025-06-26,106.35,106.35,106.35,106.35,,-0.23%
2025-06-25,106.6,106.6,106.6,106.6,,0.00%
2025-06-24,106.6,106.6,106.6,106.6,,-0.61%
2025-06-23,107.25,107.25,107.25,107.25,,0.61%
2025-06-20,106.6,106.6,106.6,106.6,,-0.37%
2025-06-19,107.0,107.0,107.0,107.0,,0.28%
2025-06-18,106.7,107.0,107.0,106.85,0.04K,0.28%
2025-06-17,106.4,106.4,106.4,106.4,,0.38%
2025-06-16,106.0,106.0,106.25,105.75,0.17K,0.71%
2025-06-13,105.25,105.25,105.25,105.25,0.01K,0.62%
2025-06-12,104.6,104.25,104.25,104.25,0.02K,0.14%
2025-06-11,104.45,104.25,104.25,104.25,0.01K,0.77%
2025-06-10,103.65,105.25,105.25,104.6,0.02K,-1.52%
2025-06-09,105.25,105.0,107.95,105.0,0.00K,0.38%
2025-06-06,104.85,104.85,104.85,104.85,0.01K,-0.14%
2025-06-05,105.0,108.0,108.0,104.5,0.01K,0.53%
2025-06-04,104.45,104.0,104.0,104.0,0.02K,0.19%
2025-06-03,104.25,104.5,104.5,104.5,0.05K,-1.04%
2025-06-02,105.35,105.5,107.0,105.5,0.05K,4.51%
2025-05-30,100.8,100.8,100.8,100.8,,-0.10%
2025-05-29,100.9,100.9,100.9,100.9,,0.00%
2025-05-28,100.9,100.9,100.9,100.9,,0.00%
2025-05-27,100.9,100.9,100.9,100.9,,0.50%
2025-05-26,100.4,100.4,100.4,100.4,,0.00%
2025-05-23,100.4,100.25,100.25,100.25,0.01K,0.30%
2025-05-22,100.1,99.0,100.5,99.0,0.01K,-0.35%
2025-05-21,100.45,100.45,100.45,100.45,0.07K,-0.10%
2025-05-20,100.55,100.55,100.55,100.55,0.03K,1.31%
2025-05-19,99.25,99.25,99.25,99.25,,0.25%
2025-05-16,99.0,99.0,99.0,99.0,,0.00%
2025-05-15,99.0,99.0,99.0,99.0,,0.00%
2025-05-14,99.0,99.0,99.0,99.0,,-0.90%
2025-05-13,99.9,101.0,101.0,101.0,0.02K,0.15%
2025-05-12,99.75,99.75,99.75,99.75,0.01K,0.86%
2025-05-09,98.9,98.9,98.9,98.9,0.05K,0.41%
2025-05-08,98.5,98.5,98.5,98.5,0.07K,-0.25%
2025-05-07,98.75,98.9,101.0,98.9,0.01K,-0.65%
2025-05-06,99.4,99.4,99.4,99.4,0.04K,0.91%
2025-05-05,98.5,98.5,98.5,98.5,,0.51%
2025-05-02,98.0,98.0,98.0,98.0,0.02K,0.51%
2025-05-01,97.5,97.5,97.5,97.5,0.03K,0.00%
2025-04-30,97.5,97.5,97.5,97.5,0.04K,0.26%
2025-04-29,97.25,96.25,96.25,96.25,0.03K,1.73%
2025-04-28,95.6,95.25,98.4,95.25,0.02K,1.97%
2025-04-25,93.75,93.75,93.75,93.75,,-0.05%
2025-04-24,93.8,93.8,93.8,93.8,0.00K,0.11%
2025-04-23,93.7,93.7,93.7,93.7,0.01K,-0.21%
2025-04-22,93.9,93.25,93.25,93.25,0.01K,-1.21%
2025-04-21,95.05,95.05,95.05,95.05,,0.00%
2025-04-17,95.05,95.05,95.05,95.05,0.00K,0.85%
2025-04-16,94.25,94.25,94.25,94.25,,-1.31%
2025-04-15,95.5,95.5,95.5,95.5,,0.00%
2025-04-14,95.5,95.5,95.5,95.5,0.03K,0.69%
2025-04-11,94.85,94.85,94.85,94.85,0.02K,-1.45%
2025-04-10,96.25,96.25,96.25,96.25,0.00K,-0.26%
2025-04-09,96.5,96.25,96.25,96.25,0.12K,-1.53%
2025-04-08,98.0,98.0,98.0,98.0,0.06K,0.51%
2025-04-07,97.5,94.0,98.5,94.0,0.04K,0.52%
2025-04-04,97.0,96.4,97.95,96.4,0.01K,-2.41%
2025-04-03,99.4,98.5,99.45,98.5,0.02K,-1.58%
2025-04-02,101.0,101.0,101.0,101.0,0.00K,-1.61%
2025-04-01,102.65,102.65,102.65,102.65,0.02K,-0.34%
2025-03-31,103.0,103.5,105.0,101.0,0.07K,6.68%
2025-03-28,96.55,96.55,96.55,96.55,,-0.21%
2025-03-27,96.75,96.75,96.75,96.75,,0.00%
2025-03-26,96.75,96.75,96.75,96.75,,0.36%
2025-03-25,96.4,96.4,96.4,96.4,,-0.52%
2025-03-24,96.9,96.9,96.9,96.9,,-0.10%
2025-03-21,97.0,97.0,97.0,97.0,,-0.77%
2025-03-20,97.75,97.75,97.75,97.75,,0.26%
2025-03-19,97.5,97.5,97.5,97.5,,0.41%
2025-03-18,97.1,96.85,96.85,96.85,0.00K,-1.67%
2025-03-17,98.75,98.75,98.75,98.75,0.01K,-1.99%
2025-03-14,100.75,100.75,100.75,100.75,,-0.30%
2025-03-13,101.05,101.05,101.05,101.05,0.02K,-0.44%
2025-03-12,101.5,101.5,101.5,101.5,0.01K,-3.24%
2025-03-11,104.9,104.9,104.9,104.9,0.01K,0.29%
2025-03-10,104.6,105.0,105.0,105.0,0.03K,1.31%
2025-03-07,103.25,100.0,103.85,100.0,0.01K,-1.38%
2025-03-06,104.7,100.0,100.0,100.0,0.01K,0.58%
2025-03-05,104.1,99.0,100.5,99.0,0.03K,2.56%
2025-03-04,101.5,101.5,101.5,101.5,,0.10%
2025-03-03,101.4,99.0,99.0,99.0,0.09K,-0.64%
2025-02-28,102.05,102.05,102.05,102.05,,-0.34%
2025-02-27,102.4,102.4,102.4,102.4,,0.00%
2025-02-26,102.4,102.4,102.4,102.4,,0.39%
2025-02-25,102.0,102.0,102.0,102.0,,-0.24%
2025-02-24,102.25,102.25,102.25,102.25,,0.25%
2025-02-21,102.0,102.0,102.0,102.0,,-1.45%
2025-02-20,103.5,103.5,103.5,103.5,,0.00%
2025-02-19,103.5,103.5,103.5,103.5,0.00K,2.63%
2025-02-18,100.85,100.85,100.85,100.85,,-1.13%
2025-02-17,102.0,102.0,102.0,102.0,,-0.73%
2025-02-14,102.75,102.75,102.75,102.75,,-1.49%
2025-02-13,104.3,104.3,104.3,104.3,,-0.19%
2025-02-12,104.5,104.5,104.5,104.5,,-0.24%
2025-02-11,104.75,104.75,104.75,104.75,0.01K,-0.85%
2025-02-10,105.65,105.65,105.65,105.65,,-1.49%
2025-02-07,107.25,107.25,107.25,107.25,0.00K,-1.56%
2025-02-06,108.95,109.0,109.0,109.0,0.01K,-2.07%
2025-02-05,111.25,111.9,111.9,111.9,0.13K,-1.11%
2025-02-04,112.5,112.25,112.25,112.25,0.01K,-2.72%
2025-02-03,115.65,114.5,116.0,114.5,0.02K,0.13%
2025-01-31,115.5,115.5,115.5,115.5,,0.57%
2025-01-30,114.85,114.85,114.85,114.85,,0.04%
2025-01-29,114.8,114.8,114.8,114.8,,-0.22%
2025-01-28,115.05,115.05,115.05,115.05,,0.44%
2025-01-27,114.55,114.55,114.55,114.55,,-1.55%
2025-01-24,116.35,116.35,116.35,116.35,,-0.13%
2025-01-23,116.5,116.5,116.5,116.5,,-0.21%
2025-01-22,116.75,116.75,116.75,116.75,,-0.85%
2025-01-21,117.75,118.5,118.5,117.5,0.02K,-0.34%
2025-01-20,118.15,115.5,115.5,115.5,0.02K,0.77%
2025-01-17,117.25,117.25,117.25,117.25,0.01K,2.22%
2025-01-16,114.7,115.5,115.5,115.25,0.00K,0.22%
2025-01-15,114.45,114.45,114.45,114.45,,-0.82%
2025-01-14,115.4,115.0,115.25,115.0,0.00K,0.79%
2025-01-13,114.5,114.5,115.0,114.0,0.10K,0.88%
2025-01-10,113.5,113.5,113.5,113.5,0.00K,-1.94%
2025-01-09,115.75,115.75,115.75,115.75,0.00K,-1.45%
2025-01-08,117.45,117.45,117.45,117.45,0.06K,-0.72%
2025-01-07,118.3,119.25,119.25,118.5,0.18K,-1.21%
2025-01-06,119.75,122.0,122.0,121.0,0.01K,-3.04%
2025-01-03,123.5,123.5,123.5,123.5,0.00K,-0.88%
2025-01-02,124.6,124.6,124.6,124.6,0.03K,-0.52%
2024-12-31,125.25,123.0,126.5,123.0,0.05K,0.56%
2024-12-30,124.55,124.0,124.0,124.0,0.00K,-1.74%
2024-12-27,126.75,126.75,126.75,126.75,,0.00%
2024-12-26,126.75,126.75,126.75,126.75,,0.00%
2024-12-24,126.75,126.75,126.75,126.75,,0.00%
2024-12-23,126.75,126.75,126.75,126.75,,-0.51%
2024-12-20,127.4,127.4,127.4,127.4,0.02K,0.24%
2024-12-19,127.1,128.0,128.0,128.0,0.00K,-0.90%
2024-12-18,128.25,128.0,128.05,128.0,0.01K,-0.58%
2024-12-17,129.0,129.0,129.0,129.0,,-0.19%
2024-12-16,129.25,129.25,129.25,129.25,0.04K,-1.15%
2024-12-13,130.75,130.75,130.75,130.75,,-1.32%
2024-12-12,132.5,132.5,132.5,132.5,,-0.93%
2024-12-11,133.75,133.75,133.75,133.75,,0.22%
2024-12-10,133.45,133.45,133.45,133.45,,-0.22%
2024-12-09,133.75,133.75,133.75,133.75,,0.38%
2024-12-06,133.25,133.25,133.25,133.25,,0.00%
2024-12-05,133.25,133.0,133.0,133.0,0.05K,-0.11%
2024-12-04,133.4,133.4,133.4,133.4,,-1.04%
2024-12-03,134.8,134.8,134.8,134.8,,-0.15%
2024-12-02,135.0,136.0,136.05,136.0,0.01K,-4.59%
2024-11-29,141.5,141.5,141.5,141.5,,0.57%
2024-11-28,140.7,140.7,140.7,140.7,,0.00%
2024-11-27,140.7,140.7,140.7,140.7,,-0.21%
2024-11-26,141.0,141.0,141.0,141.0,,0.00%
2024-11-25,141.0,141.0,141.0,141.0,,-0.18%
2024-11-22,141.25,141.25,141.25,141.25,,-0.18%
2024-11-21,141.5,141.5,141.5,141.5,,0.00%
2024-11-20,141.5,141.5,141.5,141.5,,0.18%
2024-11-19,141.25,141.25,141.25,141.25,,-0.35%
2024-11-18,141.75,141.75,141.75,141.75,,0.00%
2024-11-15,141.75,141.75,141.75,141.75,,0.18%
2024-11-14,141.5,141.5,141.5,141.5,,0.00%
2024-11-13,141.5,141.5,141.5,141.5,,-0.53%
2024-11-12,142.25,142.25,142.25,142.25,,0.00%
2024-11-11,142.25,142.25,142.25,142.25,,-0.77%
2024-11-08,143.35,143.35,143.35,143.35,,0.81%
2024-11-07,142.2,142.2,142.2,142.2,,0.78%
2024-11-06,141.1,141.1,141.1,141.1,,-1.26%
2024-11-05,142.9,142.9,142.9,142.9,,-0.69%
2024-11-04,143.9,143.9,143.9,143.9,,-0.03%
2024-11-01,143.95,144.15,144.15,144.15,0.01K,-0.07%
2024-10-31,144.05,144.05,144.05,144.05,,-0.66%
2024-10-30,145.0,144.0,144.05,144.0,0.18K,-0.17%
2024-10-29,145.25,145.25,145.25,145.25,0.03K,0.52%
2024-10-28,144.5,143.75,143.75,143.75,0.02K,-0.28%
2024-10-25,144.9,144.9,144.9,144.9,,-0.41%
2024-10-24,145.5,145.5,145.5,145.5,,0.17%
2024-10-23,145.25,145.25,145.25,145.25,,0.38%
2024-10-22,144.7,144.7,144.7,144.7,,-0.62%
2024-10-21,145.6,145.6,145.6,145.6,,0.14%
2024-10-18,145.4,145.4,145.4,145.4,,-0.24%
2024-10-17,145.75,145.75,145.75,145.75,0.00K,-0.14%
2024-10-16,145.95,145.95,145.95,145.95,0.00K,-0.07%
2024-10-15,146.05,146.05,146.05,146.05,0.01K,-1.45%
2024-10-14,148.2,148.2,148.2,148.2,0.01K,1.02%
2024-10-11,146.7,148.05,148.05,148.05,0.00K,-0.88%
2024-10-10,148.0,147.0,148.5,147.0,0.02K,1.75%
2024-10-09,145.45,145.45,145.45,145.45,0.06K,-1.59%
2024-10-08,147.8,147.8,147.8,147.8,0.01K,-0.47%
2024-10-07,148.5,148.5,148.5,148.5,0.02K,0.20%
2024-10-04,148.2,148.2,148.2,148.2,0.12K,5.26%
2024-10-03,140.8,140.8,140.8,140.8,0.01K,0.39%
2024-10-02,140.25,142.1,142.1,142.1,0.03K,-0.99%
2024-10-01,141.65,142.75,142.75,142.75,0.01K,-2.38%
2024-09-30,145.1,149.0,149.0,145.0,0.01K,3.83%
2024-09-27,139.75,139.75,139.75,139.75,,0.11%
2024-09-26,139.6,139.6,139.6,139.6,,-0.11%
2024-09-25,139.75,139.75,139.75,139.75,,0.18%
2024-09-24,139.5,139.5,139.5,139.5,0.00K,0.00%
2024-09-23,139.5,139.5,139.5,139.5,,0.00%
2024-09-20,139.5,139.5,139.5,139.5,,0.00%
2024-09-19,139.5,140.0,140.0,140.0,0.01K,0.36%
2024-09-18,139.0,139.0,139.0,139.0,,-0.47%
2024-09-17,139.65,139.0,139.0,139.0,0.00K,1.75%
2024-09-16,137.25,137.25,137.25,137.25,,-0.47%
2024-09-13,137.9,137.9,137.9,137.9,,-0.18%
2024-09-12,138.15,138.15,138.15,138.15,0.00K,-0.61%
2024-09-11,139.0,139.0,139.0,139.0,,0.18%
2024-09-10,138.75,139.5,139.5,139.5,0.02K,-2.05%
2024-09-09,141.65,141.65,141.65,141.65,,0.11%
2024-09-06,141.5,141.35,141.35,141.35,0.00K,0.35%
2024-09-05,141.0,141.0,141.0,141.0,0.01K,1.08%
2024-09-04,139.5,139.5,139.5,139.5,0.03K,-1.76%
2024-09-03,142.0,142.0,142.0,142.0,0.05K,-1.32%
2024-09-02,143.9,143.9,143.9,143.9,,-1.57%
2024-08-30,146.2,146.2,146.2,146.2,,0.83%
2024-08-29,145.0,145.0,145.0,145.0,,0.00%
2024-08-28,145.0,145.0,145.0,145.0,,-0.68%
2024-08-27,146.0,146.0,146.0,146.0,,0.21%
2024-08-26,145.7,145.7,145.7,145.7,,0.34%
2024-08-23,145.2,145.2,145.2,145.2,,-1.06%
2024-08-22,146.75,146.75,146.75,146.75,,0.58%
2024-08-21,145.9,145.9,145.9,145.9,,-0.07%
2024-08-20,146.0,148.25,148.25,148.25,0.01K,-0.34%
2024-08-19,146.5,146.5,146.5,146.5,,-0.17%
2024-08-16,146.75,146.75,146.75,146.75,,-2.17%
2024-08-15,150.0,150.0,150.0,150.0,0.01K,2.92%
2024-08-14,145.75,145.75,145.75,145.75,,-0.78%
2024-08-13,146.9,146.9,146.9,146.9,,0.10%
2024-08-12,146.75,146.75,146.75,146.75,,0.51%
2024-08-09,146.0,146.0,146.0,146.0,,0.34%
2024-08-08,145.5,145.5,145.5,145.5,,0.34%
2024-08-07,145.0,145.0,145.0,145.0,,-0.34%
2024-08-06,145.5,145.5,145.5,145.5,0.02K,1.25%
2024-08-05,143.7,143.7,143.7,143.7,0.03K,-0.28%
2024-08-02,144.1,144.1,144.1,144.1,,1.09%
2024-08-01,142.55,141.0,144.0,141.0,0.01K,1.75%
2024-07-31,140.1,139.5,140.5,139.5,0.02K,0.61%
2024-07-30,139.25,139.25,139.25,139.25,0.03K,-0.61%
2024-07-29,140.1,140.1,140.1,140.1,0.01K,3.93%
2024-07-26,134.8,134.8,134.8,134.8,,0.04%
2024-07-25,134.75,134.75,134.75,134.75,,0.00%
2024-07-24,134.75,134.75,134.75,134.75,,0.04%
2024-07-23,134.7,134.7,134.7,134.7,,-0.22%
2024-07-22,135.0,135.0,135.0,135.0,0.01K,-0.07%
2024-07-19,135.1,135.1,135.1,135.1,,0.07%
2024-07-18,135.0,135.0,135.0,135.0,,0.19%
2024-07-17,134.75,134.75,134.75,134.75,0.02K,0.26%
2024-07-16,134.4,134.4,134.4,134.4,,-0.41%
2024-07-15,134.95,134.85,134.85,134.85,0.03K,0.82%
2024-07-12,133.85,133.0,134.0,133.0,0.01K,0.07%
2024-07-11,133.75,133.75,133.75,133.75,,0.00%
2024-07-10,133.75,133.75,133.75,133.75,,-1.11%
2024-07-09,135.25,135.25,135.25,135.25,0.04K,0.15%
2024-07-08,135.05,135.0,135.0,135.0,0.00K,-0.52%
2024-07-05,135.75,135.75,135.75,135.75,0.01K,-0.55%
2024-07-04,136.5,136.5,136.5,136.5,,1.11%
2024-07-03,135.0,135.0,135.0,135.0,0.11K,2.08%
2024-07-02,132.25,132.25,132.25,132.25,0.01K,0.11%
2024-07-01,132.1,132.1,132.1,132.1,0.00K,-1.01%
2024-06-28,133.45,133.45,133.45,133.45,,0.53%
2024-06-27,132.75,132.75,132.75,132.75,,0.57%
2024-06-26,132.0,132.0,132.0,132.0,,-1.57%
2024-06-25,134.1,134.1,134.1,134.1,,0.86%
2024-06-24,132.95,132.95,132.95,132.95,,0.68%
2024-06-21,132.05,132.05,132.05,132.05,,-1.38%
2024-06-20,133.9,133.9,133.9,133.9,,-0.15%
2024-06-19,134.1,134.1,134.1,134.1,,0.15%
2024-06-18,133.9,133.9,133.9,133.9,,0.00%
2024-06-17,133.9,133.9,133.9,133.9,,0.56%
2024-06-14,133.15,133.15,133.15,133.15,,-1.15%
2024-06-13,134.7,134.7,134.7,134.7,,1.32%
2024-06-12,132.95,132.95,132.95,132.95,,1.30%
2024-06-11,131.25,131.25,131.25,131.25,,-0.46%
2024-06-10,131.85,131.85,131.85,131.85,0.01K,0.30%
2024-06-07,131.45,131.0,131.0,131.0,0.01K,-2.16%
2024-06-06,134.35,134.35,134.35,134.35,0.01K,-1.21%
2024-06-05,136.0,136.0,136.0,136.0,0.01K,-1.41%
2024-06-04,137.95,137.95,137.95,137.95,,-1.60%
2024-06-03,140.2,139.0,140.75,138.75,0.14K,-1.54%
2024-05-31,142.4,142.4,142.4,142.4,,0.00%
2024-05-30,142.4,142.4,142.4,142.4,,0.00%
2024-05-29,142.4,142.4,142.4,142.4,,0.00%
2024-05-28,142.4,142.4,142.4,142.4,,-0.28%
2024-05-27,142.8,142.8,142.8,142.8,,0.00%
2024-05-24,142.8,142.8,142.8,142.8,,0.04%
2024-05-23,142.75,142.75,142.75,142.75,,0.25%
2024-05-22,142.4,142.4,142.4,142.4,,0.25%
2024-05-21,142.05,142.05,142.05,142.05,0.01K,0.74%
2024-05-20,141.0,141.0,141.0,141.0,,-0.35%
2024-05-17,141.5,141.5,141.5,141.5,,-1.39%
2024-05-16,143.5,143.5,143.5,143.5,,0.35%
2024-05-15,143.0,143.0,143.0,143.0,,0.25%
2024-05-14,142.65,142.65,142.65,142.65,,0.39%
2024-05-13,142.1,142.1,142.1,142.1,,-1.59%
2024-05-10,144.4,144.4,144.4,144.4,,-0.38%
2024-05-09,144.95,144.95,144.95,144.95,0.09K,-0.21%
2024-05-08,145.25,145.25,145.25,145.25,,-0.79%
2024-05-07,146.4,146.4,146.4,146.4,0.04K,0.76%
2024-05-06,145.3,145.3,145.3,145.3,,0.10%
2024-05-03,145.15,145.15,145.15,145.15,,-1.76%
2024-05-02,147.75,147.75,147.75,147.75,0.02K,0.51%
2024-05-01,147.0,151.65,151.65,151.65,0.00K,3.34%
2024-04-30,142.25,142.25,142.25,142.25,0.01K,3.53%
2024-04-29,137.4,136.75,136.75,136.75,0.05K,5.90%
2024-04-26,129.75,129.75,129.75,129.75,,0.39%
2024-04-25,129.25,129.25,129.25,129.25,,0.19%
2024-04-24,129.0,129.0,129.0,129.0,,-0.58%
2024-04-23,129.75,129.75,129.75,129.75,,0.19%
2024-04-22,129.5,129.5,129.5,129.5,,-0.84%
2024-04-19,130.6,130.6,130.6,130.6,,0.77%
2024-04-18,129.6,129.6,129.6,129.6,0.02K,0.00%
2024-04-17,129.6,129.6,129.6,129.6,,0.27%
2024-04-16,129.25,130.0,130.0,130.0,0.04K,-0.39%
2024-04-15,129.75,129.75,129.75,129.75,,0.39%
2024-04-12,129.25,129.25,129.25,129.25,0.01K,0.39%
2024-04-11,128.75,128.75,128.75,128.75,0.02K,0.59%
2024-04-10,128.0,128.0,128.0,128.0,0.07K,0.20%
2024-04-09,127.75,127.0,127.0,127.0,0.03K,-0.35%
2024-04-08,128.2,128.2,128.2,128.2,0.03K,-0.70%
2024-04-05,129.1,129.1,129.1,129.1,0.02K,0.70%
2024-04-04,128.2,128.2,128.2,128.2,0.02K,-1.12%
2024-04-03,129.65,129.65,129.65,129.65,0.01K,-1.97%
2024-04-02,132.25,132.25,132.25,132.25,0.04K,0.19%
2024-04-01,132.0,132.0,132.0,132.0,,2.25%
2024-03-28,129.1,129.1,129.1,129.1,,0.08%
2024-03-27,129.0,129.0,129.0,129.0,,0.08%
2024-03-26,128.9,128.9,128.9,128.9,,-0.04%
2024-03-25,128.95,128.95,128.95,128.95,,0.98%
2024-03-22,127.7,127.7,127.7,127.7,,-0.43%
2024-03-21,128.25,128.25,128.25,128.25,,-0.50%
2024-03-20,128.9,128.9,128.9,128.9,,-0.39%
2024-03-19,129.4,129.4,129.4,129.4,,-0.27%
2024-03-18,129.75,129.75,129.75,129.75,0.03K,-0.95%
2024-03-15,131.0,131.0,131.0,131.0,0.04K,-0.38%
2024-03-14,131.5,131.5,131.5,131.5,0.01K,0.31%
2024-03-13,131.1,131.1,131.1,131.1,,0.34%
2024-03-12,130.65,130.65,130.65,130.65,,-1.77%
2024-03-11,133.0,134.0,134.0,132.75,0.01K,-1.04%
2024-03-08,134.4,134.4,134.4,134.4,,-0.81%
2024-03-07,135.5,135.5,135.5,135.5,0.02K,-0.91%
2024-03-06,136.75,136.75,136.75,136.75,0.03K,-0.51%
2024-03-05,137.45,137.5,137.5,137.1,0.02K,1.07%
2024-03-04,136.0,136.0,136.0,136.0,0.02K,3.03%
2024-03-01,132.0,132.0,132.0,132.0,,0.76%
2024-02-29,131.0,131.0,131.0,131.0,0.02K,1.16%
2024-02-28,129.5,129.75,131.0,129.75,0.07K,0.23%
2024-02-27,129.2,130.5,130.5,129.0,0.08K,1.14%
2024-02-26,127.75,127.5,127.5,127.5,0.06K,6.99%
2024-02-23,119.4,119.4,119.4,119.4,,0.00%
2024-02-22,119.4,119.4,119.4,119.4,,0.00%
2024-02-21,119.4,115.0,115.0,115.0,0.00K,-0.17%
2024-02-20,119.6,119.6,119.6,119.6,,0.00%
2024-02-19,119.6,119.6,119.6,119.6,,0.29%
2024-02-16,119.25,119.25,119.25,119.25,,0.00%
2024-02-15,119.25,119.25,119.25,119.25,,-0.42%
2024-02-14,119.75,119.75,119.75,119.75,,-0.62%
2024-02-13,120.5,120.5,120.5,120.5,,0.42%
2024-02-12,120.0,120.0,120.0,120.0,,-0.50%
2024-02-09,120.6,120.6,120.6,120.6,,0.00%
2024-02-08,120.6,120.0,120.0,120.0,0.01K,0.08%
2024-02-07,120.5,120.5,120.5,120.5,0.02K,1.26%
2024-02-06,119.0,119.0,119.0,119.0,,0.00%
2024-02-05,119.0,119.0,119.0,119.0,,1.93%
2024-02-02,116.75,116.0,116.0,116.0,0.09K,0.65%
2024-02-01,116.0,116.0,116.0,116.0,0.02K,-0.43%
2024-01-31,116.5,116.5,116.5,116.5,0.02K,-2.55%
2024-01-30,119.55,118.0,118.0,118.0,0.04K,2.71%
2024-01-29,116.4,116.0,116.0,116.0,0.03K,-8.42%
2024-01-26,127.1,118.25,118.25,118.25,,0.24%
2024-01-25,126.8,126.8,126.8,126.8,,-0.31%
2024-01-24,127.2,127.2,127.2,127.2,,-0.08%
2024-01-23,127.3,127.3,127.3,127.3,0.04K,-0.12%
2024-01-22,127.45,127.45,127.45,127.45,,-0.43%
2024-01-19,128.0,128.0,128.0,128.0,,-0.70%
2024-01-18,128.9,128.9,128.9,128.9,,-0.46%
2024-01-17,129.5,129.5,129.5,129.5,0.01K,0.00%
2024-01-16,129.5,129.0,129.0,129.0,0.00K,-0.27%
2024-01-15,129.85,129.85,129.85,129.85,0.01K,-0.76%
2024-01-12,130.85,130.85,130.85,130.85,0.07K,0.08%
2024-01-11,130.75,130.75,130.75,130.75,0.03K,-2.06%
2024-01-10,133.5,133.5,133.5,133.5,0.05K,-1.58%
2024-01-09,135.65,134.5,134.5,134.0,0.05K,2.77%
2024-01-08,132.0,131.5,131.5,131.5,0.09K,0.34%
2024-01-05,131.55,131.55,131.55,131.55,0.01K,0.50%
2024-01-04,130.9,130.9,130.9,130.9,0.08K,1.87%
2024-01-03,128.5,128.5,128.5,128.5,0.08K,0.59%
2024-01-02,127.75,132.0,132.0,131.9,0.04K,-12.74%
2023-12-29,146.4,146.4,146.4,146.4,,0.65%
2023-12-28,145.45,145.45,145.45,145.45,,-0.38%
2023-12-27,146.0,146.0,146.0,146.0,,0.34%
2023-12-26,145.5,145.5,145.5,145.5,,0.00%
2023-12-22,145.5,145.5,145.5,145.5,,0.17%
2023-12-21,145.25,145.25,145.25,145.25,0.02K,0.69%
2023-12-20,144.25,144.25,144.25,144.25,,-0.69%
2023-12-19,145.25,145.25,145.25,145.25,,0.35%
2023-12-18,144.75,144.75,144.75,144.75,,-0.34%
2023-12-15,145.25,145.25,145.25,145.25,,-0.17%
2023-12-14,145.5,145.5,145.5,145.5,,-0.51%
2023-12-13,146.25,146.25,146.25,146.25,0.02K,0.00%
2023-12-12,146.25,145.0,146.0,145.0,0.01K,-4.10%
2023-12-11,152.5,152.5,152.5,152.5,0.01K,0.99%
2023-12-08,151.0,151.0,151.0,151.0,,1.51%
2023-12-07,148.75,148.75,148.75,148.75,0.01K,5.91%
2023-12-06,140.45,140.45,140.45,140.45,0.02K,4.70%
2023-12-05,134.15,134.15,134.15,134.15,0.01K,-0.22%
2023-12-04,134.45,135.0,135.0,135.0,0.02K,0.71%
2023-12-01,133.5,133.5,133.5,133.5,0.16K,1.02%
2023-11-30,132.15,132.15,132.15,132.15,0.21K,3.36%
2023-11-29,127.85,129.0,129.0,129.0,0.19K,0.31%
2023-11-28,127.45,127.45,127.45,127.45,0.01K,-0.04%
2023-11-27,127.5,128.0,128.0,128.0,0.02K,4.51%
2023-11-24,122.0,128.0,128.0,128.0,,-0.12%
2023-11-23,122.15,122.15,122.15,122.15,,0.00%
2023-11-22,122.15,122.15,122.15,122.15,,-0.12%
2023-11-21,122.3,122.3,122.3,122.3,,-0.16%
2023-11-20,122.5,122.5,122.5,122.5,,-0.61%
2023-11-17,123.25,123.25,123.25,123.25,,0.12%
2023-11-16,123.1,123.1,123.1,123.1,,-0.12%
2023-11-15,123.25,123.25,123.25,123.25,,0.61%
2023-11-14,122.5,122.5,122.5,122.5,,0.41%
2023-11-13,122.0,122.0,122.0,122.0,,-1.01%
2023-11-10,123.25,123.25,123.25,123.25,,0.20%
2023-11-09,123.0,123.0,123.0,122.5,0.03K,0.41%
2023-11-08,122.5,122.5,122.5,122.5,0.08K,2.00%
2023-11-07,120.1,120.1,120.1,120.1,0.06K,0.92%
2023-11-06,119.0,119.0,119.0,119.0,0.18K,-2.86%
2023-11-03,122.5,122.5,122.5,122.5,0.00K,2.08%
2023-11-02,120.0,118.0,118.0,118.0,0.09K,0.29%
2023-11-01,119.65,117.45,117.45,117.45,0.00K,-1.20%
2023-10-31,121.1,123.5,123.5,123.5,0.06K,-7.56%
2023-10-30,131.0,131.0,131.0,131.0,0.02K,-3.11%
2023-10-27,135.2,135.2,135.2,135.2,,-0.37%
2023-10-26,135.7,135.7,135.7,135.7,,1.65%
2023-10-25,133.5,133.5,133.5,133.5,,-2.20%
2023-10-24,136.5,136.5,136.5,136.5,0.02K,-1.34%
2023-10-23,138.35,138.35,138.35,138.35,0.01K,0.25%
2023-10-20,138.0,138.0,138.0,138.0,,1.10%
2023-10-19,136.5,136.5,136.5,136.5,,-2.50%
2023-10-18,140.0,139.5,139.5,139.5,0.02K,-1.58%
2023-10-17,142.25,142.25,142.25,142.25,0.01K,-1.04%
2023-10-16,143.75,143.75,143.75,143.75,,-0.07%
2023-10-13,143.85,143.85,143.85,143.85,0.02K,0.84%
2023-10-12,142.65,142.65,142.65,142.65,,1.53%
2023-10-11,140.5,141.5,141.5,141.5,0.01K,-0.99%
2023-10-10,141.9,141.9,141.9,141.9,0.04K,0.39%
2023-10-09,141.35,141.35,141.35,141.35,0.02K,2.06%
2023-10-06,138.5,138.5,138.5,138.5,0.01K,-0.36%
2023-10-05,139.0,140.0,140.0,140.0,0.01K,-3.91%
2023-10-04,144.65,145.0,145.0,145.0,0.03K,-3.34%
2023-10-03,149.65,150.0,150.0,150.0,0.10K,-3.14%
2023-10-02,154.5,155.0,155.0,155.0,0.01K,-3.50%
2023-09-29,160.1,157.0,157.0,157.0,,0.22%
2023-09-28,159.75,159.75,159.75,159.75,,-0.37%
2023-09-27,160.35,160.35,160.35,160.35,,0.00%
2023-09-26,160.35,160.35,160.35,160.35,,0.22%
2023-09-25,160.0,160.0,160.0,160.0,,0.00%
2023-09-22,160.0,160.0,160.0,160.0,,-0.31%
2023-09-21,160.5,160.5,160.5,160.5,0.01K,-0.16%
2023-09-20,160.75,160.75,160.75,160.75,,0.00%
2023-09-19,160.75,160.75,160.75,160.75,,0.00%
2023-09-18,160.75,160.75,160.75,160.75,,0.16%
2023-09-15,160.5,160.5,160.5,160.5,0.25K,0.22%
2023-09-14,160.15,160.5,160.5,160.5,0.04K,-1.29%
2023-09-13,162.25,162.25,162.25,162.25,,2.04%
2023-09-12,159.0,159.0,159.0,159.0,,0.63%
2023-09-11,158.0,158.0,158.0,158.0,,1.12%
2023-09-08,156.25,156.25,156.25,156.25,,-0.89%
2023-09-07,157.65,157.65,157.65,157.65,,-1.47%
2023-09-06,160.0,160.0,160.0,160.0,,-0.31%
2023-09-05,160.5,160.5,160.5,160.5,,2.52%
2023-09-04,156.55,156.55,156.55,156.55,,0.19%
2023-09-01,156.25,156.25,156.25,156.25,0.02K,0.16%
2023-08-31,156.0,156.0,156.0,156.0,0.03K,0.00%
2023-08-30,156.0,156.0,156.0,156.0,0.08K,-2.19%
2023-08-29,159.5,158.5,158.5,158.5,0.09K,-0.16%
2023-08-28,159.75,158.5,158.5,158.5,0.00K,6.93%
2023-08-25,149.4,149.4,149.4,149.4,,0.27%
2023-08-24,149.0,149.0,149.0,149.0,0.00K,-0.67%
2023-08-23,150.0,150.0,150.0,150.0,,0.00%
2023-08-22,150.0,150.0,150.0,150.0,,0.50%
2023-08-21,149.25,149.25,149.25,149.25,,-0.17%
2023-08-18,149.5,149.5,149.5,149.5,,1.70%
2023-08-17,147.0,147.0,147.0,147.0,,-0.34%
2023-08-16,147.5,147.5,147.5,147.5,,0.24%
2023-08-15,147.15,147.15,147.15,147.15,,0.44%
2023-08-14,146.5,146.5,146.5,146.5,,1.74%
2023-08-11,144.0,144.0,144.0,144.0,,0.70%
2023-08-10,143.0,143.0,143.0,143.0,,0.35%
2023-08-09,142.5,142.5,142.5,142.5,0.02K,0.00%
2023-08-08,142.5,142.5,142.5,142.5,0.05K,0.99%
2023-08-07,141.1,141.1,141.1,141.1,0.01K,2.99%
2023-08-04,137.0,136.0,136.0,136.0,0.01K,0.11%
2023-08-03,136.85,136.85,136.85,136.85,0.02K,2.51%
2023-08-02,133.5,134.0,134.0,134.0,0.00K,-0.63%
2023-08-01,134.35,135.0,135.0,135.0,0.06K,-2.15%
2023-07-31,137.3,137.3,137.3,137.3,0.02K,2.12%
2023-07-28,134.45,139.0,139.0,139.0,,0.34%
2023-07-27,134.0,134.0,134.0,134.0,,0.00%
2023-07-26,134.0,134.0,134.0,134.0,0.01K,0.00%
2023-07-25,134.0,134.0,134.0,134.0,,0.68%
2023-07-24,133.1,133.1,133.1,133.1,,0.08%
2023-07-21,133.0,133.0,133.0,133.0,,0.76%
2023-07-20,132.0,132.0,132.0,132.0,,0.00%
2023-07-19,132.0,131.0,131.0,131.0,0.02K,-1.75%
2023-07-18,134.35,134.35,134.35,134.35,0.01K,2.48%
2023-07-17,131.1,131.1,131.1,131.1,0.01K,-0.42%
2023-07-14,131.65,131.65,131.65,131.65,0.03K,2.85%
2023-07-13,128.0,128.0,128.0,128.0,0.02K,-0.81%
2023-07-12,129.05,129.05,129.05,129.05,,-1.49%
2023-07-11,131.0,131.0,131.0,131.0,0.01K,-2.02%
2023-07-10,133.7,133.7,133.7,133.7,,-3.12%
2023-07-07,138.0,138.0,138.0,138.0,,-1.18%
2023-07-06,139.65,140.0,140.0,140.0,0.02K,-3.56%
2023-07-05,144.8,144.8,144.8,144.8,0.03K,1.15%
2023-07-04,143.15,142.5,142.5,142.5,0.15K,-3.31%
2023-07-03,148.05,145.0,145.0,145.0,0.02K,15.62%
2023-06-30,128.05,128.05,128.05,128.05,,0.12%
2023-06-29,127.9,127.9,127.9,127.9,,0.00%
2023-06-28,127.9,127.9,127.9,127.9,,0.00%
2023-06-27,127.9,127.9,127.9,127.9,,1.91%
2023-06-26,125.5,125.5,125.5,125.5,,0.00%
2023-06-23,125.5,125.5,125.5,125.5,,-0.20%
2023-06-22,125.75,125.75,125.75,125.75,,1.29%
2023-06-21,124.15,124.15,124.15,124.15,0.01K,-1.90%
2023-06-20,126.55,126.55,126.55,126.55,0.02K,-1.40%
2023-06-19,128.35,128.35,128.35,128.35,,-0.08%
2023-06-16,128.45,128.45,128.45,128.45,0.03K,-5.52%
2023-06-15,135.95,135.95,135.95,135.95,,2.99%
2023-06-14,132.0,132.0,132.0,132.0,,-0.19%
2023-06-13,132.25,132.25,132.25,132.25,0.05K,-1.31%
2023-06-12,134.0,134.0,134.0,134.0,,-1.25%
2023-06-09,135.7,135.7,135.7,135.7,0.01K,-0.40%
2023-06-08,136.25,136.25,136.25,136.25,,0.18%
2023-06-07,136.0,136.0,136.0,136.0,,1.15%
2023-06-06,134.45,134.45,134.45,134.45,0.04K,-2.40%
2023-06-05,137.75,137.75,137.75,137.75,,5.15%
2023-06-02,131.0,131.0,131.0,131.0,0.02K,0.65%
2023-06-01,130.15,130.15,130.15,130.15,0.01K,-3.59%
2023-05-31,135.0,138.0,138.0,138.0,0.01K,-0.07%
2023-05-30,135.1,135.1,135.1,135.1,,-3.95%
2023-05-29,140.65,140.65,140.65,140.65,,-12.09%
2023-05-26,160.0,160.0,160.0,160.0,,0.00%
2023-05-25,160.0,160.0,160.0,160.0,,-0.16%
2023-05-24,160.25,160.25,160.25,160.25,0.00K,0.16%
2023-05-23,160.0,160.0,160.0,160.0,,-0.22%
2023-05-22,160.35,160.35,160.35,160.35,,-1.17%
2023-05-19,162.25,162.25,162.25,162.25,,1.82%
2023-05-18,159.35,159.35,159.35,159.35,0.03K,-3.57%
2023-05-17,165.25,165.25,165.25,165.25,0.01K,0.89%
2023-05-16,163.8,163.8,163.8,163.8,0.01K,0.03%
2023-05-15,163.75,163.75,163.75,163.75,0.02K,-0.70%
2023-05-12,164.9,166.5,166.5,166.5,0.09K,1.17%
2023-05-11,163.0,163.0,163.0,163.0,0.01K,-2.37%
2023-05-10,166.95,166.95,166.95,166.95,0.01K,-1.21%
2023-05-09,169.0,169.0,169.0,169.0,,-0.38%
2023-05-08,169.65,169.65,169.65,169.65,,0.00%
2023-05-05,169.65,169.65,169.65,169.65,0.01K,-0.59%
2023-05-04,170.65,178.2,178.2,178.2,0.06K,-5.51%
2023-05-03,180.6,180.6,180.6,180.6,0.01K,-3.71%
2023-05-02,187.55,187.55,187.55,187.55,,1.30%
2023-05-01,185.15,185.15,185.15,185.15,,-2.40%
2023-04-28,189.7,189.7,189.7,189.7,,-0.13%
2023-04-27,189.95,189.95,189.95,189.95,,-0.11%
2023-04-26,190.15,190.15,190.15,190.15,,0.58%
2023-04-25,189.05,189.05,189.05,189.05,,-0.50%
2023-04-24,190.0,190.0,190.0,190.0,,-0.18%
2023-04-21,190.35,190.35,190.35,190.35,,-0.73%
2023-04-20,191.75,191.75,191.75,191.75,0.00K,-0.39%
2023-04-19,192.5,192.5,192.5,192.5,0.00K,2.23%
2023-04-18,188.3,188.3,188.3,188.3,,0.70%
2023-04-17,187.0,187.0,187.0,187.0,0.00K,-0.53%
2023-04-14,188.0,188.0,188.0,188.0,0.02K,-1.44%
2023-04-13,190.75,190.75,190.75,190.75,,-1.98%
2023-04-12,194.6,194.6,194.6,194.6,0.01K,0.23%
2023-04-11,194.15,194.15,194.15,194.15,0.01K,0.21%
2023-04-10,193.75,193.75,193.75,193.75,,0.00%
2023-04-06,193.75,193.75,193.75,193.75,,-2.15%
2023-04-05,198.0,198.0,198.0,198.0,0.03K,2.78%
2023-04-04,192.65,192.65,192.65,192.65,0.02K,-3.68%
2023-04-03,200.0,197.0,198.0,197.0,0.01K,12.83%
2023-03-31,177.25,177.25,177.25,177.25,,0.28%
2023-03-30,176.75,176.75,176.75,176.75,,0.08%
2023-03-29,176.6,176.6,176.6,176.6,,0.06%
2023-03-28,176.5,176.5,176.5,176.5,,0.14%
2023-03-27,176.25,176.25,176.25,176.25,,0.51%
2023-03-24,175.35,175.35,175.35,175.35,,-0.74%
2023-03-23,176.65,176.65,176.65,176.65,,0.06%
2023-03-22,176.55,176.55,176.55,176.55,,1.47%
2023-03-21,174.0,174.0,174.0,174.0,,1.02%
2023-03-20,172.25,173.0,173.0,173.0,0.01K,-0.43%
2023-03-17,173.0,173.0,173.0,173.0,0.00K,-0.57%
2023-03-16,174.0,174.0,174.0,174.0,0.01K,-0.57%
2023-03-15,175.0,175.0,178.5,175.0,0.01K,-2.78%
2023-03-14,180.0,180.0,180.0,180.0,0.01K,-1.59%
2023-03-13,182.9,182.9,182.9,182.9,0.01K,-1.27%
2023-03-10,185.25,185.25,185.25,185.25,,2.92%
2023-03-09,180.0,180.0,180.0,180.0,,0.28%
2023-03-08,179.5,182.0,182.0,182.0,0.00K,0.14%
2023-03-07,179.25,181.0,181.0,180.0,0.00K,-1.38%
2023-03-06,181.75,182.0,182.0,182.0,0.00K,-3.79%
2023-03-03,188.9,187.15,187.15,187.15,0.00K,-2.12%
2023-03-02,193.0,193.0,193.0,193.0,0.04K,-0.26%
2023-03-01,193.5,192.0,192.0,192.0,0.08K,0.34%
2023-02-28,192.85,192.85,192.85,192.85,0.07K,-1.86%
2023-02-27,196.5,195.0,197.0,195.0,0.07K,-6.07%
2023-02-24,209.2,204.5,204.5,204.5,,-0.43%
2023-02-23,210.1,210.1,210.1,210.1,,0.21%
2023-02-22,209.65,209.65,209.65,209.65,0.00K,0.55%
2023-02-21,208.5,209.0,209.0,209.0,0.03K,1.39%
2023-02-20,205.65,205.65,205.65,205.65,,-1.77%
2023-02-17,209.35,209.35,209.35,209.35,,-2.17%
2023-02-16,214.0,214.0,214.0,214.0,0.03K,-2.68%
2023-02-15,219.9,219.9,219.9,219.9,0.01K,0.18%
2023-02-14,219.5,219.5,219.5,219.5,0.01K,-0.68%
2023-02-13,221.0,221.0,221.0,221.0,,-2.26%
2023-02-10,226.1,219.0,219.0,218.0,0.03K,0.27%
2023-02-09,225.5,238.0,238.0,225.0,0.03K,-5.79%
2023-02-08,239.35,239.35,239.35,239.35,,-6.38%
2023-02-07,255.65,257.0,265.0,254.0,0.04K,1.45%
2023-02-06,252.0,235.0,235.0,235.0,0.01K,6.78%
2023-02-03,236.0,236.0,236.0,236.0,0.01K,-3.54%
2023-02-02,244.65,245.0,245.0,245.0,0.01K,-0.95%
2023-02-01,247.0,247.0,247.0,247.0,0.03K,-1.89%
2023-01-31,251.75,262.0,262.0,262.0,0.03K,-5.13%
2023-01-30,265.35,266.0,266.0,262.0,0.01K,-25.90%
2023-01-27,358.1,265.0,265.0,265.0,,0.70%
2023-01-26,355.6,355.6,355.6,355.6,,0.45%
2023-01-25,354.0,354.0,354.0,354.0,0.01K,-1.56%
2023-01-24,359.6,359.6,359.6,359.6,0.02K,-0.11%
2023-01-23,360.0,360.0,360.0,360.0,0.00K,2.58%
2023-01-20,350.95,350.95,350.95,350.95,,-3.45%
2023-01-19,363.5,363.5,363.5,363.5,0.00K,-1.22%
2023-01-18,368.0,368.0,368.0,368.0,,-0.34%
2023-01-17,369.25,369.25,369.25,369.25,0.00K,0.14%
2023-01-16,368.75,370.0,370.0,370.0,0.06K,-0.41%
2023-01-13,370.25,370.25,370.25,370.25,0.03K,-1.92%
2023-01-12,377.5,377.0,377.0,377.0,0.16K,2.03%
2023-01-11,370.0,385.0,385.0,380.0,0.12K,-5.24%
2023-01-10,390.45,395.0,395.0,393.0,0.05K,-0.86%
2023-01-09,393.85,397.0,397.0,395.0,0.13K,-0.58%
2023-01-06,396.15,400.0,400.0,400.0,0.03K,-0.34%
2023-01-05,397.5,395.0,399.0,395.0,0.09K,0.75%
2023-01-04,394.55,390.0,395.0,390.0,0.03K,0.37%
2023-01-03,393.1,396.0,396.0,392.0,0.14K,-2.73%
2022-12-30,404.15,390.0,390.0,390.0,,0.00%
2022-12-29,404.15,404.15,404.15,404.15,,0.51%
2022-12-28,402.1,402.5,402.5,402.5,0.00K,0.40%
2022-12-27,400.5,400.5,400.5,400.5,,-0.15%
2022-12-23,401.1,401.1,401.1,401.1,,0.11%
2022-12-22,400.65,400.65,400.65,400.65,,-0.19%
2022-12-21,401.4,401.4,401.4,401.4,0.01K,0.34%
2022-12-20,400.05,400.05,400.05,400.05,,-0.32%
2022-12-19,401.35,401.35,401.35,401.35,,-0.41%
2022-12-16,403.0,405.0,405.0,405.0,0.10K,0.27%
2022-12-15,401.9,403.0,403.0,403.0,0.01K,-0.52%
2022-12-14,404.0,404.0,404.0,404.0,0.04K,-0.12%
2022-12-13,404.5,405.0,405.0,405.0,0.02K,1.06%
2022-12-12,400.25,401.0,401.0,401.0,0.00K,-0.56%
2022-12-09,402.5,405.0,405.0,400.0,0.03K,1.77%
2022-12-08,395.5,395.5,395.5,395.5,0.01K,-2.50%
2022-12-07,405.65,405.0,405.0,405.0,0.01K,-0.77%
2022-12-06,408.8,408.8,408.8,408.8,0.01K,2.07%
2022-12-05,400.5,405.0,405.0,400.0,0.01K,2.43%
2022-12-02,391.0,391.0,391.0,391.0,,1.56%
2022-12-01,385.0,385.0,385.0,385.0,0.01K,-3.39%
2022-11-30,398.5,397.0,397.0,397.0,0.06K,2.87%
2022-11-29,387.4,390.0,390.0,390.0,0.03K,2.22%
2022-11-28,379.0,380.0,380.0,380.0,0.01K,8.47%
2022-11-25,349.4,362.0,362.0,362.0,,0.59%
2022-11-24,347.35,347.75,347.75,347.75,0.01K,0.26%
2022-11-23,346.45,346.45,346.45,346.45,,-0.20%
2022-11-22,347.15,347.15,347.15,347.15,,-1.10%
2022-11-21,351.0,351.0,351.0,351.0,,2.20%
2022-11-18,343.45,343.45,343.45,343.45,0.01K,2.64%
2022-11-17,334.6,334.6,334.6,334.6,0.02K,0.62%
2022-11-16,332.55,332.55,332.55,332.55,0.02K,-2.48%
2022-11-15,341.0,341.0,341.0,341.0,0.01K,3.22%
2022-11-14,330.35,330.35,330.35,330.35,,1.09%
2022-11-11,326.8,326.8,326.8,326.8,0.01K,0.79%
2022-11-10,324.25,325.0,325.0,325.0,0.03K,-0.15%
2022-11-09,324.75,329.0,330.0,329.0,0.05K,-4.20%
2022-11-08,339.0,340.0,340.0,338.5,0.04K,-1.71%
2022-11-07,344.9,347.0,347.0,345.0,0.11K,-1.32%
2022-11-04,349.5,349.5,349.5,349.5,0.02K,-0.43%
2022-11-03,351.0,354.0,354.0,354.0,0.06K,-2.77%
2022-11-02,361.0,361.0,361.0,361.0,,0.56%
2022-11-01,359.0,359.0,359.0,359.0,0.07K,0.76%
2022-10-31,356.3,362.5,362.5,355.5,0.01K,-7.62%
2022-10-28,385.7,385.7,385.7,385.7,,0.03%
2022-10-27,385.6,385.6,385.6,385.6,,-0.23%
2022-10-26,386.5,386.5,386.5,386.5,0.03K,-0.43%
2022-10-25,388.15,388.15,388.15,388.15,0.06K,-0.47%
2022-10-24,390.0,390.0,390.0,390.0,,0.00%
2022-10-21,390.0,390.0,390.0,390.0,,-0.50%
2022-10-20,391.95,391.95,391.95,391.95,0.01K,0.24%
2022-10-19,391.0,391.0,391.0,391.0,0.01K,0.81%
2022-10-18,387.85,387.85,387.85,387.85,0.01K,-1.10%
2022-10-17,392.15,392.15,392.15,392.15,,-0.09%
2022-10-14,392.5,392.5,392.5,392.5,0.01K,-0.25%
2022-10-13,393.5,397.0,397.0,397.0,0.02K,-2.36%
2022-10-12,403.0,405.0,405.0,405.0,0.04K,3.03%
2022-10-11,391.15,391.15,391.15,391.15,0.04K,1.20%
2022-10-10,386.5,386.5,386.5,386.5,0.01K,0.18%
2022-10-07,385.8,385.0,385.0,385.0,0.02K,-3.55%
2022-10-06,400.0,400.0,400.0,400.0,0.09K,0.95%
2022-10-05,396.25,396.25,396.25,396.25,0.01K,-1.92%
2022-10-04,404.0,404.0,404.0,404.0,0.01K,0.62%
2022-10-03,401.5,399.0,399.0,399.0,0.07K,-7.42%
2022-09-30,433.7,433.7,433.7,433.7,,-0.47%
2022-09-29,435.75,435.75,435.75,435.75,,-0.06%
2022-09-28,436.0,436.0,436.0,436.0,,-0.38%
2022-09-27,437.65,437.65,437.65,437.65,,-0.08%
2022-09-26,438.0,438.0,438.0,438.0,,0.64%
2022-09-23,435.2,435.2,435.2,435.2,,-0.10%
2022-09-22,435.65,435.65,435.65,435.65,0.00K,-1.99%
2022-09-21,444.5,440.0,440.0,440.0,0.02K,0.73%
2022-09-20,441.3,441.3,441.3,441.3,0.01K,0.51%
2022-09-19,439.05,439.05,439.05,439.05,,0.01%
2022-09-16,439.0,439.0,439.0,439.0,0.00K,-1.46%
2022-09-15,445.5,445.5,445.5,445.5,,0.29%
2022-09-14,444.2,444.2,444.2,444.2,0.00K,1.10%
2022-09-13,439.35,436.5,438.0,436.5,0.03K,0.42%
2022-09-12,437.5,437.0,437.0,436.0,0.04K,0.52%
2022-09-09,435.25,435.25,435.25,435.25,,-1.16%
2022-09-08,440.35,430.0,440.0,430.0,0.02K,0.31%
2022-09-07,439.0,439.0,439.0,439.0,0.02K,-2.50%
2022-09-06,450.25,450.25,450.25,450.25,0.00K,-1.65%
2022-09-05,457.8,457.8,457.8,457.8,0.01K,5.24%
2022-09-02,435.0,435.0,435.0,435.0,,1.79%
2022-09-01,427.35,427.35,427.35,427.35,,0.55%
2022-08-31,425.0,425.0,425.0,425.0,,2.52%
2022-08-30,414.55,414.55,414.55,414.55,0.01K,-1.94%
2022-08-29,422.75,422.75,422.75,422.75,,1.28%
2022-08-26,417.4,417.4,417.4,417.4,,-0.02%
2022-08-25,417.5,417.5,417.5,417.5,,1.19%
2022-08-24,412.6,412.6,412.6,412.6,,-1.20%
2022-08-23,417.6,417.6,417.6,417.6,,-0.18%
2022-08-22,418.35,418.35,418.35,418.35,,0.50%
2022-08-19,416.25,416.25,416.25,416.25,,0.57%
2022-08-18,413.9,413.9,413.9,413.9,,0.00%
2022-08-17,413.9,413.9,413.9,413.9,,2.20%
2022-08-16,405.0,405.0,405.0,405.0,,-0.61%
2022-08-15,407.5,407.5,407.5,407.5,,-0.04%
2022-08-12,407.65,407.65,407.65,407.65,,1.66%
2022-08-11,401.0,401.0,401.0,401.0,,0.59%
2022-08-10,398.65,398.65,398.65,398.65,,3.68%
2022-08-09,384.5,384.5,384.5,384.5,,3.64%
2022-08-08,371.0,371.0,371.0,371.0,0.02K,2.77%
2022-08-05,361.0,361.0,361.0,361.0,0.05K,-6.23%
2022-08-04,385.0,390.0,390.0,390.0,0.02K,-2.16%
2022-08-03,393.5,393.5,393.5,393.5,0.01K,-2.48%
2022-08-02,403.5,403.5,403.5,403.5,,-0.37%
2022-08-01,405.0,405.0,405.0,405.0,,-0.71%
2022-07-29,407.9,407.9,407.9,407.9,,-0.85%
2022-07-28,411.4,411.4,411.4,411.4,,-0.02%
2022-07-27,411.5,411.5,411.5,411.5,,-0.60%
2022-07-26,414.0,414.0,414.0,414.0,,0.91%
2022-07-25,410.25,410.25,410.25,410.25,,0.26%
2022-07-22,409.2,409.2,409.2,409.2,,1.44%
2022-07-21,403.4,403.4,403.4,403.4,,-1.27%
2022-07-20,408.6,408.6,408.6,408.6,,2.24%
2022-07-19,399.65,399.0,399.0,399.0,0.00K,0.91%
2022-07-18,396.05,396.05,396.05,396.05,0.00K,-2.58%
2022-07-15,406.55,410.0,410.0,410.0,0.00K,-2.35%
2022-07-14,416.35,415.0,415.0,415.0,0.01K,-3.17%
2022-07-13,430.0,432.0,432.0,432.0,0.01K,0.94%
2022-07-12,426.0,426.0,426.0,426.0,0.01K,1.67%
2022-07-11,419.0,419.0,419.0,419.0,0.00K,1.27%
2022-07-08,413.75,411.0,412.0,411.0,0.02K,0.91%
2022-07-07,410.0,410.0,410.0,410.0,0.02K,2.58%
2022-07-06,399.7,399.7,399.7,399.7,,0.53%
2022-07-05,397.6,397.6,397.6,397.6,,0.29%
2022-07-04,396.45,396.45,396.45,396.45,0.00K,2.18%
2022-07-01,388.0,388.0,388.0,388.0,0.01K,0.53%
2022-06-30,385.95,380.0,390.0,380.0,0.01K,1.57%
2022-06-29,380.0,389.0,390.0,380.0,0.04K,-3.43%
2022-06-28,393.5,385.0,394.0,385.0,0.02K,0.27%
2022-06-27,392.45,389.0,395.0,389.0,0.02K,-1.15%
2022-06-24,397.0,397.0,397.0,397.0,,-0.13%
2022-06-23,397.5,395.0,395.0,395.0,0.01K,1.40%
2022-06-22,392.0,392.0,392.0,392.0,,0.51%
2022-06-21,390.0,390.0,390.0,390.0,0.01K,-0.70%
2022-06-20,392.75,392.75,392.75,392.75,,0.87%
2022-06-17,389.35,389.35,389.35,389.35,,0.52%
2022-06-16,387.35,395.0,395.0,395.0,0.01K,0.26%
2022-06-15,386.35,386.35,386.35,386.35,,0.74%
2022-06-14,383.5,383.0,383.0,383.0,0.01K,-1.75%
2022-06-13,390.35,390.35,390.35,390.35,0.01K,-0.51%
2022-06-10,392.35,394.0,395.0,392.0,0.01K,-0.92%
2022-06-09,396.0,400.0,400.0,395.0,0.05K,0.15%
2022-06-08,395.4,402.0,402.0,395.0,0.03K,-0.40%
2022-06-07,397.0,408.0,408.0,403.0,0.03K,-4.39%
2022-06-06,415.25,415.25,415.25,415.25,,0.67%
2022-06-03,412.5,412.5,412.5,412.5,,0.00%
2022-06-02,412.5,412.5,412.5,412.5,,0.12%
2022-06-01,412.0,415.0,418.0,412.0,0.01K,-3.51%
2022-05-31,427.0,406.0,428.0,406.0,0.03K,6.48%
2022-05-30,401.0,390.0,401.0,390.0,0.06K,-1.39%
2022-05-27,406.65,406.65,406.65,406.65,0.00K,0.91%
2022-05-26,403.0,403.0,403.0,403.0,0.03K,-0.41%
2022-05-25,404.65,400.0,400.0,400.0,0.02K,-0.82%
2022-05-24,408.0,408.0,408.0,408.0,0.00K,-1.92%
2022-05-23,416.0,416.0,416.0,416.0,,-0.30%
2022-05-20,417.25,417.25,417.25,417.25,0.04K,1.25%
2022-05-19,412.1,412.1,412.1,412.1,,0.02%
2022-05-18,412.0,416.0,419.25,412.0,0.15K,-0.40%
2022-05-17,413.65,414.0,414.0,414.0,0.02K,2.77%
2022-05-16,402.5,402.5,402.5,402.5,,2.46%
2022-05-13,392.85,393.0,393.0,393.0,0.03K,0.34%
2022-05-12,391.5,391.5,391.5,391.5,0.01K,1.46%
2022-05-11,385.85,385.0,385.0,385.0,0.03K,2.23%
2022-05-10,377.45,377.5,377.5,377.5,0.07K,0.12%
2022-05-09,377.0,378.0,379.5,374.0,0.04K,-0.66%
2022-05-06,379.5,379.5,379.5,379.5,0.02K,1.38%
2022-05-05,374.35,374.35,374.35,374.35,0.04K,3.89%
2022-05-04,360.35,355.0,355.0,355.0,0.10K,10.33%
2022-05-03,326.6,325.0,325.0,325.0,0.08K,8.94%
2022-05-02,299.8,299.8,299.8,299.8,,-8.21%
2022-04-29,326.6,326.3,326.3,326.3,0.01K,-0.11%
2022-04-28,326.95,326.05,326.05,326.05,0.01K,0.28%
2022-04-27,326.05,326.05,326.05,326.05,,0.32%
2022-04-26,325.0,325.0,325.0,325.0,0.04K,-1.10%
2022-04-25,328.6,328.5,328.5,328.5,0.05K,0.46%
2022-04-22,327.1,326.0,326.0,326.0,0.01K,-1.21%
2022-04-21,331.1,333.0,333.0,331.0,0.04K,1.46%
2022-04-20,326.35,326.35,326.35,326.35,0.01K,1.67%
2022-04-19,321.0,321.0,321.0,321.0,0.03K,3.85%
2022-04-18,309.1,309.1,309.1,309.1,,0.00%
2022-04-14,309.1,314.0,314.0,314.0,0.01K,-0.93%
2022-04-13,312.0,312.0,312.0,312.0,0.04K,0.94%
2022-04-12,309.1,300.0,303.5,300.0,0.06K,6.35%
2022-04-11,290.65,292.0,292.0,292.0,0.04K,-0.33%
2022-04-08,291.6,291.6,291.6,291.6,0.04K,3.53%
2022-04-07,281.65,296.0,296.0,285.0,0.10K,-1.69%
2022-04-06,286.5,286.5,286.5,286.5,0.06K,1.96%
2022-04-05,281.0,281.0,281.0,281.0,0.07K,6.44%
2022-04-04,264.0,264.0,264.0,264.0,0.01K,2.03%
2022-04-01,258.75,258.75,258.75,258.75,0.05K,-0.10%
2022-03-31,259.0,261.0,264.0,261.0,0.01K,-0.38%
2022-03-30,260.0,261.0,261.0,259.0,0.02K,2.60%
2022-03-29,253.4,258.0,258.0,258.0,0.18K,-2.44%
2022-03-28,259.75,261.0,261.0,261.0,0.04K,-20.60%
2022-03-25,327.15,327.15,327.15,327.15,,0.15%
2022-03-24,326.65,326.65,326.65,326.65,,0.40%
2022-03-23,325.35,325.0,325.0,325.0,0.01K,-1.08%
2022-03-22,328.9,330.0,330.0,330.0,0.01K,-0.15%
2022-03-21,329.4,329.4,329.4,329.4,,-1.96%
2022-03-18,336.0,335.0,335.0,334.5,0.03K,-0.37%
2022-03-17,337.25,337.25,337.25,337.25,0.01K,-0.81%
2022-03-16,340.0,351.0,351.0,340.0,0.04K,-1.73%
2022-03-15,346.0,361.5,361.5,361.5,0.03K,-4.35%
2022-03-14,361.75,361.75,361.75,361.75,0.04K,-1.87%
2022-03-11,368.65,368.0,376.0,366.0,0.12K,-1.26%
2022-03-10,373.35,380.0,380.0,380.0,0.36K,-11.24%
2022-03-09,420.65,425.0,425.0,415.0,0.07K,-0.59%
2022-03-08,423.15,415.0,415.0,405.0,0.03K,0.12%
2022-03-07,422.65,422.65,422.65,422.65,,0.93%
2022-03-04,418.75,400.0,435.0,400.0,0.06K,13.18%
2022-03-03,370.0,370.0,370.0,370.0,0.09K,-15.91%
2022-03-02,440.0,400.0,400.0,400.0,0.08K,40.58%
2022-03-01,313.0,299.0,301.0,299.0,0.12K,14.03%
2022-02-28,274.5,262.5,286.0,262.5,0.14K,15.05%
2022-02-25,238.6,239.0,239.0,239.0,0.00K,-0.38%
2022-02-24,239.5,239.0,239.25,239.0,0.01K,0.76%
2022-02-23,237.7,238.0,238.0,238.0,0.04K,0.61%
2022-02-22,236.25,236.5,236.5,235.0,0.01K,1.03%
2022-02-21,233.85,233.85,233.85,233.85,,0.65%
2022-02-18,232.35,232.5,232.5,232.5,0.00K,-0.02%
2022-02-17,232.4,234.5,234.5,234.5,0.00K,-1.32%
2022-02-16,235.5,236.0,236.0,236.0,0.00K,-1.46%
2022-02-15,239.0,239.0,239.0,239.0,0.01K,-0.42%
2022-02-14,240.0,243.5,243.5,240.0,0.01K,-2.04%
2022-02-11,245.0,245.0,245.0,245.0,,2.47%
2022-02-10,239.1,239.1,239.1,239.1,,-0.06%
2022-02-09,239.25,242.0,242.0,235.0,0.02K,0.00%
2022-02-08,239.25,239.0,241.0,239.0,0.00K,1.38%
2022-02-07,236.0,231.0,236.0,231.0,0.07K,3.83%
2022-02-04,227.3,223.0,227.0,223.0,0.04K,2.85%
2022-02-03,221.0,221.0,221.0,221.0,0.04K,0.41%
2022-02-02,220.1,220.0,220.0,220.0,0.06K,0.92%
2022-02-01,218.1,210.0,210.5,210.0,0.08K,-2.09%
2022-01-31,222.75,222.75,222.75,222.75,0.07K,-2.15%
2022-01-28,227.65,227.65,227.65,227.65,,0.02%
2022-01-27,227.6,227.6,227.6,227.6,0.00K,-0.09%
2022-01-26,227.8,227.8,227.8,227.8,,0.22%
2022-01-25,227.3,227.3,227.3,227.3,,0.91%
2022-01-24,225.25,225.25,225.25,225.25,0.00K,0.29%
2022-01-21,224.6,225.0,226.0,225.0,0.00K,-0.47%
2022-01-20,225.65,226.0,226.0,226.0,0.00K,1.14%
2022-01-19,223.1,223.1,223.1,223.1,0.02K,0.95%
2022-01-18,221.0,221.0,221.0,221.0,0.01K,0.23%
2022-01-17,220.5,220.5,220.5,220.5,0.01K,1.73%
2022-01-14,216.75,220.0,220.0,220.0,0.01K,2.48%
2022-01-13,211.5,209.5,209.5,209.5,0.01K,4.19%
2022-01-12,203.0,205.0,205.0,205.0,0.04K,2.99%
2022-01-11,197.1,197.0,198.0,197.0,0.09K,0.31%
2022-01-10,196.5,203.0,205.0,203.0,0.08K,0.31%
2022-01-07,195.9,195.0,195.0,195.0,0.73K,-0.31%
2022-01-06,196.5,190.0,193.0,189.25,0.48K,9.23%
2022-01-05,179.9,180.0,180.0,180.0,0.02K,3.33%
2022-01-04,174.1,172.0,174.0,171.0,0.27K,10.54%
2022-01-03,157.5,157.5,157.5,157.5,0.00K,-7.13%
2021-12-31,169.6,169.6,169.6,169.6,,-0.29%
2021-12-30,170.1,170.1,170.1,170.1,,-0.58%
2021-12-29,171.1,171.1,171.1,171.1,,0.06%
2021-12-28,171.0,171.0,171.0,171.0,,0.53%
2021-12-27,170.1,170.1,170.1,170.1,,0.71%
2021-12-24,168.9,168.9,168.9,168.9,,-0.30%
2021-12-23,169.4,169.4,169.4,169.4,,-0.06%
2021-12-22,169.5,169.5,169.5,169.5,,0.30%
2021-12-21,169.0,169.0,169.0,169.0,,0.51%
2021-12-20,168.15,168.15,168.15,168.15,,0.09%
2021-12-17,168.0,168.0,168.0,168.0,,-0.30%
2021-12-16,168.5,168.5,168.5,168.5,,2.28%
2021-12-15,164.75,164.75,164.75,164.75,,0.00%
2021-12-14,164.75,164.75,164.75,164.75,,0.30%
2021-12-13,164.25,164.25,164.25,164.25,,0.31%
2021-12-10,163.75,161.0,163.25,161.0,0.01K,2.28%
2021-12-09,160.1,165.0,165.0,161.0,0.00K,0.88%
2021-12-08,158.7,159.0,159.0,159.0,0.13K,2.99%
2021-12-07,154.1,154.1,154.1,154.1,0.03K,1.88%
2021-12-06,151.25,151.25,151.25,151.25,0.01K,-2.58%
2021-12-03,155.25,156.0,157.0,155.25,0.12K,-2.05%
2021-12-02,158.5,156.05,156.05,155.0,0.06K,0.67%
2021-12-01,157.45,157.0,157.0,157.0,0.05K,3.59%
2021-11-30,152.0,158.6,158.6,152.0,0.12K,-4.58%
2021-11-29,159.3,164.5,164.5,157.5,0.03K,1.14%
2021-11-26,157.5,157.5,157.5,157.5,,-0.32%
2021-11-25,158.0,158.0,158.0,158.0,,-0.63%
2021-11-24,159.0,160.0,160.0,160.0,0.00K,1.27%
2021-11-23,157.0,157.0,157.0,157.0,,1.95%
2021-11-22,154.0,154.0,154.0,154.0,,0.98%
2021-11-19,152.5,152.5,152.5,152.5,,0.00%
2021-11-18,152.5,152.5,152.5,152.5,,1.57%
2021-11-17,150.15,150.15,150.15,150.15,,-0.17%
2021-11-16,150.4,150.4,150.4,150.4,,0.70%
2021-11-15,149.35,149.35,149.35,149.35,,-0.43%
2021-11-12,150.0,153.0,153.0,153.0,0.03K,-0.99%
2021-11-11,151.5,152.0,156.0,151.0,0.06K,-0.53%
2021-11-10,152.3,158.5,158.5,158.5,0.03K,-5.20%
2021-11-09,160.65,170.0,170.0,162.0,0.07K,-1.44%
2021-11-08,163.0,161.0,163.0,161.0,0.08K,4.89%
2021-11-05,155.4,155.4,155.4,155.4,0.02K,0.75%
2021-11-04,154.25,160.05,161.35,154.75,0.06K,-2.06%
2021-11-03,157.5,145.0,157.3,145.0,0.24K,11.78%
2021-11-02,140.9,142.5,142.5,139.0,0.05K,-2.83%
2021-11-01,145.0,155.0,155.0,150.0,0.01K,-35.11%
2021-10-29,223.45,223.45,223.45,223.45,,-0.11%
2021-10-28,223.7,223.7,223.7,223.7,,0.16%
2021-10-27,223.35,223.35,223.35,223.35,,0.00%
2021-10-26,223.35,223.35,223.35,223.35,,-1.17%
2021-10-25,226.0,226.0,226.0,226.0,,-1.74%
2021-10-22,230.0,230.0,230.0,230.0,0.01K,0.66%
2021-10-21,228.5,228.5,228.5,228.5,,-1.30%
2021-10-20,231.5,232.0,232.0,232.0,0.01K,0.70%
2021-10-19,229.9,229.9,229.9,229.9,,-3.95%
2021-10-18,239.35,240.0,240.0,238.0,0.00K,-0.27%
2021-10-15,240.0,243.0,243.0,238.0,0.11K,-2.04%
2021-10-14,245.0,245.0,245.0,245.0,,0.68%
2021-10-13,243.35,247.0,247.0,243.0,0.01K,0.41%
2021-10-12,242.35,242.35,242.35,242.35,,-0.88%
2021-10-11,244.5,240.0,247.0,240.0,0.03K,2.47%
2021-10-08,238.6,242.5,242.75,235.0,0.07K,2.89%
2021-10-07,231.9,230.0,235.0,230.0,0.13K,-4.17%
2021-10-06,242.0,242.0,242.0,242.0,0.07K,-10.20%
2021-10-05,269.5,269.5,269.5,269.5,0.04K,12.29%
2021-10-04,240.0,228.0,240.0,228.0,0.01K,5.26%
2021-10-01,228.0,228.0,228.0,228.0,0.01K,4.59%
2021-09-30,218.0,218.0,218.0,218.0,0.04K,3.56%
2021-09-29,210.5,212.0,212.5,211.0,0.08K,1.35%
2021-09-28,207.7,210.0,210.0,210.0,0.07K,1.44%
2021-09-27,204.75,204.75,204.75,204.75,0.06K,12.81%
2021-09-24,181.5,181.0,181.0,181.0,0.01K,-2.37%
2021-09-23,185.9,185.9,185.9,185.9,,2.99%
2021-09-22,180.5,180.0,180.0,180.0,0.00K,0.56%
2021-09-21,179.5,179.5,179.5,179.5,,1.13%
2021-09-20,177.5,177.5,177.5,177.5,,0.00%
2021-09-17,177.5,177.5,177.5,177.5,,0.85%
2021-09-16,176.0,176.0,176.0,176.0,,-0.85%
2021-09-15,177.5,177.5,177.5,177.5,,0.03%
2021-09-14,177.45,177.45,177.45,177.45,,-0.03%
2021-09-13,177.5,177.5,177.5,177.5,0.01K,-0.06%
2021-09-10,177.6,177.6,177.6,177.6,,0.06%
2021-09-09,177.5,177.5,177.5,177.5,,0.08%
2021-09-08,177.35,177.35,177.35,177.35,,0.08%
2021-09-07,177.2,177.2,177.2,177.2,,-0.45%
2021-09-06,178.0,178.0,178.0,178.0,,-0.56%
2021-09-03,179.0,179.0,179.0,179.0,,0.85%
2021-09-02,177.5,177.5,177.5,177.5,,1.66%
2021-09-01,174.6,174.6,174.6,174.6,0.04K,0.20%
2021-08-31,174.25,172.0,172.0,172.0,0.00K,1.69%
2021-08-30,171.35,171.35,171.35,171.35,,0.23%
2021-08-27,170.95,170.95,170.95,170.95,,-0.03%
2021-08-26,171.0,171.0,171.0,171.0,,0.15%
2021-08-25,170.75,170.75,170.75,170.75,,0.44%
2021-08-24,170.0,170.0,170.0,170.0,,0.00%
2021-08-23,170.0,170.0,170.0,170.0,,1.34%
2021-08-20,167.75,167.75,167.75,167.75,,-1.84%
2021-08-19,170.9,170.9,170.9,170.9,,-0.06%
2021-08-18,171.0,171.0,171.0,171.0,,-0.26%
2021-08-17,171.45,172.25,172.25,172.0,0.05K,-1.12%
2021-08-16,173.4,173.4,173.4,173.4,0.02K,0.38%
2021-08-13,172.75,172.25,172.25,172.25,0.00K,0.88%
2021-08-12,171.25,171.25,171.25,171.25,,1.09%
2021-08-11,169.4,169.0,169.0,168.5,0.01K,1.38%
2021-08-10,167.1,167.1,167.1,167.1,,0.03%
2021-08-09,167.05,165.0,167.0,165.0,0.10K,3.79%
2021-08-06,160.95,160.0,160.95,160.0,0.01K,2.35%
2021-08-05,157.25,156.5,156.5,155.0,0.04K,1.85%
2021-08-04,154.4,152.85,154.0,152.85,0.10K,1.08%
2021-08-03,152.75,152.25,153.0,152.25,0.23K,0.13%
2021-08-02,152.55,152.75,152.75,152.75,0.08K,1.87%
2021-07-30,149.75,149.75,149.75,149.75,,-0.17%
2021-07-29,150.0,150.0,150.0,150.0,,-0.07%
2021-07-28,150.1,150.1,150.1,150.1,,0.23%
2021-07-27,149.75,149.75,149.75,149.75,,0.00%
2021-07-26,149.75,149.75,149.75,149.75,,0.00%
2021-07-23,149.75,149.75,149.75,149.75,,0.00%
2021-07-22,149.75,149.75,149.75,149.75,,0.00%
2021-07-21,149.75,149.75,149.75,149.75,,0.03%
2021-07-20,149.7,150.0,150.0,150.0,0.02K,-0.20%
2021-07-19,150.0,148.75,150.0,148.75,0.07K,1.28%
2021-07-16,148.1,148.1,148.1,148.1,0.01K,1.44%
2021-07-15,146.0,146.0,146.0,146.0,0.04K,1.04%
2021-07-14,144.5,144.5,144.5,144.5,0.01K,-0.07%
2021-07-13,144.6,144.6,144.6,144.6,0.01K,1.65%
2021-07-12,142.25,142.25,142.25,142.25,0.02K,-0.52%
2021-07-09,143.0,143.0,143.0,143.0,0.02K,0.53%
2021-07-08,142.25,142.0,143.0,142.0,0.11K,1.93%
2021-07-07,139.55,140.0,140.0,140.0,0.05K,-0.85%
2021-07-06,140.75,140.75,140.75,140.75,0.06K,-1.85%
2021-07-05,143.4,142.5,142.75,142.5,0.02K,2.98%
2021-07-02,139.25,139.25,139.25,139.25,0.00K,1.09%
2021-07-01,137.75,137.75,137.75,137.75,0.04K,2.26%
2021-06-30,134.7,132.5,132.5,132.5,0.07K,2.82%
2021-06-29,131.0,130.45,130.45,130.45,0.03K,1.91%
2021-06-28,128.55,130.5,130.5,128.5,0.23K,0.67%
2021-06-25,127.7,127.7,127.7,127.7,0.03K,0.16%
2021-06-24,127.5,127.5,127.5,127.5,0.02K,0.00%
2021-06-23,127.5,127.5,127.5,127.5,0.01K,0.20%
2021-06-22,127.25,127.25,127.25,127.25,0.00K,1.39%
2021-06-21,125.5,125.5,125.5,125.5,0.01K,0.40%
2021-06-18,125.0,125.0,125.0,125.0,0.00K,-0.79%
2021-06-17,126.0,126.0,126.0,126.0,0.01K,0.60%
2021-06-16,125.25,125.25,125.25,125.25,0.01K,0.20%
2021-06-15,125.0,125.0,125.0,125.0,,-0.44%
2021-06-14,125.55,125.55,125.55,125.55,0.01K,-1.14%
2021-06-11,127.0,127.0,127.0,127.0,0.01K,0.79%
2021-06-10,126.0,126.0,126.0,126.0,0.01K,1.86%
2021-06-09,123.7,123.7,123.7,123.7,0.01K,0.77%
2021-06-08,122.75,122.75,122.75,122.75,0.02K,0.95%
2021-06-07,121.6,121.6,121.6,121.6,0.00K,1.54%
2021-06-04,119.75,119.0,119.0,119.0,0.01K,0.63%
2021-06-03,119.0,119.0,119.0,119.0,0.01K,-0.79%
2021-06-02,119.95,121.25,121.25,120.0,0.01K,-0.46%
2021-06-01,120.5,119.0,119.0,119.0,0.00K,1.35%
2021-05-31,118.9,118.9,118.9,118.9,,12.17%
2021-05-28,106.0,106.0,106.0,106.0,0.01K,0.47%
2021-05-27,105.5,105.5,105.5,105.5,0.00K,0.38%
2021-05-26,105.1,105.0,105.0,105.0,0.00K,0.10%
2021-05-25,105.0,105.0,105.0,105.0,0.01K,1.69%
2021-05-24,103.25,101.0,103.0,101.0,0.01K,2.23%
2021-05-21,101.0,101.0,101.0,101.0,0.01K,1.25%
2021-05-20,99.75,99.75,99.75,99.75,0.02K,0.66%
2021-05-19,99.1,99.1,99.1,99.1,0.01K,0.00%
2021-05-18,99.1,99.5,99.5,99.2,0.02K,0.76%
2021-05-17,98.35,98.35,98.35,98.35,0.02K,-0.66%
2021-05-14,99.0,99.0,99.0,99.0,0.00K,-1.98%
2021-05-13,101.0,101.0,101.0,101.0,0.02K,1.00%
2021-05-12,100.0,100.0,100.0,100.0,0.03K,1.32%
2021-05-11,98.7,98.7,98.7,98.7,0.02K,1.13%
2021-05-10,97.6,97.4,97.65,97.4,0.01K,1.51%
2021-05-07,96.15,96.15,96.15,96.15,0.01K,0.10%
2021-05-06,96.05,95.15,95.25,95.15,0.00K,2.40%
2021-05-05,93.8,93.8,93.8,93.8,0.03K,0.86%
2021-05-04,93.0,93.0,93.0,93.0,0.02K,0.22%
2021-05-03,92.8,92.8,92.8,92.8,,-0.54%
2021-04-30,93.3,93.3,93.3,93.3,0.01K,0.43%
2021-04-29,92.9,92.9,92.9,92.9,0.01K,0.00%
2021-04-28,92.9,92.9,92.9,92.9,0.00K,-0.21%
2021-04-27,93.1,93.1,93.1,93.1,0.00K,0.00%
2021-04-26,93.1,93.1,93.1,93.1,0.01K,0.11%
2021-04-23,93.0,93.0,93.0,93.0,0.00K,-1.01%
2021-04-22,93.95,93.95,93.95,93.95,0.00K,0.21%
2021-04-21,93.75,93.75,93.75,93.75,0.03K,-0.27%
2021-04-20,94.0,94.0,94.0,94.0,0.01K,-0.37%
2021-04-19,94.35,94.35,94.35,94.35,0.02K,0.05%
2021-04-16,94.3,93.5,94.35,93.5,0.06K,0.86%
2021-04-15,93.5,93.5,93.5,93.5,0.01K,0.11%
2021-04-14,93.4,93.4,93.4,93.4,0.00K,-0.05%
2021-04-13,93.45,93.5,93.5,93.5,0.09K,0.16%
2021-04-12,93.3,93.3,93.3,93.3,0.04K,0.21%
2021-04-09,93.1,93.5,93.5,93.0,0.15K,-0.75%
2021-04-08,93.8,94.0,94.0,94.0,0.09K,-0.95%
2021-04-07,94.7,94.6,94.6,94.6,0.08K,-0.16%
2021-04-06,94.85,94.85,94.85,94.85,0.08K,-1.71%
2021-04-05,96.5,96.5,96.5,96.5,,0.00%
2021-04-01,96.5,97.0,97.25,96.95,0.07K,0.26%
2021-03-31,96.25,95.75,96.25,95.75,0.05K,2.56%
2021-03-30,93.85,94.0,94.0,93.8,0.07K,0.91%
2021-03-29,93.0,95.25,95.25,93.25,0.09K,-1.01%
2021-03-26,93.95,93.95,93.95,93.95,0.00K,-0.58%
2021-03-25,94.5,94.5,94.5,94.5,0.01K,0.00%
2021-03-24,94.5,94.5,94.5,94.5,0.01K,0.00%
2021-03-23,94.5,95.0,95.0,95.0,0.00K,0.53%
2021-03-22,94.0,94.0,94.0,94.0,0.01K,1.35%
2021-03-19,92.75,91.5,93.0,91.5,0.02K,1.92%
2021-03-18,91.0,91.0,91.0,91.0,0.00K,0.28%
2021-03-17,90.75,90.75,90.75,90.75,0.02K,0.28%
2021-03-16,90.5,90.5,90.5,90.5,0.03K,0.00%
2021-03-15,90.5,90.5,90.5,90.5,0.01K,0.56%
2021-03-12,90.0,90.0,90.0,90.0,0.03K,1.12%
2021-03-11,89.0,89.0,89.0,89.0,0.00K,0.00%
2021-03-10,89.0,89.0,89.0,89.0,0.01K,0.56%
2021-03-09,88.5,87.3,89.0,87.3,0.03K,0.57%
2021-03-08,88.0,87.5,88.0,87.5,0.00K,0.28%
2021-03-05,87.75,88.0,88.0,87.5,0.00K,0.29%
2021-03-04,87.5,88.0,88.0,87.5,0.10K,-0.51%
2021-03-03,87.95,88.0,88.0,88.0,0.00K,0.51%
2021-03-02,87.5,87.5,87.5,87.3,0.08K,2.22%
2021-03-01,85.6,84.5,86.0,84.5,0.05K,0.59%
2021-02-26,85.1,85.1,85.1,85.1,0.03K,-0.47%
2021-02-25,85.5,85.5,85.5,85.5,0.02K,0.00%
2021-02-24,85.5,85.5,85.5,85.5,0.01K,0.00%
2021-02-23,85.5,85.5,85.5,85.5,0.01K,-0.29%
2021-02-22,85.75,85.75,85.75,85.75,0.00K,-0.29%
2021-02-19,86.0,86.0,86.0,86.0,0.01K,0.29%
2021-02-18,85.75,85.75,85.75,85.75,0.01K,-0.29%
2021-02-17,86.0,86.0,86.0,86.0,0.02K,-0.64%
2021-02-16,86.55,86.5,86.5,86.5,0.00K,-0.57%
2021-02-15,87.05,87.0,87.0,87.0,0.00K,-0.46%
2021-02-12,87.45,87.45,87.45,87.45,0.00K,0.06%
2021-02-11,87.4,87.4,87.4,87.4,0.13K,-0.23%
2021-02-10,87.6,87.6,87.6,87.6,0.01K,0.34%
2021-02-09,87.3,87.0,87.0,87.0,0.00K,-0.23%
2021-02-08,87.5,87.5,87.5,87.5,0.00K,0.98%
2021-02-05,86.65,86.65,86.65,86.65,0.04K,2.67%
2021-02-04,84.4,84.25,84.25,84.25,0.03K,0.78%
2021-02-03,83.75,85.1,85.1,83.5,0.09K,-1.47%
2021-02-02,85.0,85.3,85.3,85.0,0.16K,-0.76%
2021-02-01,85.65,89.25,89.25,88.0,0.08K,-0.64%
2021-01-29,86.2,86.2,86.2,86.2,,-0.12%
2021-01-28,86.3,86.3,86.3,86.3,0.00K,0.12%
2021-01-27,86.2,86.25,86.25,86.25,0.02K,0.23%
2021-01-26,86.0,86.0,86.0,86.0,0.01K,0.06%
2021-01-25,85.95,85.9,85.9,85.9,0.01K,0.06%
2021-01-22,85.9,85.9,85.9,85.9,,0.47%
2021-01-21,85.5,85.5,85.5,85.5,,0.00%
2021-01-20,85.5,85.5,85.5,85.5,0.01K,0.59%
2021-01-19,85.0,85.55,85.55,84.75,0.05K,-1.62%
2021-01-18,86.4,86.4,86.4,86.4,0.02K,-1.14%
2021-01-15,87.4,87.4,87.4,87.4,0.03K,0.17%
2021-01-14,87.25,87.25,87.25,87.25,0.01K,-0.06%
2021-01-13,87.3,87.3,87.3,87.3,0.06K,0.92%
2021-01-12,86.5,86.5,86.5,86.5,0.09K,2.37%
2021-01-11,84.5,84.5,84.5,84.5,0.06K,0.24%
2021-01-08,84.3,82.75,84.0,82.75,0.03K,4.01%
2021-01-07,81.05,79.3,81.0,79.3,0.05K,2.01%
2021-01-06,79.45,80.1,80.1,79.5,0.02K,-1.12%
2021-01-05,80.35,81.5,81.5,80.5,0.14K,-1.05%
2021-01-04,81.2,82.25,82.25,81.25,0.13K,0.87%
2020-12-31,80.5,81.3,81.3,80.5,0.02K,-1.35%
2020-12-30,81.6,82.5,82.5,81.5,0.08K,-3.09%
2020-12-29,84.2,84.5,84.5,84.5,0.03K,-1.35%
2020-12-28,85.35,85.35,85.35,85.35,0.04K,6.89%
2020-12-24,79.85,79.85,79.85,79.85,,0.00%
2020-12-23,79.85,79.85,79.85,79.85,0.01K,-0.19%
2020-12-22,80.0,80.0,80.0,80.0,0.03K,0.19%
2020-12-21,79.85,79.85,79.85,79.85,0.00K,-0.19%
2020-12-18,80.0,80.0,80.0,80.0,0.01K,0.63%
2020-12-17,79.5,79.5,79.5,79.5,0.01K,0.32%
2020-12-16,79.25,79.25,79.25,79.25,0.03K,-0.31%
2020-12-15,79.5,79.5,79.5,79.5,0.01K,0.95%
2020-12-14,78.75,78.75,78.75,78.75,0.03K,1.35%
2020-12-11,77.7,77.95,77.95,77.95,0.01K,0.26%
2020-12-10,77.5,77.0,77.5,77.0,0.02K,1.17%
2020-12-09,76.6,76.75,76.85,76.75,0.01K,0.86%
2020-12-08,75.95,75.95,75.95,75.95,0.04K,-0.46%
2020-12-07,76.3,74.5,76.0,74.5,0.15K,2.76%
2020-12-04,74.25,74.25,74.25,74.25,0.01K,0.95%
2020-12-03,73.55,72.75,74.0,72.75,0.08K,3.01%
2020-12-02,71.4,71.4,71.4,71.4,0.04K,1.93%
2020-12-01,70.05,70.05,70.05,70.05,0.01K,-0.36%
2020-11-30,70.3,69.0,70.0,69.0,0.02K,10.02%
2020-11-27,63.9,63.9,63.9,63.9,0.02K,0.08%
2020-11-26,63.85,63.85,63.85,63.85,0.01K,0.16%
2020-11-25,63.75,63.75,63.75,63.75,0.02K,0.39%
2020-11-24,63.5,63.5,63.5,63.5,0.05K,0.16%
2020-11-23,63.4,63.4,63.4,63.4,0.01K,0.08%
2020-11-20,63.35,62.75,63.3,62.75,0.04K,1.12%
2020-11-19,62.65,62.6,62.65,62.6,0.02K,0.32%
2020-11-18,62.45,62.5,62.5,62.5,0.01K,0.08%
2020-11-17,62.4,62.3,62.3,62.3,0.01K,0.16%
2020-11-16,62.3,62.2,62.3,62.2,0.03K,0.08%
2020-11-13,62.25,62.25,62.25,62.25,0.01K,-0.08%
2020-11-12,62.3,62.3,62.3,62.3,0.01K,0.00%
2020-11-11,62.3,62.3,62.3,62.3,0.01K,0.00%
2020-11-10,62.3,62.3,62.3,62.3,0.01K,0.40%
2020-11-09,62.05,62.2,62.2,62.2,0.00K,0.65%
2020-11-06,61.65,61.5,61.7,61.5,0.09K,0.33%
2020-11-05,61.45,61.0,61.5,61.0,0.06K,1.40%
2020-11-04,60.6,60.5,60.5,60.5,0.00K,0.08%
2020-11-03,60.55,60.0,60.6,60.0,0.01K,1.09%
2020-11-02,59.9,59.75,59.75,59.75,0.01K,2.92%
2020-10-30,58.2,58.2,58.2,58.2,0.02K,0.00%
2020-10-29,58.2,58.2,58.2,58.2,0.02K,0.00%
2020-10-28,58.2,58.2,58.2,58.2,0.01K,0.09%
2020-10-27,58.15,58.15,58.15,58.15,0.00K,0.26%
2020-10-26,58.0,58.05,58.05,58.0,0.01K,0.00%
2020-10-23,58.0,58.0,58.0,58.0,0.01K,0.00%
2020-10-22,58.0,58.0,58.0,58.0,0.00K,0.43%
2020-10-21,57.75,57.7,57.7,57.7,0.00K,-0.09%
2020-10-20,57.8,57.5,57.85,57.5,0.01K,0.87%
2020-10-19,57.3,57.0,57.4,57.0,0.01K,1.78%
2020-10-16,56.3,56.25,56.25,56.25,0.11K,1.08%
2020-10-15,55.7,55.4,55.8,55.4,0.04K,0.54%
2020-10-14,55.4,55.7,55.7,55.5,0.01K,1.28%
2020-10-13,54.7,55.0,55.0,54.35,0.02K,-3.78%
2020-10-12,56.85,56.85,56.85,56.85,0.04K,-0.96%
2020-10-09,57.4,57.4,57.4,57.4,0.02K,-1.03%
2020-10-08,58.0,58.0,58.0,57.9,0.03K,0.00%
2020-10-07,58.0,57.95,57.95,57.95,0.00K,-0.17%
2020-10-06,58.1,58.1,58.1,58.1,0.01K,0.00%
2020-10-05,58.1,58.1,58.1,58.1,0.02K,0.96%
2020-10-02,57.55,58.25,58.25,57.6,0.21K,-1.79%
2020-10-01,58.6,58.6,58.6,58.6,0.12K,0.00%
2020-09-30,58.6,58.5,58.5,58.25,0.17K,-0.09%
2020-09-29,58.65,58.65,58.65,58.65,0.03K,-0.59%
2020-09-28,59.0,58.75,58.75,58.7,0.07K,11.74%
2020-09-25,52.8,52.8,52.8,52.8,0.00K,0.00%
2020-09-24,52.8,52.8,52.8,52.8,0.00K,0.09%
2020-09-23,52.75,52.75,52.75,52.75,0.05K,0.09%
2020-09-22,52.7,52.7,52.75,52.6,0.08K,0.48%
2020-09-21,52.45,52.3,52.65,52.3,0.01K,0.77%
2020-09-18,52.05,52.1,52.2,52.1,0.01K,0.29%
2020-09-17,51.9,51.95,52.1,51.95,0.02K,0.78%
2020-09-16,51.5,51.25,51.5,51.25,0.01K,0.98%
2020-09-15,51.0,50.75,51.0,50.7,0.01K,0.49%
2020-09-14,50.75,50.75,50.75,50.75,0.01K,0.00%
2020-09-11,50.75,50.5,51.0,50.4,0.01K,2.01%
2020-09-10,49.75,50.0,50.5,50.0,0.01K,1.95%
2020-09-09,48.8,48.85,48.85,48.85,0.01K,0.10%
2020-09-08,48.75,48.4,48.75,48.4,0.01K,0.52%
2020-09-07,48.5,48.5,48.5,48.5,0.00K,-1.02%
2020-09-04,49.0,49.4,49.4,49.0,0.01K,-1.41%
2020-09-03,49.7,50.25,50.25,49.7,0.01K,-1.78%
2020-09-02,50.6,51.0,51.0,50.6,0.03K,-1.56%
2020-09-01,51.4,51.5,51.5,51.3,0.01K,-1.06%
2020-08-31,51.95,51.5,51.5,51.5,0.01K,4.42%
2020-08-28,49.75,49.9,49.9,49.9,0.01K,-0.10%
2020-08-27,49.8,49.8,49.8,49.8,0.04K,0.20%
2020-08-26,49.7,49.7,49.7,49.7,0.01K,-0.10%
2020-08-25,49.75,49.75,49.75,49.75,0.03K,0.10%
2020-08-24,49.7,49.7,49.7,49.7,0.01K,-0.20%
2020-08-21,49.8,49.8,49.8,49.8,0.02K,-0.60%
2020-08-20,50.1,50.1,50.1,50.1,0.03K,-0.30%
2020-08-19,50.25,50.25,50.25,50.25,0.03K,-0.40%
2020-08-18,50.45,50.45,50.45,50.45,0.01K,0.00%
2020-08-17,50.45,50.4,50.4,50.4,0.00K,0.10%
2020-08-14,50.4,50.25,50.25,50.25,0.01K,1.00%
2020-08-13,49.9,49.85,49.9,49.85,0.00K,0.81%
2020-08-12,49.5,49.85,49.85,49.85,0.01K,-0.80%
2020-08-11,49.9,49.5,49.5,49.5,0.01K,-1.19%
2020-08-10,50.5,50.5,50.5,50.5,0.01K,-1.37%
2020-08-07,51.2,51.2,51.2,51.2,0.05K,1.99%
2020-08-06,50.2,50.2,50.2,50.2,0.02K,-2.71%
2020-08-05,51.6,52.4,52.4,52.0,0.06K,-1.62%
2020-08-04,52.45,52.45,52.45,52.45,0.02K,-0.29%
2020-08-03,52.6,52.6,52.6,52.6,0.02K,1.25%
2020-07-31,51.95,51.95,51.95,51.95,0.00K,0.10%
2020-07-30,51.9,51.9,51.9,51.9,0.00K,0.19%
2020-07-29,51.8,51.8,51.8,51.8,0.01K,0.00%
2020-07-28,51.8,51.8,51.8,51.8,0.03K,-0.86%
2020-07-27,52.25,52.25,52.25,52.25,0.01K,0.48%
2020-07-24,52.0,52.1,52.1,52.0,0.00K,0.10%
2020-07-23,51.95,51.95,51.95,51.95,0.02K,-0.29%
2020-07-22,52.1,52.1,52.1,52.1,0.01K,0.10%
2020-07-21,52.05,52.3,52.3,52.3,0.01K,0.10%
2020-07-20,52.0,52.0,52.0,52.0,0.01K,-0.38%
2020-07-17,52.2,52.2,52.25,52.15,0.01K,-0.29%
2020-07-16,52.35,52.25,52.25,52.1,0.01K,-0.48%
2020-07-15,52.6,52.65,52.65,52.6,0.02K,0.19%
2020-07-14,52.5,52.7,52.7,52.7,0.05K,0.57%
2020-07-13,52.2,52.25,52.25,52.25,0.05K,-0.38%
2020-07-10,52.4,52.4,52.4,52.35,0.02K,0.00%
2020-07-09,52.4,52.55,52.55,52.55,0.03K,-0.29%
2020-07-08,52.55,52.5,52.5,52.5,0.04K,-0.85%
2020-07-07,53.0,53.25,53.25,53.0,0.03K,0.66%
2020-07-06,52.65,52.65,52.65,52.6,0.01K,0.38%
2020-07-03,52.45,52.5,52.5,52.4,0.03K,-0.29%
2020-07-02,52.6,53.0,53.0,52.5,0.06K,1.94%
2020-07-01,51.6,51.6,51.6,51.4,0.09K,-1.05%
2020-06-30,52.15,52.5,52.5,51.8,0.14K,-1.04%
2020-06-29,52.7,52.7,52.7,52.7,0.04K,-1.50%
2020-06-26,53.5,53.5,53.5,53.5,0.01K,0.47%
2020-06-25,53.25,53.25,53.25,53.25,0.02K,0.76%
2020-06-24,52.85,52.85,52.85,52.85,0.01K,-0.28%
2020-06-23,53.0,53.0,53.0,53.0,0.02K,-0.19%
2020-06-22,53.1,53.1,53.1,53.1,0.01K,0.00%
2020-06-19,53.1,53.1,53.1,53.1,0.01K,0.28%
2020-06-18,52.95,52.95,52.95,52.95,0.03K,-0.75%
2020-06-17,53.35,53.35,53.35,53.35,0.04K,0.00%
2020-06-16,53.35,53.35,53.35,53.35,0.01K,-0.09%
2020-06-15,53.4,53.4,53.4,53.4,0.00K,0.75%
2020-06-12,53.0,53.0,53.0,53.0,0.07K,0.19%
2020-06-11,52.9,52.9,52.9,52.9,0.03K,-0.28%
2020-06-10,53.05,53.3,53.3,53.0,0.02K,-1.21%
2020-06-09,53.7,54.4,54.4,54.0,0.01K,-2.10%
2020-06-08,54.85,55.0,55.0,54.9,0.02K,-1.35%
2020-06-05,55.6,55.6,55.6,55.6,0.01K,0.72%
2020-06-04,55.2,55.5,55.5,55.1,0.09K,-1.08%
2020-06-03,55.8,56.0,56.0,55.5,0.05K,0.45%
2020-06-02,55.55,55.5,55.5,55.5,0.02K,-0.18%
2020-06-01,55.65,55.65,55.65,55.65,0.03K,7.02%
2020-05-29,52.0,52.0,52.0,52.0,0.01K,-0.48%
2020-05-28,52.25,52.25,52.25,52.25,0.01K,-0.48%
2020-05-27,52.5,52.5,52.5,52.5,0.00K,0.19%
2020-05-26,52.4,52.4,52.4,52.4,0.01K,0.87%
2020-05-25,51.95,51.95,51.95,51.95,,0.00%
2020-05-22,51.95,51.95,51.95,51.95,0.01K,0.10%
2020-05-21,51.9,51.9,51.9,51.9,0.02K,-0.29%
2020-05-20,52.05,52.0,52.0,52.0,0.03K,0.48%
2020-05-19,51.8,51.8,51.8,51.8,0.01K,0.78%
2020-05-18,51.4,51.4,51.4,51.4,0.01K,0.88%
2020-05-15,50.95,51.9,51.9,51.5,0.02K,-1.55%
2020-05-14,51.75,52.4,52.4,51.75,0.02K,-1.24%
2020-05-13,52.4,52.4,52.4,52.4,0.03K,0.77%
2020-05-12,52.0,52.0,52.0,52.0,0.01K,0.58%
2020-05-11,51.7,51.7,51.7,51.7,0.01K,1.08%
2020-05-08,51.15,51.15,51.15,51.15,,0.00%
2020-05-07,51.15,51.3,51.4,51.2,0.01K,-0.10%
2020-05-06,51.2,51.0,51.6,50.95,0.06K,1.39%
2020-05-05,50.5,50.5,50.5,50.5,0.08K,-0.20%
2020-05-04,50.6,50.5,50.5,50.5,0.02K,-1.27%
2020-05-01,51.25,51.5,51.5,51.25,0.01K,-2.10%
2020-04-30,52.35,52.0,52.0,51.95,0.13K,2.15%
2020-04-29,51.25,51.25,51.4,51.0,0.08K,0.00%
2020-04-28,51.25,50.5,51.15,50.5,0.09K,1.49%
2020-04-27,50.5,50.9,50.9,50.5,0.05K,-17.35%
2020-04-24,61.1,61.1,61.1,61.1,0.01K,0.25%
2020-04-23,60.95,60.95,60.95,60.95,0.00K,-0.33%
2020-04-22,61.15,61.0,61.0,61.0,0.00K,-0.16%
2020-04-21,61.25,61.25,61.25,61.25,0.00K,-0.41%
2020-04-20,61.5,61.5,61.5,61.5,0.04K,-0.81%
2020-04-17,62.0,61.5,61.5,61.5,0.05K,0.16%
2020-04-16,61.9,61.9,61.9,61.9,0.03K,-0.56%
2020-04-15,62.25,62.4,62.4,62.4,0.00K,-0.80%
2020-04-14,62.75,62.75,62.75,62.75,0.01K,-1.34%
2020-04-13,63.6,63.6,63.6,63.6,,0.00%
2020-04-09,63.6,63.6,63.6,63.6,0.04K,1.52%
2020-04-08,62.65,62.65,62.65,62.65,0.07K,-1.80%
2020-04-07,63.8,64.5,64.5,64.5,0.02K,-0.55%
2020-04-06,64.15,64.15,64.15,64.15,0.01K,-2.88%
2020-04-03,66.05,65.6,65.6,65.6,0.07K,-0.23%
2020-04-02,66.2,67.0,67.0,65.45,0.12K,-0.75%
2020-04-01,66.7,67.25,67.3,67.25,0.10K,-1.69%
2020-03-31,67.85,68.6,68.6,67.5,0.27K,-1.67%
2020-03-30,69.0,69.0,69.15,69.0,0.07K,3.53%
2020-03-27,66.65,66.65,66.65,66.65,0.02K,0.23%
2020-03-26,66.5,66.5,66.5,66.5,0.03K,0.23%
2020-03-25,66.35,66.2,66.4,66.2,0.01K,-0.23%
2020-03-24,66.5,66.5,66.5,66.5,0.00K,0.68%
2020-03-23,66.05,66.1,66.1,66.05,0.01K,-0.38%
2020-03-20,66.3,66.2,66.25,66.2,0.01K,0.23%
2020-03-19,66.15,66.2,66.35,66.1,0.01K,0.08%
2020-03-18,66.1,66.05,66.1,66.05,0.03K,0.08%
2020-03-17,66.05,66.0,66.0,66.0,0.04K,0.76%
2020-03-16,65.55,66.1,66.1,66.0,0.03K,-0.38%
2020-03-13,65.8,66.0,66.0,65.9,0.07K,0.61%
2020-03-12,65.4,65.1,65.1,65.05,0.03K,-0.38%
2020-03-11,65.65,65.35,65.35,65.35,0.02K,0.54%
2020-03-10,65.3,65.3,65.35,65.25,0.04K,0.23%
2020-03-09,65.15,64.7,65.0,64.6,0.02K,-1.14%
2020-03-06,65.9,65.75,66.0,65.75,0.03K,-0.75%
2020-03-05,66.4,66.2,66.6,66.2,0.09K,0.99%
2020-03-04,65.75,66.0,66.0,65.3,0.18K,-0.68%
2020-03-03,66.2,66.05,66.05,66.05,0.08K,-0.23%
2020-03-02,66.35,66.25,66.35,66.25,0.02K,-1.56%
2020-02-28,67.4,67.4,67.4,67.4,0.01K,-0.74%
2020-02-27,67.9,67.9,67.9,67.9,0.02K,0.22%
2020-02-26,67.75,67.75,67.75,67.75,0.01K,-0.22%
2020-02-25,67.9,67.9,67.9,67.9,0.00K,-0.15%
2020-02-24,68.0,68.0,68.0,68.0,0.01K,0.15%
2020-02-21,67.9,67.9,67.9,67.9,0.00K,-1.02%
2020-02-20,68.6,68.6,68.6,68.6,0.01K,0.59%
2020-02-19,68.2,68.3,68.3,68.3,0.01K,-0.29%
2020-02-18,68.4,68.6,68.6,68.4,0.03K,-1.01%
2020-02-17,69.1,69.1,69.1,69.1,0.01K,-0.50%
2020-02-14,69.45,69.45,69.45,69.45,0.00K,0.51%
2020-02-13,69.1,69.1,69.1,69.1,0.03K,0.29%
2020-02-12,68.9,68.9,68.9,68.9,0.02K,-0.07%
2020-02-11,68.95,68.95,68.95,68.95,0.01K,1.25%
2020-02-10,68.1,68.1,68.1,68.1,0.02K,-0.58%
2020-02-07,68.5,69.5,69.5,68.5,0.07K,-1.72%
2020-02-06,69.7,69.35,69.75,69.35,0.20K,0.58%
2020-02-05,69.3,69.0,69.5,69.0,0.10K,1.09%
2020-02-04,68.55,68.55,68.55,68.55,0.08K,3.39%
2020-02-03,66.3,66.3,66.3,66.3,0.01K,-3.21%
2020-01-31,68.5,68.5,68.5,68.5,0.01K,-0.22%
2020-01-30,68.65,68.65,68.65,68.65,0.01K,0.07%
2020-01-29,68.6,68.6,68.6,68.6,0.03K,0.37%
2020-01-28,68.35,68.35,68.35,68.35,,-1.09%
2020-01-27,69.1,69.1,69.1,69.1,0.01K,0.00%
2020-01-24,69.1,69.1,69.1,69.1,0.01K,0.00%
2020-01-23,69.1,69.1,69.1,69.1,0.00K,1.77%
2020-01-22,67.9,67.9,67.9,67.9,0.00K,-1.67%
2020-01-21,69.05,69.05,69.05,69.05,0.01K,-1.22%
2020-01-20,69.9,69.9,69.9,69.9,0.01K,-0.14%
2020-01-17,70.0,70.0,70.0,70.0,,-0.64%
2020-01-16,70.45,70.45,70.45,70.45,0.01K,-0.07%
2020-01-15,70.5,70.5,70.5,70.5,0.00K,-0.42%
2020-01-14,70.8,70.8,70.8,70.8,0.03K,-2.01%
2020-01-13,72.25,72.35,72.35,72.35,0.08K,1.90%
2020-01-10,70.9,69.85,71.15,69.85,0.07K,2.83%
2020-01-09,68.95,68.95,68.95,68.95,0.25K,2.76%
2020-01-08,67.1,67.5,67.5,67.5,0.07K,-0.07%
2020-01-07,67.15,67.2,67.2,67.2,0.05K,-0.15%
2020-01-06,67.25,67.3,67.3,67.3,0.04K,-0.37%
2020-01-03,67.5,67.25,67.5,67.25,0.12K,-0.59%
2020-01-02,67.9,67.5,67.5,67.5,0.04K,0.30%
2019-12-31,67.7,67.7,67.7,67.7,0.01K,0.00%
2019-12-30,67.7,67.7,67.7,67.7,0.10K,1.73%
2019-12-27,66.55,66.55,66.55,66.55,0.00K,0.08%
2019-12-26,66.5,66.5,66.5,66.5,,0.00%
2019-12-24,66.5,66.5,66.5,66.5,0.01K,1.06%
2019-12-23,65.8,65.8,65.8,65.8,0.00K,-0.83%
2019-12-20,66.35,66.4,66.4,66.4,0.01K,-0.15%
2019-12-19,66.45,66.55,66.55,66.55,0.01K,0.38%
2019-12-18,66.2,66.2,66.2,66.2,0.02K,0.46%
2019-12-17,65.9,65.9,65.9,65.9,0.01K,-0.83%
2019-12-16,66.45,66.45,66.45,66.45,0.01K,0.23%
2019-12-13,66.3,66.3,66.3,66.3,0.00K,-0.30%
2019-12-12,66.5,66.15,66.15,66.15,0.03K,0.61%
2019-12-11,66.1,66.1,66.1,66.1,0.02K,0.15%
2019-12-10,66.0,66.0,66.0,66.0,0.01K,-0.30%
2019-12-09,66.2,66.25,66.3,66.0,0.03K,-0.30%
2019-12-06,66.4,66.4,66.4,66.4,0.03K,-0.23%
2019-12-05,66.55,66.55,66.55,66.55,0.07K,-0.37%
2019-12-04,66.8,67.1,67.1,67.0,0.01K,-0.89%
2019-12-03,67.4,67.4,67.4,67.4,0.01K,-0.30%
2019-12-02,67.6,67.75,67.75,67.5,0.02K,-0.37%
2019-11-29,67.85,67.85,67.85,67.85,0.04K,0.59%
2019-11-28,67.45,67.45,67.45,67.45,0.01K,-0.44%
2019-11-27,67.75,67.75,67.75,67.75,0.06K,0.52%
2019-11-26,67.4,67.4,67.4,67.4,0.03K,0.97%
2019-11-25,66.75,66.75,66.75,66.75,0.03K,-1.69%
2019-11-22,67.9,67.9,67.9,67.9,0.02K,0.52%
2019-11-21,67.55,67.55,67.55,67.55,0.02K,0.15%
2019-11-20,67.45,67.45,67.45,67.45,0.02K,0.07%
2019-11-19,67.4,67.4,67.4,67.4,0.03K,-0.15%
2019-11-18,67.5,67.5,67.5,67.5,0.04K,0.52%
2019-11-15,67.15,67.15,67.15,67.15,0.01K,0.67%
2019-11-14,66.7,66.8,66.8,66.8,0.01K,0.00%
2019-11-13,66.7,66.7,66.7,66.7,0.03K,0.23%
2019-11-12,66.55,66.55,66.55,66.55,0.03K,-0.60%
2019-11-11,66.95,66.95,66.95,66.95,0.10K,0.22%
2019-11-08,66.8,66.25,66.25,66.25,0.05K,0.53%
2019-11-07,66.45,66.5,66.5,66.5,0.00K,-0.15%
2019-11-06,66.55,66.55,66.55,66.55,0.01K,-0.89%
2019-11-05,67.15,67.15,67.15,67.15,0.01K,-0.30%
2019-11-04,67.35,67.35,67.35,67.35,0.02K,0.15%
2019-11-01,67.25,67.25,67.25,67.25,,0.52%
2019-10-31,66.9,67.1,67.1,67.1,0.03K,-0.07%
2019-10-30,66.95,67.0,67.0,67.0,0.02K,0.00%
2019-10-29,66.95,66.95,66.95,66.95,0.08K,0.15%
2019-10-28,66.85,67.0,67.0,66.6,0.02K,-1.18%
2019-10-25,67.65,67.65,67.65,67.65,0.05K,0.59%
2019-10-24,67.25,67.25,67.25,67.25,0.04K,0.37%
2019-10-23,67.0,67.0,67.0,67.0,0.03K,-0.67%
2019-10-22,67.45,67.45,67.45,67.45,0.07K,-0.22%
2019-10-21,67.6,67.6,67.6,67.6,0.02K,0.15%
2019-10-18,67.5,67.5,67.5,67.5,0.04K,-0.07%
2019-10-17,67.55,67.55,67.55,67.55,0.02K,0.37%
2019-10-16,67.3,67.3,67.3,67.3,0.04K,0.60%
2019-10-15,66.9,66.9,66.9,66.9,0.03K,0.57%
2019-10-14,66.52,66.52,66.52,66.52,0.02K,0.18%
2019-10-11,66.4,66.95,66.95,66.95,0.05K,-1.48%
2019-10-10,67.4,67.4,67.4,67.4,0.02K,-0.07%
2019-10-09,67.45,67.5,67.5,67.5,0.04K,0.82%
2019-10-08,66.9,66.9,66.9,66.9,0.04K,0.68%
2019-10-07,66.45,66.25,66.25,66.25,0.02K,1.92%
2019-10-04,65.2,65.2,65.2,65.2,0.02K,0.62%
2019-10-03,64.8,65.25,65.25,65.25,0.07K,-2.19%
2019-10-02,66.25,66.75,66.75,66.75,0.09K,-1.71%
2019-10-01,67.4,68.0,68.0,67.5,0.14K,-3.78%
2019-09-30,70.05,68.15,68.3,68.15,0.17K,6.86%
2019-09-27,65.55,65.55,65.55,65.55,0.02K,0.61%
2019-09-26,65.15,65.15,65.15,65.15,0.02K,-0.38%
2019-09-25,65.4,65.4,65.4,65.4,0.02K,0.31%
2019-09-24,65.2,65.2,65.2,65.2,0.01K,-0.23%
2019-09-23,65.35,65.35,65.35,65.35,0.01K,-0.15%
2019-09-20,65.45,65.45,65.45,65.45,0.00K,-0.15%
2019-09-19,65.55,65.55,65.55,65.55,0.02K,0.31%
2019-09-18,65.35,65.35,65.35,65.35,0.03K,-0.38%
2019-09-17,65.6,66.25,66.25,66.0,0.03K,-0.83%
2019-09-16,66.15,66.0,66.25,66.0,0.01K,0.68%
2019-09-13,65.7,66.15,66.15,66.15,0.01K,0.31%
2019-09-12,65.5,65.5,65.5,65.5,0.03K,0.23%
2019-09-11,65.35,65.35,65.35,65.35,0.01K,-0.68%
2019-09-10,65.8,65.5,66.4,65.4,0.14K,0.38%
2019-09-09,65.55,65.55,65.55,65.55,0.03K,-1.06%
2019-09-06,66.25,66.25,66.25,66.25,0.07K,-0.97%
2019-09-05,66.9,66.75,66.75,66.75,0.08K,0.83%
2019-09-04,66.35,66.2,66.5,66.1,0.07K,-0.23%
2019-09-03,66.5,65.25,66.5,65.25,0.10K,2.23%
2019-09-02,65.05,65.05,65.05,65.05,0.05K,-1.06%
2019-08-30,65.75,65.75,65.75,65.75,0.02K,0.69%
2019-08-29,65.3,65.3,65.3,65.3,0.03K,-0.46%
2019-08-28,65.6,65.6,65.6,65.6,0.03K,0.31%
2019-08-27,65.4,65.4,65.4,65.4,0.02K,-0.53%
2019-08-26,65.75,65.75,65.75,65.75,0.00K,0.00%
2019-08-23,65.75,65.75,65.75,65.75,0.00K,0.61%
2019-08-22,65.35,65.35,65.35,65.35,0.00K,-0.15%
2019-08-21,65.45,65.45,65.45,65.45,0.07K,-0.76%
2019-08-20,65.95,65.95,65.95,65.95,0.03K,-0.60%
2019-08-19,66.35,66.35,66.35,66.35,0.01K,0.08%
2019-08-16,66.3,66.3,66.3,66.3,0.01K,-0.08%
2019-08-15,66.35,66.35,66.35,66.35,0.05K,-0.75%
2019-08-14,66.85,66.85,66.85,66.85,0.02K,-0.45%
2019-08-13,67.15,67.15,67.15,67.15,0.02K,-0.22%
2019-08-12,67.3,67.3,67.3,67.3,0.03K,-0.81%
2019-08-09,67.85,67.85,67.85,67.85,0.01K,0.07%
2019-08-08,67.8,67.8,67.8,67.8,0.00K,0.07%
2019-08-07,67.75,67.5,67.5,67.5,0.01K,-0.44%
2019-08-06,68.05,68.1,68.35,67.9,0.03K,-1.23%
2019-08-05,68.9,68.9,68.9,68.9,0.03K,-0.36%
2019-08-02,69.15,69.15,69.15,69.15,0.05K,-0.43%
2019-08-01,69.45,68.9,68.9,68.9,0.03K,0.00%
2019-07-31,69.45,69.3,69.3,69.3,0.11K,-0.29%
2019-07-30,69.65,71.3,71.3,69.45,0.06K,-2.72%
2019-07-29,71.6,72.25,72.25,71.5,0.04K,-3.57%
2019-07-26,74.25,74.25,74.25,74.25,0.00K,-0.20%
2019-07-25,74.4,74.4,74.4,74.4,0.01K,0.27%
2019-07-24,74.2,74.2,74.2,74.2,0.02K,0.47%
2019-07-23,73.85,74.0,74.0,74.0,0.09K,-0.87%
2019-07-22,74.5,74.85,74.85,74.85,0.00K,0.54%
2019-07-19,74.1,74.1,74.1,74.1,0.11K,0.34%
2019-07-18,73.85,73.85,73.85,73.85,0.03K,-0.61%
2019-07-17,74.3,74.3,74.3,74.3,0.01K,1.36%
2019-07-16,73.3,73.3,73.3,73.3,0.00K,-1.41%
2019-07-15,74.35,74.35,74.35,74.35,0.02K,-0.34%
2019-07-12,74.6,75.0,75.0,75.0,0.04K,-0.60%
2019-07-11,75.05,75.05,75.05,75.05,0.09K,-0.53%
2019-07-10,75.45,75.45,75.45,75.45,0.09K,0.73%
2019-07-09,74.9,74.9,74.9,74.9,0.04K,-0.40%
2019-07-08,75.2,75.2,75.2,75.2,0.04K,-1.31%
2019-07-05,76.2,76.2,76.2,76.2,0.14K,-1.04%
2019-07-04,77.0,77.0,77.0,77.0,0.05K,5.84%
2019-07-03,72.75,72.75,72.75,72.75,0.03K,3.93%
2019-07-02,70.0,70.0,70.0,70.0,0.07K,2.94%
2019-07-01,68.0,68.0,68.0,68.0,0.02K,-4.09%
2019-06-28,70.9,70.9,70.9,70.9,0.03K,-0.14%
2019-06-27,71.0,71.0,71.0,71.0,0.03K,0.14%
2019-06-26,70.9,70.9,70.9,70.9,0.01K,-0.07%
2019-06-25,70.95,70.95,70.95,70.95,0.02K,0.50%
2019-06-24,70.6,70.6,70.6,70.6,0.01K,-0.98%
2019-06-21,71.3,71.3,71.3,71.3,0.02K,1.13%
2019-06-20,70.5,70.5,70.5,70.5,0.01K,-0.14%
2019-06-19,70.6,70.6,70.6,70.6,0.05K,-0.28%
2019-06-18,70.8,70.8,70.8,70.8,0.02K,-0.49%
2019-06-17,71.15,71.15,71.15,71.15,0.03K,-0.35%
2019-06-14,71.4,71.4,71.4,71.4,0.02K,-0.63%
2019-06-13,71.85,71.85,71.85,71.85,0.03K,-0.14%
2019-06-12,71.95,72.0,72.0,71.9,0.02K,-2.97%
2019-06-11,74.15,74.15,74.15,74.15,0.05K,0.88%
2019-06-10,73.5,72.8,72.8,72.8,0.02K,0.96%
2019-06-07,72.8,73.2,73.2,73.2,0.03K,-0.27%
2019-06-06,73.0,72.5,73.25,72.5,0.04K,0.21%
2019-06-05,72.85,73.25,73.25,73.2,0.00K,-0.68%
2019-06-04,73.35,73.35,73.35,73.35,0.05K,0.14%
2019-06-03,73.25,75.3,75.3,73.0,0.11K,-12.17%
2019-05-31,83.4,83.4,83.4,83.4,0.02K,0.00%
2019-05-30,83.4,83.4,83.4,83.4,,-0.06%
2019-05-29,83.45,83.45,83.45,83.45,0.02K,0.18%
2019-05-28,83.3,83.3,83.3,83.3,0.00K,-0.42%
2019-05-27,83.65,83.65,83.65,83.65,,0.00%
2019-05-24,83.65,83.65,83.65,83.65,0.02K,-0.12%
2019-05-23,83.75,83.75,83.75,83.75,0.02K,-0.30%
2019-05-22,84.0,84.0,84.0,84.0,0.02K,0.18%
2019-05-21,83.85,83.85,83.85,83.85,0.00K,0.00%
2019-05-20,83.85,83.85,83.85,83.85,0.03K,-0.30%
2019-05-17,84.1,84.1,84.1,84.1,0.03K,-0.06%
2019-05-16,84.15,84.15,84.15,84.15,0.01K,-0.36%
2019-05-15,84.45,84.45,84.45,84.45,0.05K,-0.41%
2019-05-14,84.8,85.0,85.0,84.65,0.01K,-0.88%
2019-05-13,85.55,85.5,85.6,85.5,0.01K,-0.70%
2019-05-10,86.15,86.1,86.1,86.1,0.01K,-0.12%
2019-05-09,86.25,86.75,86.75,86.45,0.03K,-1.09%
2019-05-08,87.2,86.75,87.0,86.75,0.01K,0.23%
2019-05-07,87.0,86.75,86.75,86.5,0.00K,0.06%
2019-05-06,86.95,86.95,86.95,86.95,,-0.74%
2019-05-03,87.6,87.3,87.3,87.3,0.05K,0.46%
2019-05-02,87.2,86.5,87.25,86.5,0.02K,0.00%
2019-05-01,87.2,87.0,87.0,87.0,0.03K,-0.11%
2019-04-30,87.3,86.5,87.1,86.5,0.04K,0.46%
2019-04-29,86.9,86.75,86.75,86.5,0.01K,2.00%
2019-04-26,85.2,85.2,85.2,85.2,0.00K,-0.29%
2019-04-25,85.45,85.45,85.45,85.45,0.01K,0.95%
2019-04-24,84.65,84.65,84.65,84.65,0.04K,0.06%
2019-04-23,84.6,84.6,84.6,84.6,0.01K,0.18%
2019-04-22,84.45,84.45,84.45,84.45,,0.00%
2019-04-18,84.45,84.45,84.45,84.45,0.01K,-0.18%
2019-04-17,84.6,84.6,84.6,84.6,0.01K,0.59%
2019-04-16,84.1,84.1,84.1,84.1,0.00K,-0.30%
2019-04-15,84.35,84.35,84.35,84.35,0.00K,0.18%
2019-04-12,84.2,84.2,84.2,84.2,0.02K,0.06%
2019-04-11,84.15,82.0,82.0,82.0,0.03K,2.37%
2019-04-10,82.2,81.5,82.0,81.5,0.00K,1.23%
2019-04-09,81.2,81.2,81.2,81.2,0.01K,1.00%
2019-04-08,80.4,80.4,80.4,80.4,0.08K,1.97%
2019-04-05,78.85,78.85,78.85,78.85,0.05K,1.48%
2019-04-04,77.7,77.7,77.7,77.7,0.07K,-1.65%
2019-04-03,79.0,79.0,79.0,79.0,0.05K,-2.59%
2019-04-02,81.1,81.1,81.1,81.1,0.15K,-1.70%
2019-04-01,82.5,82.5,82.5,82.5,0.18K,-11.05%
2019-03-29,92.75,92.75,92.75,92.75,0.03K,-0.22%
2019-03-28,92.95,92.95,92.95,92.95,0.01K,-0.59%
2019-03-27,93.5,93.5,93.5,93.5,0.04K,0.32%
2019-03-26,93.2,93.2,93.2,93.2,0.02K,-0.37%
2019-03-25,93.55,93.55,93.55,93.55,0.02K,0.27%
2019-03-22,93.3,93.3,93.3,93.3,0.03K,-0.21%
2019-03-21,93.5,93.5,93.5,93.5,0.01K,-0.05%
2019-03-20,93.55,93.55,93.55,93.55,0.04K,0.11%
2019-03-19,93.45,93.45,93.45,93.45,0.01K,-0.37%
2019-03-18,93.8,93.8,93.8,93.8,0.03K,-0.05%
2019-03-15,93.85,93.85,93.85,93.85,0.02K,-0.79%
2019-03-14,94.6,94.6,94.6,94.6,0.01K,0.11%
2019-03-13,94.5,94.5,94.5,94.5,0.04K,-0.58%
2019-03-12,95.05,95.05,95.05,95.05,0.08K,0.53%
2019-03-11,94.55,94.55,94.55,94.55,0.01K,-1.05%
2019-03-08,95.55,97.0,97.0,95.6,0.10K,-2.10%
2019-03-07,97.6,97.25,97.25,97.25,0.09K,0.15%
2019-03-06,97.45,98.0,98.0,97.5,0.13K,-0.61%
2019-03-05,98.05,97.95,97.95,97.7,0.07K,-0.10%
2019-03-04,98.15,97.6,98.0,97.6,0.06K,1.19%
2019-03-01,97.0,97.0,97.0,97.0,0.03K,0.99%
2019-02-28,96.05,96.05,96.05,96.05,0.09K,1.21%
2019-02-27,94.9,94.9,94.9,94.9,0.09K,0.11%
2019-02-26,94.8,94.8,94.8,94.8,0.12K,1.17%
2019-02-25,93.7,93.5,93.5,93.5,0.14K,-1.42%
2019-02-22,95.05,95.05,95.05,95.05,0.00K,-0.16%
2019-02-21,95.2,95.2,95.2,95.2,,0.00%
2019-02-20,95.2,95.2,95.2,95.2,0.00K,0.00%
2019-02-19,95.2,95.2,95.2,95.2,0.01K,0.21%
2019-02-18,95.0,95.0,95.0,95.0,0.04K,0.16%
2019-02-15,94.85,94.85,94.85,94.85,,-0.11%
2019-02-14,94.95,94.95,94.95,94.95,0.01K,-0.78%
2019-02-13,95.7,95.7,95.7,95.7,0.01K,0.05%
2019-02-12,95.65,95.5,95.5,95.5,0.01K,-1.09%
2019-02-11,96.7,96.7,96.7,96.7,0.00K,-0.51%
2019-02-08,97.2,97.2,97.2,97.2,0.01K,-0.61%
2019-02-07,97.8,97.8,97.8,97.8,0.08K,-0.51%
2019-02-06,98.3,98.25,98.25,98.25,0.11K,0.00%
2019-02-05,98.3,98.6,98.6,98.6,0.05K,0.10%
2019-02-04,98.2,98.0,98.0,97.7,0.13K,-0.15%
2019-02-01,98.35,98.5,98.5,98.5,0.02K,-0.66%
2019-01-31,99.0,99.0,99.0,99.0,0.10K,-0.30%
2019-01-30,99.3,99.3,99.3,99.3,0.08K,0.10%
2019-01-29,99.2,99.0,99.1,98.7,0.06K,-0.25%
2019-01-28,99.45,99.45,99.45,99.45,0.07K,0.71%
2019-01-25,98.75,98.75,98.75,98.75,,-0.25%
2019-01-24,99.0,99.0,99.0,99.0,0.01K,-0.20%
2019-01-23,99.2,99.2,99.2,99.2,,0.00%
2019-01-22,99.2,99.2,99.2,99.2,0.01K,-0.15%
2019-01-21,99.35,99.35,99.35,99.35,,-0.40%
2019-01-18,99.75,99.75,99.75,99.75,0.01K,-0.55%
2019-01-17,100.3,100.3,100.3,100.3,0.08K,0.60%
2019-01-16,99.7,99.7,99.7,99.7,0.01K,1.01%
2019-01-15,98.7,98.7,98.7,98.7,0.09K,1.39%
2019-01-14,97.35,97.35,97.35,97.35,0.02K,-0.71%
2019-01-11,98.05,98.05,98.05,98.05,0.04K,0.20%
2019-01-10,97.85,97.85,97.85,97.85,,-0.25%
2019-01-09,98.1,98.1,98.1,98.1,0.04K,0.31%
2019-01-08,97.8,97.8,97.8,97.8,0.11K,-1.26%
2019-01-07,99.05,99.05,99.05,99.05,0.17K,-0.45%
2019-01-04,99.5,99.5,99.5,99.5,0.08K,-0.10%
2019-01-03,99.6,99.6,99.6,99.6,0.10K,-1.48%
2019-01-02,101.1,101.1,101.1,101.1,0.07K,-0.93%
2018-12-31,102.05,102.05,102.05,102.05,0.00K,0.15%
2018-12-28,101.9,101.9,101.9,101.9,,0.34%
2018-12-27,101.55,101.55,101.55,101.55,,0.54%
2018-12-26,101.0,101.0,101.0,101.0,,0.00%
2018-12-24,101.0,101.0,101.0,101.0,0.01K,-0.69%
2018-12-21,101.7,101.7,101.7,101.7,0.02K,0.05%
2018-12-20,101.65,101.65,101.65,101.65,0.00K,0.05%
2018-12-19,101.6,101.6,101.6,101.6,0.00K,0.10%
2018-12-18,101.5,101.5,101.5,101.5,,-0.34%
2018-12-17,101.85,102.0,102.0,101.6,0.01K,-0.44%
2018-12-14,102.3,102.3,102.3,102.3,0.00K,0.15%
2018-12-13,102.15,102.2,102.2,102.2,0.00K,0.49%
2018-12-12,101.65,101.65,101.65,101.65,0.01K,-0.49%
2018-12-11,102.15,102.15,102.15,102.15,0.08K,-0.49%
2018-12-10,102.65,102.65,102.65,102.65,0.00K,0.10%
2018-12-07,102.55,102.55,102.55,102.55,0.01K,0.00%
2018-12-06,102.55,102.55,102.55,102.55,0.01K,-0.10%
2018-12-05,102.65,102.65,102.65,102.65,0.01K,-0.19%
2018-12-04,102.85,102.85,102.85,102.85,0.01K,0.39%
2018-12-03,102.45,102.45,102.45,102.45,0.01K,0.74%
2018-11-30,101.7,101.7,101.7,101.7,0.01K,0.15%
2018-11-29,101.55,101.55,101.55,101.55,0.00K,0.00%
2018-11-28,101.55,101.55,101.55,101.55,0.02K,0.00%
2018-11-27,101.55,101.55,101.55,101.55,0.00K,0.15%
2018-11-26,101.4,101.4,101.4,101.4,0.01K,-0.34%
2018-11-23,101.75,101.75,101.75,101.75,0.01K,-0.63%
2018-11-22,102.4,102.4,102.4,102.4,0.01K,-0.05%
2018-11-21,102.45,102.45,102.45,102.45,0.00K,0.15%
2018-11-20,102.3,102.3,102.3,102.3,0.02K,-0.63%
2018-11-19,102.95,102.95,102.95,102.95,0.01K,0.44%
2018-11-16,102.5,102.5,102.5,102.5,0.02K,-1.58%
2018-11-15,104.15,104.15,104.15,104.15,0.03K,0.77%
2018-11-14,103.35,103.35,103.35,103.35,0.00K,-2.04%
2018-11-13,105.5,105.5,105.5,105.5,,-0.33%
2018-11-12,105.85,105.85,105.85,105.85,0.00K,-0.05%
2018-11-09,105.9,105.5,105.5,105.5,0.06K,0.52%
2018-11-08,105.35,105.25,105.75,105.25,0.02K,-0.09%
2018-11-07,105.45,105.45,105.45,105.45,0.02K,1.88%
2018-11-06,103.5,103.5,103.5,103.5,0.02K,-0.38%
2018-11-05,103.9,103.9,103.9,103.9,0.01K,0.48%
2018-11-02,103.4,103.75,103.75,103.75,0.03K,0.53%
2018-11-01,102.85,104.0,104.0,103.5,0.04K,-2.23%
2018-10-31,105.2,105.2,105.2,105.2,0.11K,-2.14%
2018-10-30,107.5,107.5,107.5,107.5,0.18K,-0.46%
2018-10-29,108.0,108.0,108.0,108.0,0.09K,-1.50%
2018-10-26,109.65,109.65,109.65,109.65,0.01K,-0.09%
2018-10-25,109.75,109.75,109.75,109.75,0.01K,0.00%
2018-10-24,109.75,109.75,109.75,109.75,,0.23%
2018-10-23,109.5,109.5,109.5,109.5,0.01K,-0.54%
2018-10-22,110.1,110.1,110.1,110.1,0.01K,0.09%
2018-10-19,110.0,110.0,110.0,110.0,0.00K,0.23%
2018-10-18,109.75,109.75,109.75,109.75,0.02K,0.55%
2018-10-17,109.15,109.15,109.15,109.15,0.01K,0.05%
2018-10-16,109.1,109.1,109.1,109.1,0.01K,-0.14%
2018-10-15,109.25,109.25,109.25,109.25,,0.05%
2018-10-12,109.2,109.2,109.2,109.2,0.02K,0.46%
2018-10-11,108.7,108.7,108.7,108.7,0.04K,-1.05%
2018-10-10,109.85,109.85,109.85,109.85,0.02K,-0.99%
2018-10-09,110.95,110.95,110.95,110.95,0.03K,-1.60%
2018-10-08,112.75,112.75,112.75,112.75,0.02K,-0.79%
2018-10-05,113.65,113.65,113.65,113.65,0.01K,-0.09%
2018-10-04,113.75,113.75,113.75,113.75,0.03K,-0.13%
2018-10-03,113.9,113.9,113.9,113.9,0.09K,-0.13%
2018-10-02,114.05,114.05,114.05,114.05,0.06K,-0.48%
2018-10-01,114.6,114.0,114.0,114.0,0.01K,0.66%
2018-09-28,113.85,113.85,113.85,113.85,0.01K,0.13%
2018-09-27,113.7,113.7,113.7,113.7,0.01K,0.00%
2018-09-26,113.7,113.7,113.7,113.7,0.01K,0.00%
2018-09-25,113.7,113.7,113.7,113.7,0.02K,-0.04%
2018-09-24,113.75,113.75,113.75,113.75,0.01K,0.26%
2018-09-21,113.45,113.45,113.45,113.45,,0.27%
2018-09-20,113.15,113.15,113.15,113.15,0.00K,-1.18%
2018-09-19,114.5,114.5,114.5,114.5,0.01K,0.31%
2018-09-18,114.15,114.15,114.15,114.15,0.02K,-0.39%
2018-09-17,114.6,114.6,114.6,114.6,0.00K,-0.69%
2018-09-14,115.4,115.4,115.4,115.4,0.03K,0.09%
2018-09-13,115.3,115.3,115.3,115.3,0.02K,0.22%
2018-09-12,115.05,115.05,115.05,115.05,0.01K,-0.52%
2018-09-11,115.65,115.65,115.65,115.65,0.02K,0.30%
2018-09-10,115.3,115.0,115.25,115.0,0.06K,0.65%
2018-09-07,114.55,114.75,114.75,114.75,0.01K,-0.22%
2018-09-06,114.8,114.8,114.8,114.8,0.01K,0.00%
2018-09-05,114.8,114.9,115.0,114.9,0.06K,-0.48%
2018-09-04,115.35,115.35,115.35,115.35,0.12K,-0.77%
2018-09-03,116.25,116.25,116.25,116.25,0.03K,-1.48%
2018-08-31,118.0,118.0,118.0,118.0,0.03K,0.43%
2018-08-30,117.5,117.5,117.5,117.5,0.08K,-0.13%
2018-08-29,117.65,117.65,117.65,117.65,0.02K,0.13%
2018-08-28,117.5,117.5,117.5,117.5,0.01K,-1.18%
2018-08-27,118.9,118.9,118.9,118.9,,0.85%
2018-08-24,117.9,117.9,117.9,117.9,0.03K,0.64%
2018-08-23,117.15,117.15,117.15,117.15,0.01K,-0.30%
2018-08-22,117.5,117.5,117.5,117.5,0.00K,-0.04%
2018-08-21,117.55,117.55,117.55,117.55,0.01K,-0.08%
2018-08-20,117.65,117.65,117.65,117.65,0.01K,-0.30%
2018-08-17,118.0,118.0,118.0,118.0,0.01K,-0.08%
2018-08-16,118.1,118.1,118.1,118.1,0.03K,-0.04%
2018-08-15,118.15,118.15,118.15,118.15,0.00K,-0.21%
2018-08-14,118.4,118.4,118.4,118.4,0.05K,0.77%
2018-08-13,117.5,117.5,117.5,117.5,,0.73%
2018-08-10,116.65,116.65,116.65,116.65,0.01K,0.30%
2018-08-09,116.3,116.3,116.3,116.3,0.10K,0.35%
2018-08-08,115.9,116.0,116.0,116.0,0.08K,-0.09%
2018-08-07,116.0,116.0,116.0,116.0,0.01K,-0.68%
2018-08-06,116.8,116.5,116.5,116.5,0.03K,-0.55%
2018-08-03,117.45,117.5,117.5,117.5,0.00K,0.09%
2018-08-02,117.35,117.35,117.35,117.35,0.02K,-0.38%
2018-08-01,117.8,118.1,118.1,118.1,0.03K,0.21%
2018-07-31,117.55,116.0,116.0,116.0,0.04K,1.73%
2018-07-30,115.55,115.2,115.2,115.2,0.15K,-3.63%
2018-07-27,119.9,119.9,119.9,119.9,0.01K,0.00%
2018-07-26,119.9,119.9,119.9,119.9,,0.00%
2018-07-25,119.9,119.9,119.9,119.9,0.01K,0.50%
2018-07-24,119.3,119.3,119.3,119.3,0.01K,0.55%
2018-07-23,118.65,118.65,118.65,118.65,0.01K,0.81%
2018-07-20,117.7,117.7,117.7,117.7,0.02K,-1.34%
2018-07-19,119.3,119.3,119.3,119.3,0.00K,-0.25%
2018-07-18,119.6,119.6,119.6,119.6,0.01K,0.76%
2018-07-17,118.7,118.7,118.7,118.7,0.06K,0.38%
2018-07-16,118.25,118.25,118.25,118.25,0.02K,0.47%
2018-07-13,117.7,117.7,117.7,117.7,0.02K,-0.30%
2018-07-12,118.05,118.05,118.05,118.05,0.03K,0.13%
2018-07-11,117.9,117.9,117.9,117.9,0.04K,0.38%
2018-07-10,117.45,117.45,117.45,117.45,0.02K,1.16%
2018-07-09,116.1,116.1,116.1,116.1,0.01K,0.00%
2018-07-06,116.1,116.1,116.1,116.1,0.01K,-0.43%
2018-07-05,116.6,116.2,116.2,116.2,0.16K,0.09%
2018-07-04,116.5,116.5,116.5,116.5,0.15K,1.00%
2018-07-03,115.35,116.0,116.0,116.0,0.11K,0.30%
2018-07-02,115.0,115.7,115.7,115.7,0.04K,0.52%
2018-06-29,114.4,114.4,114.4,114.4,0.02K,0.00%
2018-06-28,114.4,114.4,114.4,114.4,,0.00%
2018-06-27,114.4,114.4,114.4,114.4,0.00K,-0.31%
2018-06-26,114.75,114.75,114.75,114.75,,0.22%
2018-06-25,114.5,114.5,114.5,114.5,0.01K,0.39%
2018-06-22,114.05,114.05,114.05,114.05,0.02K,0.04%
2018-06-21,114.0,114.0,114.0,114.0,0.01K,-0.39%
2018-06-20,114.45,114.45,114.45,114.45,0.04K,-0.78%
2018-06-19,115.35,115.35,115.35,115.35,0.03K,-0.47%
2018-06-18,115.9,115.9,115.9,115.9,0.03K,0.78%
2018-06-15,115.0,115.0,115.0,115.0,0.01K,-0.43%
2018-06-14,115.5,116.0,116.0,116.0,0.00K,-0.43%
2018-06-13,116.0,116.0,116.0,116.0,0.01K,0.39%
2018-06-12,115.55,115.55,115.55,115.55,0.01K,1.05%
2018-06-11,114.35,114.35,114.35,114.35,0.14K,0.44%
2018-06-08,113.85,113.85,113.85,113.85,0.01K,-0.22%
2018-06-07,114.1,114.1,114.1,114.1,0.03K,1.15%
2018-06-06,112.8,112.8,112.8,112.8,0.01K,-0.18%
2018-06-05,113.0,112.5,113.0,112.5,0.03K,-0.26%
2018-06-04,113.3,112.85,114.0,112.85,0.12K,2.03%
2018-06-01,111.05,112.0,112.5,112.0,0.01K,0.82%
2018-05-31,110.15,109.0,110.5,109.0,0.07K,1.38%
2018-05-30,108.65,106.65,108.75,106.65,0.05K,1.68%
2018-05-29,106.85,106.75,107.0,106.75,0.02K,-0.47%
2018-05-28,107.35,107.35,107.35,107.35,,1.80%
2018-05-25,105.45,105.45,105.45,105.45,0.00K,0.72%
2018-05-24,104.7,104.7,104.7,104.7,0.01K,-0.05%
2018-05-23,104.75,104.75,104.75,104.75,0.06K,-0.43%
2018-05-22,105.2,105.2,105.2,105.2,0.02K,0.57%
2018-05-21,104.6,104.6,104.6,104.6,0.01K,0.24%
2018-05-18,104.35,104.35,104.35,104.35,0.03K,0.19%
2018-05-17,104.15,104.15,104.15,104.15,0.01K,-0.43%
2018-05-16,104.6,104.6,104.6,104.6,0.03K,0.34%
2018-05-15,104.25,104.25,104.25,104.25,0.01K,1.71%
2018-05-14,102.5,102.5,102.5,102.5,0.04K,0.74%
2018-05-11,101.75,101.75,101.75,101.75,0.01K,0.25%
2018-05-10,101.5,101.5,101.5,101.5,0.03K,0.79%
2018-05-09,100.7,100.7,100.7,100.7,0.06K,-0.30%
2018-05-08,101.0,101.0,101.0,101.0,0.03K,0.45%
2018-05-07,100.55,100.55,100.55,100.55,,0.00%
2018-05-04,100.55,100.55,100.55,100.55,0.01K,0.45%
2018-05-03,100.1,100.1,100.1,100.1,0.03K,-0.89%
2018-05-02,101.0,101.0,101.0,101.0,0.18K,-1.03%
2018-05-01,102.05,101.45,101.45,101.3,0.06K,2.67%
2018-04-30,99.4,99.4,99.4,99.4,0.07K,6.14%
2018-04-27,93.65,93.65,93.65,93.65,0.01K,0.16%
2018-04-26,93.5,93.5,93.5,93.5,0.03K,0.05%
2018-04-25,93.45,93.45,93.45,93.45,0.01K,0.21%
2018-04-24,93.25,93.25,93.25,93.25,0.02K,-0.11%
2018-04-23,93.35,93.3,93.3,93.3,0.02K,-0.11%
2018-04-20,93.45,93.45,93.45,93.45,0.02K,-0.32%
2018-04-19,93.75,93.75,93.75,93.75,0.04K,1.19%
2018-04-18,92.65,92.65,92.65,92.65,0.09K,0.65%
2018-04-17,92.05,92.7,92.7,92.7,0.10K,-1.02%
2018-04-16,93.0,93.0,93.0,93.0,0.03K,-0.43%
2018-04-13,93.4,93.4,93.4,93.4,0.17K,-0.27%
2018-04-12,93.65,93.65,93.65,93.65,0.03K,0.00%
2018-04-11,93.65,93.65,93.65,93.65,0.06K,0.16%
2018-04-10,93.5,93.5,93.5,93.5,0.05K,-0.74%
2018-04-09,94.2,94.2,94.2,94.2,0.06K,0.32%
2018-04-06,93.9,93.9,93.9,93.9,0.05K,-0.27%
2018-04-05,94.15,94.15,94.15,94.15,0.15K,0.64%
2018-04-04,93.55,93.55,93.55,93.55,0.25K,1.68%
2018-04-03,92.0,93.4,93.4,93.25,0.11K,-0.27%
2018-04-02,92.25,92.25,92.25,92.25,,-4.30%
2018-03-29,96.4,96.4,96.4,96.4,0.02K,-0.26%
2018-03-28,96.65,96.65,96.65,96.65,0.01K,-0.26%
2018-03-27,96.9,96.9,96.9,96.9,0.01K,0.31%
2018-03-26,96.6,96.6,96.6,96.6,0.01K,-0.16%
2018-03-23,96.75,96.75,96.75,96.75,0.03K,0.05%
2018-03-22,96.7,96.9,96.9,96.9,0.01K,-0.46%
2018-03-21,97.15,97.15,97.15,97.15,0.01K,-0.21%
2018-03-20,97.35,97.35,97.35,97.35,0.03K,0.62%
2018-03-19,96.75,96.75,96.75,96.75,0.02K,-0.41%
2018-03-16,97.15,97.15,97.15,97.15,0.02K,-0.72%
2018-03-15,97.85,97.85,97.85,97.85,0.07K,0.15%
2018-03-14,97.7,97.0,97.0,97.0,0.01K,-0.31%
2018-03-13,98.0,98.0,98.05,97.9,0.05K,0.00%
2018-03-12,98.0,99.0,99.0,98.25,0.02K,-1.41%
2018-03-09,99.4,99.4,99.4,99.4,0.01K,-0.55%
2018-03-08,99.95,100.0,100.0,100.0,0.02K,0.20%
2018-03-07,99.75,101.0,101.0,100.0,0.02K,-1.72%
2018-03-06,101.5,101.5,101.5,101.5,0.03K,-0.49%
2018-03-05,102.0,102.0,102.0,102.0,0.02K,-0.87%
2018-03-02,102.9,103.0,103.0,103.0,0.03K,0.00%
2018-03-01,102.9,102.9,102.9,102.9,0.01K,-1.29%
2018-02-28,104.25,103.9,104.0,103.75,0.03K,-0.05%
2018-02-27,104.3,103.5,104.0,103.5,0.03K,-0.29%
2018-02-26,104.6,107.15,107.15,105.0,0.05K,-0.48%
2018-02-23,105.1,105.1,105.1,105.1,0.01K,-0.52%
2018-02-22,105.65,105.65,105.65,105.65,0.02K,0.09%
2018-02-21,105.55,105.55,105.55,105.55,0.01K,0.29%
2018-02-20,105.25,105.25,105.25,105.25,0.01K,-0.05%
2018-02-19,105.3,105.3,105.3,105.3,0.01K,0.57%
2018-02-16,104.7,104.7,104.7,104.7,0.00K,0.53%
2018-02-15,104.15,104.15,104.15,104.15,0.02K,-0.24%
2018-02-14,104.4,104.4,104.4,104.4,0.03K,1.70%
2018-02-13,102.65,102.65,102.65,102.65,0.10K,0.98%
2018-02-12,101.65,101.65,101.65,101.65,0.01K,0.49%
2018-02-09,101.15,101.15,101.15,101.15,0.02K,0.25%
2018-02-08,100.9,100.9,100.9,100.9,0.07K,-1.80%
2018-02-07,102.75,102.75,102.75,102.75,0.10K,-1.20%
2018-02-06,104.0,104.4,104.4,104.4,0.02K,-0.53%
2018-02-05,104.55,104.55,104.55,104.55,0.01K,-0.19%
2018-02-02,104.75,104.75,104.75,104.75,0.01K,0.34%
2018-02-01,104.4,104.4,104.4,104.4,0.03K,0.05%
2018-01-31,104.35,104.35,104.35,104.35,0.07K,-2.61%
2018-01-30,107.15,108.5,108.5,107.75,0.02K,-1.70%
2018-01-29,109.0,109.0,109.65,109.0,0.05K,2.35%
2018-01-26,106.5,106.5,106.5,106.5,0.00K,0.00%
2018-01-25,106.5,106.5,106.5,106.5,0.01K,-0.42%
2018-01-24,106.95,106.95,106.95,106.95,0.01K,0.42%
2018-01-23,106.5,106.5,106.5,106.5,0.01K,0.00%
2018-01-22,106.5,106.5,106.5,106.5,0.03K,-0.23%
2018-01-19,106.75,106.75,106.75,106.75,0.03K,0.00%
2018-01-18,106.75,106.75,106.75,106.75,0.01K,0.19%
2018-01-17,106.55,106.55,106.55,106.55,0.01K,0.09%
2018-01-16,106.45,107.0,107.05,106.55,0.08K,0.05%
2018-01-15,106.4,106.4,106.4,106.4,0.02K,0.52%
2018-01-12,105.85,105.85,105.85,105.85,0.00K,-0.24%
2018-01-11,106.1,106.1,106.1,106.1,0.03K,-0.42%
2018-01-10,106.55,106.55,106.55,106.55,0.02K,-0.42%
2018-01-09,107.0,107.0,107.0,107.0,0.04K,0.23%
2018-01-08,106.75,105.9,107.0,105.9,0.08K,1.38%
2018-01-05,105.3,105.25,105.5,105.0,0.15K,0.33%
2018-01-04,104.95,105.0,105.0,105.0,0.05K,1.11%
2018-01-03,103.8,103.8,103.8,103.8,,1.12%
2018-01-02,102.65,102.65,102.65,102.65,0.01K,1.84%
2017-12-29,100.8,100.8,100.8,100.8,,-0.40%
2017-12-28,101.2,101.2,101.2,101.2,0.01K,1.00%
2017-12-27,100.2,100.2,100.2,100.2,,0.00%
2017-12-26,100.2,100.2,100.2,100.2,,0.00%
2017-12-22,100.2,100.2,100.2,100.2,0.01K,0.00%
2017-12-21,100.2,100.2,100.2,100.2,0.01K,-0.05%
2017-12-20,100.25,100.25,100.25,100.25,0.01K,-0.05%
2017-12-19,100.3,100.3,100.3,100.3,0.01K,0.15%
2017-12-18,100.15,100.15,100.15,100.15,0.02K,0.15%
2017-12-15,100.0,100.0,100.0,100.0,0.04K,0.30%
2017-12-14,99.7,99.7,99.7,99.7,0.04K,0.05%
2017-12-13,99.65,99.65,99.65,99.65,0.03K,1.01%
2017-12-12,98.65,98.65,98.65,98.65,0.02K,0.61%
2017-12-11,98.05,98.05,98.05,98.05,0.01K,0.51%
2017-12-08,97.55,97.55,97.55,97.55,0.02K,0.31%
2017-12-07,97.25,97.25,97.25,97.25,0.01K,0.15%
2017-12-06,97.1,97.1,97.1,97.1,0.03K,0.57%
2017-12-05,96.55,96.55,96.55,96.55,0.00K,-0.77%
2017-12-04,97.3,97.7,97.7,97.7,0.01K,0.36%
2017-12-01,96.95,96.95,96.95,96.95,0.01K,0.15%
2017-11-30,96.8,96.8,96.8,96.8,0.01K,0.00%
2017-11-29,96.8,97.0,97.0,97.0,0.01K,0.41%
2017-11-28,96.4,96.0,97.0,96.0,0.04K,1.42%
2017-11-27,95.05,95.05,95.05,95.05,0.01K,-1.55%
2017-11-24,96.55,96.55,96.55,96.55,0.03K,0.47%
2017-11-23,96.1,96.1,96.1,96.1,0.04K,-0.10%
2017-11-22,96.2,96.2,96.2,96.2,0.00K,0.31%
2017-11-21,95.9,95.9,95.9,95.9,0.02K,-0.36%
2017-11-20,96.25,96.25,96.25,96.25,0.02K,-0.31%
2017-11-17,96.55,96.55,96.55,96.55,0.01K,-0.21%
2017-11-16,96.75,96.75,96.75,96.75,0.02K,-0.82%
2017-11-15,97.55,97.55,97.55,97.55,0.01K,-0.05%
2017-11-14,97.6,97.6,97.6,97.6,0.01K,-0.20%
2017-11-13,97.8,97.8,97.8,97.8,0.01K,0.15%
2017-11-10,97.65,97.65,97.65,97.65,0.01K,-0.05%
2017-11-09,97.7,97.7,97.7,97.7,0.01K,-0.31%
2017-11-08,98.0,98.0,98.0,98.0,0.04K,-0.51%
2017-11-07,98.5,98.5,98.5,98.5,0.03K,-0.25%
2017-11-06,98.75,98.75,98.75,98.75,0.01K,-0.25%
2017-11-03,99.0,99.0,99.0,99.0,0.01K,-1.20%
2017-11-02,100.2,100.2,100.2,100.2,0.01K,0.20%
2017-11-01,100.0,100.0,100.0,100.0,0.06K,0.10%
2017-10-31,99.9,99.9,99.9,99.9,0.09K,0.50%
2017-10-30,99.4,98.75,99.5,98.75,0.08K,2.00%
2017-10-27,97.45,97.45,97.45,97.45,0.01K,0.36%
2017-10-26,97.1,97.1,97.1,97.1,0.02K,-0.05%
2017-10-25,97.15,97.15,97.15,97.15,0.02K,-0.05%
2017-10-24,97.2,97.2,97.2,97.2,0.04K,0.67%
2017-10-23,96.55,96.5,96.5,96.5,0.00K,-0.62%
2017-10-20,97.15,97.15,97.15,97.15,0.04K,0.41%
2017-10-19,96.75,96.75,96.75,96.75,0.03K,-0.36%
2017-10-18,97.1,97.1,97.1,97.1,0.02K,0.99%
2017-10-17,96.15,96.15,96.15,96.15,0.01K,0.00%
2017-10-16,96.15,96.15,96.15,96.15,0.07K,0.42%
2017-10-13,95.75,95.75,95.75,95.75,0.02K,0.63%
2017-10-12,95.15,95.15,95.15,95.15,0.05K,-0.94%
2017-10-11,96.05,96.05,96.05,96.05,0.05K,0.73%
2017-10-10,95.35,95.35,95.35,95.35,0.03K,-1.35%
2017-10-09,96.65,96.65,96.65,96.65,0.02K,-0.72%
2017-10-06,97.35,97.35,97.35,97.35,0.04K,-1.32%
2017-10-05,98.65,98.65,98.65,98.65,0.06K,-0.35%
2017-10-04,99.0,97.0,98.4,97.0,0.11K,2.06%
2017-10-03,97.0,97.0,97.0,97.0,0.03K,1.15%
2017-10-02,95.9,95.9,95.9,95.9,0.01K,-1.39%
2017-09-29,97.25,97.25,97.25,97.25,0.06K,0.15%
2017-09-28,97.1,97.1,97.1,97.1,0.03K,-0.15%
2017-09-27,97.25,97.25,97.25,97.25,0.04K,0.26%
2017-09-26,97.0,97.0,97.0,97.0,0.02K,0.05%
2017-09-25,96.95,96.95,96.95,96.95,0.02K,-0.26%
2017-09-22,97.2,97.2,97.2,97.2,0.03K,-0.10%
2017-09-21,97.3,97.3,97.3,97.3,0.06K,-0.66%
2017-09-20,97.95,97.95,97.95,97.95,0.04K,-0.25%
2017-09-19,98.2,98.2,98.2,98.2,0.01K,-0.05%
2017-09-18,98.25,98.25,98.25,98.25,0.03K,-0.96%
2017-09-15,99.2,99.2,99.2,99.2,0.03K,-0.80%
2017-09-14,100.0,100.0,100.0,100.0,0.09K,-0.30%
2017-09-13,100.3,101.0,101.0,101.0,0.01K,0.55%
2017-09-12,99.75,99.75,99.75,99.75,0.02K,0.20%
2017-09-11,99.55,99.55,99.55,99.55,0.03K,1.12%
2017-09-08,98.45,98.45,98.45,98.45,0.01K,0.82%
2017-09-07,97.65,98.0,98.0,98.0,0.03K,-0.26%
2017-09-06,97.9,97.9,97.9,97.9,0.02K,0.10%
2017-09-05,97.8,97.8,97.8,97.8,0.03K,0.93%
2017-09-04,96.9,96.5,97.0,96.5,0.02K,1.15%
2017-09-01,95.8,95.8,95.8,95.8,0.02K,0.52%
2017-08-31,95.3,95.3,95.3,95.3,0.07K,-2.16%
2017-08-30,97.4,97.4,97.4,97.4,0.02K,0.36%
2017-08-29,97.05,97.05,97.05,97.05,0.10K,-0.72%
2017-08-28,97.75,97.75,97.75,97.75,0.00K,-0.86%
2017-08-25,98.6,98.6,98.6,98.6,0.02K,0.20%
2017-08-24,98.4,98.4,98.4,98.4,0.00K,0.05%
2017-08-23,98.35,98.35,98.35,98.35,0.00K,-0.05%
2017-08-22,98.4,98.4,98.4,98.4,0.00K,0.05%
2017-08-21,98.35,98.35,98.35,98.35,0.01K,0.05%
2017-08-18,98.3,98.3,98.3,98.3,0.02K,0.25%
2017-08-17,98.05,98.05,98.05,98.05,0.03K,0.62%
2017-08-16,97.45,97.45,97.45,97.45,0.01K,2.63%
2017-08-15,94.95,94.95,94.95,94.95,0.01K,-0.52%
2017-08-14,95.45,95.45,95.45,95.45,0.02K,-0.37%
2017-08-11,95.8,95.8,95.8,95.8,0.03K,-0.05%
2017-08-10,95.85,95.85,95.85,95.85,0.03K,0.68%
2017-08-09,95.2,95.2,95.2,95.2,0.01K,1.22%
2017-08-08,94.05,94.05,94.05,94.05,0.03K,-1.00%
2017-08-07,95.0,95.0,95.0,95.0,0.01K,-0.37%
2017-08-04,95.35,95.35,95.35,95.35,0.02K,0.85%
2017-08-03,94.55,94.55,94.55,94.55,0.03K,-0.53%
2017-08-02,95.05,95.05,95.05,95.05,0.07K,0.37%
2017-08-01,94.7,94.7,94.7,94.7,0.02K,1.61%
2017-07-31,93.2,91.75,94.0,91.75,0.10K,6.88%
2017-07-28,87.2,87.2,87.2,87.2,0.03K,-0.11%
2017-07-27,87.3,87.3,87.3,87.3,0.02K,0.06%
2017-07-26,87.25,87.25,87.25,87.25,0.04K,0.52%
2017-07-25,86.8,86.8,86.8,86.8,0.01K,0.52%
2017-07-24,86.35,86.35,86.35,86.35,0.01K,-0.12%
2017-07-21,86.45,86.45,86.45,86.45,0.02K,-0.29%
2017-07-20,86.7,86.7,86.7,86.7,0.01K,0.99%
2017-07-19,85.85,85.85,85.85,85.85,0.13K,0.35%
2017-07-18,85.55,85.55,85.55,85.55,0.04K,1.48%
2017-07-17,84.3,84.3,84.3,84.3,0.02K,0.42%
2017-07-14,83.95,83.95,83.95,83.95,0.02K,0.18%
2017-07-13,83.8,83.8,83.8,83.8,0.22K,0.72%
2017-07-12,83.2,83.2,83.2,83.2,0.02K,-0.18%
2017-07-11,83.35,83.35,83.35,83.35,0.08K,1.21%
2017-07-10,82.35,82.35,82.35,82.35,0.02K,-0.24%
2017-07-07,82.55,82.55,82.55,82.55,0.01K,-0.78%
2017-07-06,83.2,83.2,83.2,83.2,0.04K,0.18%
2017-07-05,83.05,83.05,83.05,83.05,0.18K,2.34%
2017-07-04,81.15,81.15,81.15,81.15,0.14K,2.14%
2017-07-03,79.45,79.45,79.45,79.45,0.07K,-1.91%
2017-06-30,81.0,81.0,81.0,81.0,0.02K,0.06%
2017-06-29,80.95,80.95,80.95,80.95,0.04K,0.37%
2017-06-28,80.65,80.65,80.65,80.65,0.02K,0.06%
2017-06-27,80.6,80.6,80.6,80.6,0.01K,0.06%
2017-06-26,80.55,80.55,80.55,80.55,0.01K,-0.12%
2017-06-23,80.65,80.65,80.65,80.65,0.00K,0.06%
2017-06-22,80.6,80.6,80.6,80.6,0.03K,-0.12%
2017-06-21,80.7,80.7,80.7,80.7,0.01K,-0.06%
2017-06-20,80.75,80.75,80.75,80.75,0.05K,-0.55%
2017-06-19,81.2,81.2,81.2,81.2,0.01K,0.43%
2017-06-16,80.85,80.85,80.85,80.85,0.02K,0.06%
2017-06-15,80.8,80.8,80.8,80.8,0.02K,0.37%
2017-06-14,80.5,80.5,80.5,80.5,0.02K,-0.43%
2017-06-13,80.85,80.85,80.85,80.85,0.08K,1.76%
2017-06-12,79.45,79.45,79.45,79.45,0.01K,0.00%
2017-06-09,79.45,79.45,79.45,79.45,0.03K,0.19%
2017-06-08,79.3,79.3,79.3,79.3,0.04K,1.08%
2017-06-07,78.45,78.0,78.0,78.0,0.04K,1.95%
2017-06-06,76.95,76.95,76.95,76.95,0.10K,1.38%
2017-06-05,75.9,75.9,75.9,75.9,0.03K,-0.13%
2017-06-02,76.0,76.0,76.0,76.0,0.01K,2.01%
2017-06-01,74.5,74.0,74.0,74.0,0.00K,1.43%
2017-05-31,73.45,73.45,73.45,73.45,0.01K,-0.88%
2017-05-30,74.1,74.1,74.1,74.1,0.12K,0.34%
2017-05-29,73.85,73.85,73.85,73.85,,-0.81%
2017-05-26,74.45,74.45,74.45,74.45,0.01K,0.00%
2017-05-25,74.45,74.45,74.45,74.45,0.03K,0.00%
2017-05-24,74.45,74.45,74.45,74.45,0.01K,0.13%
2017-05-23,74.35,74.35,74.35,74.35,0.01K,-0.60%
2017-05-22,74.8,74.65,74.65,74.65,0.03K,0.74%
2017-05-19,74.25,74.25,74.25,74.25,0.03K,0.27%
2017-05-18,74.05,74.05,74.05,74.05,0.10K,0.34%
2017-05-17,73.8,73.8,73.8,73.8,0.02K,0.75%
2017-05-16,73.25,73.25,73.25,73.25,0.06K,-0.07%
2017-05-15,73.3,73.3,73.3,73.3,0.03K,-0.41%
2017-05-12,73.6,73.6,73.6,73.6,0.05K,0.41%
2017-05-11,73.3,73.6,73.6,73.6,0.01K,-1.08%
2017-05-10,74.1,74.1,74.1,74.1,0.12K,0.34%
2017-05-09,73.85,73.85,73.85,73.85,0.01K,-0.47%
2017-05-08,74.2,74.2,74.2,74.2,0.04K,-4.87%
2017-05-05,78.0,78.0,78.0,78.0,0.17K,0.00%
2017-05-04,78.0,78.0,78.0,78.0,0.12K,0.00%
2017-05-03,78.0,78.0,78.0,78.0,0.07K,-1.27%
2017-05-02,79.0,79.0,79.0,79.0,0.02K,-0.50%
2017-05-01,79.4,79.4,79.4,79.4,,-4.97%
2017-04-28,83.55,83.55,83.55,83.55,0.04K,-1.47%
2017-04-27,84.8,84.8,84.8,84.8,0.04K,1.19%
2017-04-26,83.8,83.8,83.8,83.8,0.02K,-0.06%
2017-04-25,83.85,83.85,83.85,83.85,0.05K,-0.06%
2017-04-24,83.9,83.9,83.9,83.9,0.01K,-0.36%
2017-04-21,84.2,84.2,84.2,84.2,0.02K,0.06%
2017-04-20,84.15,84.15,84.15,84.15,0.01K,0.06%
2017-04-19,84.1,84.1,84.1,84.1,0.03K,-0.30%
2017-04-18,84.35,84.35,84.35,84.35,0.01K,0.24%
2017-04-17,84.15,84.15,84.15,84.15,,0.00%
2017-04-13,84.15,84.15,84.15,84.15,0.03K,-0.47%
2017-04-12,84.55,84.55,84.55,84.55,0.04K,-0.35%
2017-04-11,84.85,84.85,84.85,84.85,0.13K,-2.19%
2017-04-10,86.75,86.75,86.75,86.75,0.16K,-1.64%
2017-04-07,88.2,88.2,88.2,88.2,0.19K,-1.62%
2017-04-06,89.65,89.65,89.65,89.65,0.25K,0.22%
2017-04-05,89.45,89.45,89.45,89.45,0.18K,-0.33%
2017-04-04,89.75,90.4,90.4,90.4,0.24K,0.28%
2017-04-03,89.5,89.5,89.5,89.5,0.22K,10.84%
2017-03-31,80.75,80.75,80.75,80.75,0.03K,0.06%
2017-03-30,80.7,80.7,80.7,80.7,0.04K,-0.06%
2017-03-29,80.75,80.75,80.75,80.75,0.04K,0.00%
2017-03-28,80.75,80.75,80.75,80.75,0.03K,-0.25%
2017-03-27,80.95,80.95,80.95,80.95,0.03K,0.00%
2017-03-24,80.95,80.95,80.95,80.95,0.01K,0.00%
2017-03-23,80.95,80.95,80.95,80.95,0.02K,0.68%
2017-03-22,80.4,80.4,80.4,80.4,0.04K,-0.19%
2017-03-21,80.55,80.55,80.55,80.55,0.01K,-0.43%
2017-03-20,80.9,80.9,80.9,80.9,0.04K,-0.49%
2017-03-17,81.3,81.3,81.3,81.3,0.09K,0.25%
2017-03-16,81.1,81.35,81.35,81.25,0.02K,-0.67%
2017-03-15,81.65,81.75,81.75,81.7,0.03K,0.93%
2017-03-14,80.9,80.9,80.9,80.9,0.02K,-0.25%
2017-03-13,81.1,81.1,81.1,81.1,0.06K,2.98%
2017-03-10,78.75,78.75,78.75,78.75,0.11K,0.70%
2017-03-09,78.2,78.2,78.2,78.2,0.22K,-0.57%
2017-03-08,78.65,78.65,78.65,78.65,0.13K,-0.76%
2017-03-07,79.25,79.25,79.25,79.25,0.10K,-1.18%
2017-03-06,80.2,80.35,80.35,80.35,0.05K,-0.93%
2017-03-03,80.95,80.95,80.95,80.95,0.10K,-1.52%
2017-03-02,82.2,82.4,82.4,82.25,0.05K,-0.66%
2017-03-01,82.75,82.9,82.9,82.5,0.11K,-0.84%
2017-02-28,83.45,83.45,83.45,83.45,0.08K,-0.06%
2017-02-27,83.5,83.5,83.5,83.5,0.08K,4.38%
2017-02-24,80.0,80.0,80.0,80.0,0.01K,0.25%
2017-02-23,79.8,79.8,79.8,79.8,0.01K,0.06%
2017-02-22,79.75,79.75,79.75,79.75,0.01K,-0.50%
2017-02-21,80.15,80.15,80.15,80.15,0.02K,0.06%
2017-02-20,80.1,80.1,80.1,80.1,0.01K,0.25%
2017-02-17,79.9,79.9,79.9,79.9,,-0.12%
2017-02-16,80.0,80.0,80.0,80.0,0.04K,0.00%
2017-02-15,80.0,80.0,80.0,80.0,0.01K,0.13%
2017-02-14,79.9,79.9,79.9,79.9,0.01K,0.00%
2017-02-13,79.9,79.9,79.9,79.9,0.01K,-0.19%
2017-02-10,80.05,80.05,80.05,80.05,0.04K,0.38%
2017-02-09,79.75,79.75,79.75,79.75,0.20K,0.44%
2017-02-08,79.4,79.4,79.4,79.4,0.02K,-1.24%
2017-02-07,80.4,80.4,80.4,80.4,0.04K,-1.11%
2017-02-06,81.3,81.3,81.3,81.3,0.01K,-2.05%
2017-02-03,83.0,83.0,83.0,83.0,0.05K,0.30%
2017-02-02,82.75,82.75,82.75,82.75,0.05K,0.06%
2017-02-01,82.7,82.7,82.7,82.7,0.04K,-0.36%
2017-01-31,83.0,83.0,83.0,83.0,0.05K,-0.66%
2017-01-30,83.55,83.55,83.55,83.55,0.02K,-0.24%
2017-01-27,83.75,83.75,83.75,83.75,,0.18%
2017-01-26,83.6,83.6,83.6,83.6,0.01K,-0.12%
2017-01-25,83.7,83.7,83.7,83.7,0.01K,-0.06%
2017-01-24,83.75,83.75,83.75,83.75,0.02K,0.12%
2017-01-23,83.65,83.65,83.65,83.65,0.00K,-0.18%
2017-01-20,83.8,83.8,83.8,83.8,,0.42%
2017-01-19,83.45,83.45,83.45,83.45,0.01K,-0.48%
2017-01-18,83.85,83.85,83.85,83.85,0.02K,-0.83%
2017-01-17,84.55,84.55,84.55,84.55,0.09K,1.99%
2017-01-16,82.9,82.9,82.9,82.9,0.07K,-0.72%
2017-01-13,83.5,83.5,83.5,83.5,0.02K,-0.65%
2017-01-12,84.05,84.05,84.05,84.05,0.06K,2.31%
2017-01-11,82.15,82.15,82.15,82.15,0.09K,0.80%
2017-01-10,81.5,81.5,81.5,81.5,0.23K,-0.67%
2017-01-09,82.05,82.05,82.05,82.05,0.03K,-1.74%
2017-01-06,83.5,83.5,83.5,83.5,0.01K,-2.57%
2017-01-05,85.7,85.7,85.7,85.7,0.09K,-3.27%
2017-01-04,88.6,88.6,88.6,88.6,0.05K,-2.10%
2017-01-03,90.5,90.5,90.5,90.5,0.02K,2.38%
2016-12-30,88.4,88.4,88.4,88.4,,0.17%
2016-12-29,88.25,88.25,88.25,88.25,0.01K,0.68%
2016-12-28,87.65,87.65,87.65,87.65,0.01K,1.21%
2016-12-27,86.6,86.6,86.6,86.6,,0.00%
2016-12-23,86.6,86.6,86.6,86.6,,-0.17%
2016-12-22,86.75,86.75,86.75,86.75,0.06K,-0.17%
2016-12-21,86.9,86.9,86.9,86.9,0.01K,-0.11%
2016-12-20,87.0,87.0,87.0,87.0,0.03K,0.93%
2016-12-19,86.2,86.2,86.2,86.2,0.03K,-0.35%
2016-12-16,86.5,86.5,86.5,86.5,0.01K,-2.64%
2016-12-15,88.85,88.85,88.85,88.85,0.01K,1.48%
2016-12-14,87.55,87.55,87.55,87.55,0.03K,1.80%
2016-12-13,86.0,86.0,86.0,86.0,0.01K,0.35%
2016-12-12,85.7,85.7,85.7,85.7,0.10K,1.60%
2016-12-09,84.35,84.35,84.35,84.35,0.01K,0.42%
2016-12-08,84.0,84.0,84.0,84.0,0.02K,1.20%
2016-12-07,83.0,83.0,83.0,83.0,0.01K,-1.19%
2016-12-06,84.0,84.0,84.0,84.0,0.05K,-3.23%
2016-12-05,86.8,86.8,86.8,86.8,0.01K,-0.69%
2016-12-02,87.4,87.4,87.4,87.4,0.06K,-0.34%
2016-12-01,87.7,87.7,87.7,87.7,0.05K,0.29%
2016-11-30,87.45,87.45,87.45,87.45,0.08K,-1.19%
2016-11-29,88.5,88.5,88.5,88.5,0.14K,-4.07%
2016-11-28,92.25,92.25,92.25,92.25,0.18K,-11.08%
2016-11-25,103.75,103.75,103.75,103.75,0.01K,-2.08%
2016-11-24,105.95,105.95,105.95,105.95,0.04K,2.57%
2016-11-23,103.3,103.3,103.3,103.3,0.12K,-2.82%
2016-11-22,106.3,106.3,106.3,106.3,0.10K,1.14%
2016-11-21,105.1,105.1,105.1,105.1,0.02K,0.00%
2016-11-18,105.1,105.1,105.1,105.1,0.02K,-1.08%
2016-11-17,106.25,106.25,106.25,106.25,0.01K,1.29%
2016-11-16,104.9,104.9,104.9,104.9,0.01K,-1.46%
2016-11-15,106.45,106.45,106.45,106.45,0.26K,1.04%
2016-11-14,105.35,105.35,105.35,105.35,0.04K,-4.10%
2016-11-11,109.85,110.0,110.0,110.0,0.03K,-1.39%
2016-11-10,111.4,111.4,111.4,111.4,0.02K,0.00%
2016-11-09,111.4,111.4,111.4,111.4,0.07K,-0.62%
2016-11-08,112.1,112.1,112.1,112.1,0.02K,0.13%
2016-11-07,111.95,111.95,111.95,111.95,0.07K,3.04%
2016-11-04,108.65,108.65,108.65,108.65,0.05K,2.02%
2016-11-03,106.5,108.0,108.0,108.0,0.12K,-5.21%
2016-11-02,112.35,113.25,113.5,113.25,0.11K,-2.09%
2016-11-01,114.75,115.0,115.0,115.0,0.22K,5.66%
2016-10-31,108.6,108.6,108.6,108.6,0.23K,15.59%
2016-10-28,93.95,93.95,93.95,93.95,0.05K,-0.16%
2016-10-27,94.1,94.1,94.1,94.1,0.05K,0.59%
2016-10-26,93.55,93.55,93.55,93.55,0.09K,0.38%
2016-10-25,93.2,93.2,93.2,93.2,0.08K,0.43%
2016-10-24,92.8,92.8,92.8,92.8,0.04K,0.00%
2016-10-21,92.8,92.8,92.8,92.8,0.02K,1.64%
2016-10-20,91.3,91.3,91.3,91.3,0.01K,-0.11%
2016-10-19,91.4,91.4,91.4,91.4,0.01K,-1.40%
2016-10-18,92.7,92.7,92.7,92.7,0.03K,1.92%
2016-10-17,90.95,90.95,90.95,90.95,0.03K,1.68%
2016-10-14,89.45,89.45,89.45,89.45,0.07K,1.65%
2016-10-13,88.0,88.0,88.0,88.0,0.02K,2.33%
2016-10-12,86.0,86.0,86.0,86.0,0.02K,1.90%
2016-10-11,84.4,84.4,84.4,84.4,0.04K,0.42%
2016-10-10,84.05,84.05,84.05,84.05,0.01K,-0.47%
2016-10-07,84.45,84.45,84.45,84.45,0.02K,-0.41%
2016-10-06,84.8,84.8,84.8,84.8,0.05K,1.44%
2016-10-05,83.6,83.6,83.6,83.6,0.07K,0.54%
2016-10-04,83.15,83.15,83.15,83.15,0.03K,2.53%
2016-10-03,81.1,81.1,81.1,81.1,0.06K,12.33%
2016-09-30,72.2,72.2,72.2,72.2,0.12K,0.07%
2016-09-29,72.15,72.15,72.15,72.15,0.02K,-0.62%
2016-09-28,72.6,72.6,72.6,72.6,0.16K,0.97%
2016-09-27,71.9,71.9,71.9,71.9,0.11K,0.14%
2016-09-26,71.8,71.8,71.8,71.8,0.03K,-0.21%
2016-09-23,71.95,71.95,71.95,71.95,0.07K,0.63%
2016-09-22,71.5,71.5,71.5,71.5,0.05K,-1.58%
2016-09-21,72.65,72.65,72.65,72.65,0.02K,1.40%
2016-09-20,71.65,71.65,71.65,71.65,0.03K,0.56%
2016-09-19,71.25,71.25,71.25,71.25,0.01K,0.14%
2016-09-16,71.15,71.15,71.15,71.15,0.01K,0.28%
2016-09-15,70.95,70.95,70.95,70.95,0.10K,1.14%
2016-09-14,70.15,70.15,70.15,70.15,0.01K,0.00%
2016-09-13,70.15,70.15,70.15,70.15,0.07K,0.21%
2016-09-12,70.0,70.0,70.0,70.0,0.05K,0.43%
2016-09-09,69.7,69.7,69.7,69.7,0.01K,0.14%
2016-09-08,69.6,69.6,69.6,69.6,0.04K,-0.29%
2016-09-07,69.8,69.8,69.8,69.8,0.07K,-1.34%
2016-09-06,70.75,70.75,70.75,70.75,0.03K,1.29%
2016-09-05,69.85,69.85,69.85,69.85,0.02K,1.01%
2016-09-02,69.15,69.15,69.15,69.15,0.09K,0.14%
2016-09-01,69.05,69.05,69.05,69.05,0.01K,0.44%
2016-08-31,68.75,69.0,69.0,69.0,0.10K,1.10%
2016-08-30,68.0,68.0,68.0,68.0,0.03K,1.57%
2016-08-29,66.95,66.95,66.95,66.95,,-0.30%
2016-08-26,67.15,67.15,67.15,67.15,0.01K,-0.44%
2016-08-25,67.45,67.45,67.45,67.45,0.04K,0.67%
2016-08-24,67.0,67.0,67.0,67.0,0.04K,-0.15%
2016-08-23,67.1,67.1,67.1,67.1,0.06K,-1.54%
2016-08-22,68.15,68.15,68.15,68.15,0.05K,0.89%
2016-08-19,67.55,67.55,67.55,67.55,0.06K,0.75%
2016-08-18,67.05,67.05,67.05,67.05,0.13K,-1.54%
2016-08-17,68.1,68.1,68.1,68.1,0.02K,0.74%
2016-08-16,67.6,67.6,67.6,67.6,0.03K,0.00%
2016-08-15,67.6,67.6,67.6,67.6,0.01K,-1.02%
2016-08-12,68.3,68.3,68.3,68.3,0.03K,0.66%
2016-08-11,67.85,67.85,67.85,67.85,0.05K,2.34%
2016-08-10,66.3,66.3,66.3,66.3,0.05K,-1.04%
2016-08-09,67.0,67.0,67.0,67.0,0.06K,-0.37%
2016-08-08,67.25,67.25,67.25,67.25,0.03K,3.46%
2016-08-05,65.0,65.0,65.0,65.0,0.01K,0.00%
2016-08-04,65.0,65.0,65.0,65.0,0.05K,-3.42%
2016-08-03,67.3,67.3,67.3,67.3,0.04K,-0.44%
2016-08-02,67.6,67.6,67.6,67.6,0.06K,-0.15%
2016-08-01,67.7,67.7,67.7,67.7,0.02K,10.71%
2016-07-29,61.15,61.15,61.15,61.15,0.04K,-0.16%
2016-07-28,61.25,61.25,61.25,61.25,0.09K,0.08%
2016-07-27,61.2,61.2,61.2,61.2,0.03K,0.25%
2016-07-26,61.05,61.05,61.05,61.05,0.04K,-0.33%
2016-07-25,61.25,61.25,61.25,61.25,,0.66%
2016-07-22,60.85,60.85,60.85,60.85,,-0.16%
2016-07-21,60.95,60.95,60.95,60.95,,0.08%
2016-07-20,60.9,60.9,60.9,60.9,0.03K,-0.08%
2016-07-19,60.95,60.95,60.95,60.95,0.02K,0.16%
2016-07-18,60.85,60.85,60.85,60.85,0.01K,-0.73%
2016-07-15,61.3,61.3,61.3,61.3,0.01K,0.33%
2016-07-14,61.1,61.1,61.1,61.1,0.01K,0.00%
2016-07-13,61.1,61.1,61.1,61.1,0.06K,0.66%
2016-07-12,60.7,60.7,60.7,60.7,0.01K,1.85%
2016-07-11,59.6,59.6,59.6,59.6,0.01K,0.59%
2016-07-08,59.25,59.25,59.25,59.25,0.02K,0.51%
2016-07-07,58.95,58.95,58.95,58.95,0.06K,0.94%
2016-07-06,58.4,58.4,58.4,58.4,0.02K,-0.34%
2016-07-05,58.6,58.6,58.6,58.6,0.03K,-1.01%
2016-07-04,59.2,59.2,59.2,59.2,0.02K,1.81%
2016-07-01,58.15,58.15,58.15,58.15,0.03K,2.11%
2016-06-30,56.95,56.95,56.95,56.95,0.01K,2.34%
2016-06-29,55.65,55.65,55.65,55.65,0.13K,0.72%
2016-06-28,55.25,55.25,55.25,55.25,0.11K,2.22%
2016-06-27,54.05,54.05,54.05,54.05,0.01K,2.17%
2016-06-24,52.9,52.9,52.9,52.9,0.01K,-0.09%
2016-06-23,52.95,52.95,52.95,52.95,0.01K,0.00%
2016-06-22,52.95,52.95,52.95,52.95,0.01K,0.38%
2016-06-21,52.75,52.75,52.75,52.75,0.10K,-0.19%
2016-06-20,52.85,52.85,52.85,52.85,0.20K,0.57%
2016-06-17,52.55,52.55,52.55,52.55,0.07K,-0.10%
2016-06-16,52.6,52.6,52.6,52.6,0.01K,0.29%
2016-06-15,52.45,52.45,52.45,52.45,0.01K,0.10%
2016-06-14,52.4,52.4,52.4,52.4,0.01K,-1.23%
2016-06-13,53.05,53.05,53.05,53.05,0.04K,0.09%
2016-06-10,53.0,53.0,53.0,53.0,0.01K,0.09%
2016-06-09,52.95,52.95,52.95,52.95,0.04K,-0.84%
2016-06-08,53.4,53.4,53.4,53.4,0.18K,-1.39%
2016-06-07,54.15,54.15,54.15,54.15,0.07K,-0.91%
2016-06-06,54.65,54.65,54.65,54.65,0.10K,1.20%
2016-06-03,54.0,54.0,54.0,54.0,0.08K,0.84%
2016-06-02,53.55,53.55,53.55,53.55,0.05K,0.85%
2016-06-01,53.1,53.1,53.1,53.1,0.02K,-0.75%
2016-05-31,53.5,53.5,53.5,53.5,0.01K,0.56%
2016-05-30,53.2,53.2,53.2,53.2,,3.60%
2016-05-27,51.35,51.35,51.35,51.35,0.02K,0.00%
2016-05-26,51.35,51.35,51.35,51.35,0.03K,0.20%
2016-05-25,51.25,51.25,51.25,51.25,0.07K,0.49%
2016-05-24,51.0,51.0,51.0,51.0,0.02K,0.10%
2016-05-23,50.95,50.95,50.95,50.95,,0.00%
2016-05-20,50.95,50.95,50.95,50.95,0.02K,0.00%
2016-05-19,50.95,50.95,50.95,50.95,0.05K,0.20%
2016-05-18,50.85,50.85,50.85,50.85,0.07K,0.00%
2016-05-17,50.85,50.85,50.85,50.85,0.02K,0.39%
2016-05-16,50.65,50.65,50.65,50.65,,0.20%
2016-05-13,50.55,50.55,50.55,50.55,0.01K,0.40%
2016-05-12,50.35,50.35,50.35,50.35,0.06K,-0.10%
2016-05-11,50.4,50.4,50.4,50.4,,0.40%
2016-05-10,50.2,50.2,50.2,50.2,0.06K,0.00%
2016-05-09,50.2,50.2,50.2,50.2,0.06K,-0.89%
2016-05-06,50.65,50.65,50.65,50.65,0.01K,-0.30%
2016-05-05,50.8,50.8,50.8,50.8,0.02K,0.00%
2016-05-04,50.8,50.8,50.8,50.8,0.04K,0.00%
2016-05-03,50.8,50.8,50.8,50.8,0.08K,-0.39%
2016-05-02,51.0,51.0,51.0,51.0,,0.49%
2016-04-29,50.75,50.75,50.75,50.75,0.11K,-0.49%
2016-04-28,51.0,51.0,51.0,51.0,0.13K,0.10%
2016-04-27,50.95,50.95,50.95,50.95,0.08K,-0.20%
2016-04-26,51.05,51.05,51.05,51.05,0.05K,0.10%
2016-04-25,51.0,51.0,51.0,51.0,0.01K,0.00%
2016-04-22,51.0,51.0,51.0,51.0,0.01K,0.99%
2016-04-21,50.5,50.5,50.5,50.5,0.11K,-0.20%
2016-04-20,50.6,50.6,50.6,50.6,0.19K,0.00%
2016-04-19,50.6,50.6,50.6,50.6,0.18K,-0.39%
2016-04-18,50.8,50.8,50.8,50.8,0.02K,-0.10%
2016-04-15,50.85,50.85,50.85,50.85,0.02K,0.00%
2016-04-14,50.85,50.85,50.85,50.85,0.04K,1.19%
2016-04-13,50.25,50.25,50.25,50.25,0.01K,0.00%
2016-04-12,50.25,50.25,50.25,50.25,0.01K,0.30%
2016-04-11,50.1,50.1,50.1,50.1,0.01K,0.50%
2016-04-08,49.85,49.85,49.85,49.85,0.01K,0.50%
2016-04-07,49.6,49.6,49.6,49.6,0.08K,-0.90%
2016-04-06,50.05,50.05,50.05,50.05,0.07K,-0.30%
2016-04-05,50.2,50.2,50.2,50.2,0.13K,0.30%
2016-04-04,50.05,50.05,50.05,50.05,0.01K,-0.89%
2016-04-01,50.5,50.5,50.5,50.5,0.02K,-1.17%
2016-03-31,51.1,51.1,51.1,51.1,0.04K,0.10%
2016-03-30,51.05,51.05,51.05,51.05,0.03K,-0.39%
2016-03-29,51.25,51.25,51.25,51.25,0.03K,1.18%
2016-03-28,50.65,50.65,50.65,50.65,,-3.15%
2016-03-24,52.3,52.3,52.3,52.3,0.05K,0.19%
2016-03-23,52.2,52.2,52.2,52.2,0.01K,0.87%
2016-03-22,51.75,51.75,51.75,51.75,0.01K,-0.48%
2016-03-21,52.0,52.0,52.0,52.0,0.03K,-0.38%
2016-03-18,52.2,52.2,52.2,52.2,0.04K,-0.19%
2016-03-17,52.3,52.3,52.3,52.3,0.10K,1.36%
2016-03-16,51.6,51.6,51.6,51.6,0.03K,-0.10%
2016-03-15,51.65,51.65,51.65,51.65,0.07K,-0.58%
2016-03-14,51.95,51.95,51.95,51.95,0.05K,0.87%
2016-03-11,51.5,51.5,51.5,51.5,0.01K,0.59%
2016-03-10,51.2,51.2,51.2,51.2,0.16K,-0.19%
2016-03-09,51.3,51.3,51.3,51.3,0.04K,0.39%
2016-03-08,51.1,51.1,51.1,51.1,0.01K,0.20%
2016-03-07,51.0,51.0,51.0,51.0,0.14K,0.00%
2016-03-04,51.0,51.0,51.0,51.0,0.05K,-0.20%
2016-03-03,51.1,51.1,51.1,51.1,0.10K,1.19%
2016-03-02,50.5,50.5,50.5,50.5,0.17K,-0.69%
2016-03-01,50.85,50.85,50.85,50.85,0.04K,0.69%
2016-02-29,50.5,50.5,50.5,50.5,0.10K,0.10%
2016-02-26,50.45,50.45,50.45,50.45,0.01K,0.20%
2016-02-25,50.35,50.35,50.35,50.35,,0.00%
2016-02-24,50.35,50.35,50.35,50.35,0.02K,0.10%
2016-02-23,50.3,50.3,50.3,50.3,0.02K,0.00%
2016-02-22,50.3,50.3,50.3,50.3,0.02K,-0.40%
2016-02-19,50.5,50.5,50.5,50.5,,-0.79%
2016-02-18,50.9,50.9,50.9,50.9,0.04K,0.10%
2016-02-17,50.85,50.85,50.85,50.85,0.03K,0.30%
2016-02-16,50.7,50.7,50.7,50.7,0.03K,0.00%
2016-02-15,50.7,50.7,50.7,50.7,,0.00%
2016-02-12,50.7,50.7,50.7,50.7,0.04K,0.00%
2016-02-11,50.7,50.7,50.7,50.7,0.02K,0.60%
2016-02-10,50.4,50.4,50.4,50.4,0.01K,-0.10%
2016-02-09,50.45,50.45,50.45,50.45,0.01K,-2.04%
2016-02-08,51.5,51.5,51.5,51.5,0.05K,-0.19%
2016-02-05,51.6,51.6,51.6,51.6,0.20K,1.28%
2016-02-04,50.95,50.95,50.95,50.95,0.11K,0.99%
2016-02-03,50.45,50.45,50.45,50.45,0.61K,0.10%
2016-02-02,50.4,50.4,50.4,50.4,0.08K,0.90%
2016-02-01,49.95,49.95,49.95,49.95,0.17K,2.36%
2016-01-29,48.8,48.8,48.8,48.8,,-0.10%
2016-01-28,48.85,48.85,48.85,48.85,0.01K,0.10%
2016-01-27,48.8,48.8,48.8,48.8,,-0.91%
2016-01-26,49.25,49.25,49.25,49.25,0.02K,0.61%
2016-01-25,48.95,48.95,48.95,48.95,,-0.10%
2016-01-22,49.0,49.0,49.0,49.0,,0.00%
2016-01-21,49.0,49.0,49.0,49.0,0.01K,0.00%
2016-01-20,49.0,49.0,49.0,49.0,0.01K,0.31%
2016-01-19,48.85,48.85,48.85,48.85,,0.10%
2016-01-18,48.8,48.8,48.8,48.8,0.01K,-0.71%
2016-01-15,49.15,49.15,49.15,49.15,0.06K,-0.10%
2016-01-14,49.2,49.2,49.2,49.2,0.13K,0.72%
2016-01-13,48.85,48.85,48.85,48.85,0.05K,-0.51%
2016-01-12,49.1,49.1,49.1,49.1,0.10K,-0.41%
2016-01-11,49.3,49.3,49.3,49.3,0.02K,-1.89%
2016-01-08,50.25,50.25,50.25,50.25,0.05K,-1.95%
2016-01-07,51.25,51.25,51.25,51.25,0.09K,-0.49%
2016-01-06,51.5,51.5,51.5,51.5,0.04K,2.49%
2016-01-05,50.25,50.25,50.25,50.25,0.20K,0.70%
2016-01-04,49.9,49.9,49.9,49.9,0.03K,-1.38%
2015-12-31,50.6,50.6,50.6,50.6,0.07K,-0.59%
2015-12-30,50.9,50.9,50.9,50.9,0.01K,-0.10%
2015-12-29,50.95,50.95,50.95,50.95,0.06K,-0.88%
2015-12-28,51.4,51.4,51.4,51.4,,-1.34%
2015-12-24,52.1,52.1,52.1,52.1,,0.00%
2015-12-23,52.1,52.1,52.1,52.1,0.01K,0.10%
2015-12-22,52.05,52.05,52.05,52.05,0.01K,0.00%
2015-12-21,52.05,52.05,52.05,52.05,0.01K,-0.29%
2015-12-18,52.2,52.2,52.2,52.2,0.01K,-0.10%
2015-12-17,52.25,52.25,52.25,52.25,0.26K,-0.19%
2015-12-16,52.35,52.35,52.35,52.35,0.18K,0.00%
2015-12-15,52.35,52.35,52.35,52.35,0.02K,0.29%
2015-12-14,52.2,52.2,52.2,52.2,0.05K,-0.10%
2015-12-11,52.25,52.25,52.25,52.25,0.05K,-0.19%
2015-12-10,52.35,52.35,52.35,52.35,0.01K,-0.29%
2015-12-09,52.5,52.5,52.5,52.5,0.20K,0.00%
2015-12-08,52.5,52.5,52.5,52.5,0.13K,-0.38%
2015-12-07,52.7,52.7,52.7,52.7,0.06K,-0.57%
2015-12-04,53.0,53.0,53.0,53.0,0.01K,0.00%
2015-12-03,53.0,53.0,53.0,53.0,0.01K,0.47%
2015-12-02,52.75,52.75,52.75,52.75,0.01K,-0.85%
2015-12-01,53.2,53.2,53.2,53.2,0.01K,-0.65%
2015-11-30,53.55,53.55,53.55,53.55,0.04K,1.32%
2015-11-27,52.85,52.85,52.85,52.85,0.02K,0.00%
2015-11-26,52.85,52.85,52.85,52.85,0.04K,0.09%
2015-11-25,52.8,52.8,52.8,52.8,0.03K,-0.56%
2015-11-24,53.1,53.1,53.1,53.1,0.05K,0.76%
2015-11-23,52.7,52.7,52.7,52.7,0.06K,-0.38%
2015-11-20,52.9,52.9,52.9,52.9,0.03K,0.28%
2015-11-19,52.75,52.75,52.75,52.75,0.02K,0.00%
2015-11-18,52.75,52.75,52.75,52.75,0.10K,0.09%
2015-11-17,52.7,52.7,52.7,52.7,0.01K,0.29%
2015-11-16,52.55,52.55,52.55,52.55,0.01K,0.29%
2015-11-13,52.4,52.4,52.4,52.4,0.01K,0.48%
2015-11-12,52.15,52.15,52.15,52.15,0.03K,0.00%
2015-11-11,52.15,52.15,52.15,52.15,0.01K,0.00%
2015-11-10,52.15,52.15,52.15,52.15,0.03K,-0.38%
2015-11-09,52.35,52.35,52.35,52.35,0.05K,0.38%
2015-11-06,52.15,52.15,52.15,52.15,0.01K,-0.29%
2015-11-05,52.3,52.3,52.3,52.3,0.15K,0.00%
2015-11-04,52.3,52.3,52.3,52.3,0.13K,-0.85%
2015-11-03,52.75,52.75,52.75,52.75,0.04K,-0.19%
2015-11-02,52.85,52.85,52.85,52.85,0.04K,-0.38%
2015-10-30,53.05,53.05,53.05,53.05,,-0.28%
2015-10-29,53.2,53.2,53.2,53.2,0.07K,0.57%
2015-10-28,52.9,52.9,52.9,52.9,0.15K,0.19%
2015-10-27,52.8,52.8,52.8,52.8,0.06K,-0.19%
2015-10-26,52.9,52.9,52.9,52.9,0.06K,0.19%
2015-10-23,52.8,52.8,52.8,52.8,0.09K,-0.28%
2015-10-22,52.95,52.95,52.95,52.95,0.14K,-0.56%
2015-10-21,53.25,53.25,53.25,53.25,0.11K,0.09%
2015-10-20,53.2,53.2,53.2,53.2,0.02K,0.28%
2015-10-19,53.05,53.05,53.05,53.05,0.01K,-0.09%
2015-10-16,53.1,53.1,53.1,53.1,0.04K,-0.09%
2015-10-15,53.15,53.15,53.15,53.15,0.04K,0.19%
2015-10-14,53.05,53.05,53.05,53.05,0.04K,-0.28%
2015-10-13,53.2,53.2,53.2,53.2,0.01K,0.47%
2015-10-12,52.95,52.95,52.95,52.95,0.02K,-1.21%
2015-10-09,53.6,53.6,53.6,53.6,0.01K,-0.19%
2015-10-08,53.7,53.7,53.7,53.7,0.03K,-0.28%
2015-10-07,53.85,53.85,53.85,53.85,0.01K,0.37%
2015-10-06,53.65,53.65,53.65,53.65,0.01K,-0.37%
2015-10-05,53.85,53.85,53.85,53.85,0.04K,1.70%
2015-10-02,52.95,52.95,52.95,52.95,0.12K,-0.94%
2015-10-01,53.45,53.45,53.45,53.45,0.07K,-0.74%
2015-09-30,53.85,53.85,53.85,53.85,0.14K,-2.36%
2015-09-29,55.15,55.15,55.15,55.15,0.16K,-0.54%
2015-09-28,55.45,55.45,55.45,55.45,0.09K,-3.65%
2015-09-25,57.55,57.55,57.55,57.55,0.04K,-0.17%
2015-09-24,57.65,57.65,57.65,57.65,0.15K,0.00%
2015-09-23,57.65,57.65,57.65,57.65,0.11K,-0.09%
2015-09-22,57.7,57.7,57.7,57.7,0.12K,-0.09%
2015-09-21,57.75,57.75,57.75,57.75,0.02K,-0.09%
2015-09-18,57.8,57.8,57.8,57.8,0.05K,-0.09%
2015-09-17,57.85,57.85,57.85,57.85,0.06K,-0.09%
2015-09-16,57.9,57.9,57.9,57.9,0.05K,0.43%
2015-09-15,57.65,57.65,57.65,57.65,0.24K,0.00%
2015-09-14,57.65,57.65,57.65,57.65,0.16K,-0.09%
2015-09-11,57.7,57.7,57.7,57.7,0.03K,-0.17%
2015-09-10,57.8,57.8,57.8,57.8,0.01K,0.00%
2015-09-09,57.8,57.8,57.8,57.8,0.03K,-0.52%
2015-09-08,58.1,58.1,58.1,58.1,0.03K,0.43%
2015-09-07,57.85,57.85,57.85,57.85,0.06K,-2.03%
2015-09-04,59.05,59.05,59.05,59.05,0.07K,-0.59%
2015-09-03,59.4,59.4,59.4,59.4,0.02K,-0.42%
2015-09-02,59.65,59.65,59.65,59.65,0.16K,0.00%
2015-09-01,59.65,59.65,59.65,59.65,0.13K,1.97%
2015-08-28,58.5,58.5,58.5,58.5,0.07K,0.17%
2015-08-27,58.4,58.4,58.4,58.4,0.07K,-0.34%
2015-08-26,58.6,58.6,58.6,58.6,0.01K,0.09%
2015-08-25,58.55,58.55,58.55,58.55,0.08K,0.09%
2015-08-24,58.5,58.5,58.5,58.5,0.09K,-0.51%
2015-08-21,58.8,58.8,58.8,58.8,0.05K,-0.17%
2015-08-20,58.9,58.9,58.9,58.9,0.09K,0.08%
2015-08-19,58.85,58.85,58.85,58.85,0.05K,-0.17%
2015-08-18,58.95,58.95,58.95,58.95,0.09K,-0.34%
2015-08-17,59.15,59.15,59.15,59.15,0.01K,-0.34%
2015-08-14,59.35,59.35,59.35,59.35,0.01K,0.17%
2015-08-13,59.25,59.25,59.25,59.25,0.05K,-0.25%
2015-08-12,59.4,59.4,59.4,59.4,0.01K,-0.75%
2015-08-11,59.85,59.85,59.85,59.85,0.01K,-0.42%
2015-08-10,60.1,60.1,60.1,60.1,,0.08%
2015-08-07,60.05,60.05,60.05,60.05,0.05K,-0.50%
2015-08-06,60.35,60.35,60.35,60.35,0.13K,0.67%
2015-08-05,59.95,59.95,59.95,59.95,0.02K,1.35%
2015-08-04,59.15,59.15,59.15,59.15,0.04K,0.94%
2015-08-03,58.6,58.6,58.6,58.6,0.06K,-2.82%
2015-07-31,60.3,60.3,60.3,60.3,0.01K,0.08%
2015-07-30,60.25,60.25,60.25,60.25,0.08K,0.00%
2015-07-29,60.25,60.25,60.25,60.25,0.04K,0.00%
2015-07-28,60.25,60.25,60.25,60.25,0.07K,-0.17%
2015-07-27,60.35,60.35,60.35,60.35,0.03K,-0.08%
2015-07-24,60.4,60.4,60.4,60.4,0.02K,0.08%
2015-07-23,60.35,60.35,60.35,60.35,0.01K,-0.17%
2015-07-22,60.45,60.45,60.45,60.45,0.04K,0.00%
2015-07-21,60.45,60.45,60.45,60.45,0.03K,-0.17%
2015-07-20,60.55,60.55,60.55,60.55,0.01K,0.41%
2015-07-17,60.3,60.3,60.3,60.3,0.04K,-0.25%
2015-07-16,60.45,60.45,60.45,60.45,0.01K,-0.08%
2015-07-15,60.5,60.5,60.5,60.5,0.10K,0.25%
2015-07-14,60.35,60.35,60.35,60.35,0.01K,0.00%
2015-07-13,60.35,60.35,60.35,60.35,0.01K,0.08%
2015-07-10,60.3,60.3,60.3,60.3,0.01K,0.42%
2015-07-09,60.05,60.05,60.05,60.05,0.03K,0.50%
2015-07-08,59.75,59.75,59.75,59.75,0.01K,0.50%
2015-07-07,59.45,59.45,59.45,59.45,0.15K,-1.00%
2015-07-06,60.05,60.05,60.05,60.05,0.04K,-0.17%
2015-07-03,60.15,60.15,60.15,60.15,0.10K,-0.41%
2015-07-02,60.4,60.4,60.4,60.4,0.05K,-0.25%
2015-07-01,60.55,60.55,60.55,60.55,0.02K,-0.41%
2015-06-30,60.8,60.8,60.8,60.8,0.01K,0.58%
2015-06-29,60.45,60.45,60.45,60.45,0.01K,0.42%
2015-06-26,60.2,60.2,60.2,60.2,0.02K,0.08%
2015-06-25,60.15,60.15,60.15,60.15,0.14K,-0.08%
2015-06-24,60.2,60.2,60.2,60.2,0.03K,0.00%
2015-06-23,60.2,60.2,60.2,60.2,0.09K,0.00%
2015-06-22,60.2,60.2,60.2,60.2,0.03K,0.00%
2015-06-19,60.2,60.2,60.2,60.2,0.01K,0.08%
2015-06-18,60.15,60.15,60.15,60.15,0.03K,-0.41%
2015-06-17,60.4,60.4,60.4,60.4,0.05K,0.00%
2015-06-16,60.4,60.4,60.4,60.4,0.02K,0.17%
2015-06-15,60.3,60.3,60.3,60.3,,0.50%
2015-06-12,60.0,60.0,60.0,60.0,0.08K,-0.66%
2015-06-11,60.4,60.4,60.4,60.4,0.01K,1.51%
2015-06-10,59.5,59.5,59.5,59.5,0.02K,1.97%
2015-06-09,58.35,58.35,58.35,58.35,0.04K,0.43%
2015-06-08,58.1,58.1,58.1,58.1,0.01K,0.00%
2015-06-05,58.1,58.1,58.1,58.1,0.01K,0.09%
2015-06-04,58.05,58.05,58.05,58.05,0.01K,0.17%
2015-06-03,57.95,57.95,57.95,57.95,0.05K,0.35%
2015-06-02,57.75,57.75,57.75,57.75,0.04K,0.96%
2015-06-01,57.2,57.2,57.2,57.2,0.05K,-4.75%
2015-05-29,60.05,60.05,60.05,60.05,0.11K,-0.08%
2015-05-28,60.1,60.1,60.1,60.1,0.06K,0.00%
2015-05-27,60.1,60.1,60.1,60.1,0.09K,0.08%
2015-05-26,60.05,60.05,60.05,60.05,0.01K,0.08%
2015-05-22,60.0,60.0,60.0,60.0,0.02K,-0.50%
2015-05-21,60.3,60.3,60.3,60.3,0.01K,0.25%
2015-05-20,60.15,60.15,60.15,60.15,0.01K,0.00%
2015-05-19,60.15,60.15,60.15,60.15,0.04K,-0.82%
2015-05-18,60.65,60.65,60.65,60.65,0.02K,-1.06%
2015-05-15,61.3,61.3,61.3,61.3,0.04K,-0.33%
2015-05-14,61.5,61.5,61.5,61.5,0.01K,0.16%
2015-05-13,61.4,61.4,61.4,61.4,0.06K,0.00%
2015-05-12,61.4,61.4,61.4,61.4,0.10K,-0.32%
2015-05-11,61.6,61.6,61.6,61.6,0.02K,-0.40%
2015-05-08,61.85,61.85,61.85,61.85,0.02K,0.00%
2015-05-07,61.85,61.85,61.85,61.85,0.15K,-0.72%
2015-05-06,62.3,62.3,62.3,62.3,0.02K,-0.32%
2015-05-05,62.5,62.5,62.5,62.5,0.01K,0.48%
2015-05-01,62.2,62.2,62.2,62.2,0.04K,0.24%
2015-04-30,62.05,62.05,62.05,62.05,0.05K,0.24%
2015-04-29,61.9,61.9,61.9,61.9,0.35K,-0.08%
2015-04-28,61.95,61.95,61.95,61.95,0.23K,0.49%
2015-04-27,61.65,61.65,61.65,61.65,0.04K,5.29%
2015-04-24,58.55,58.55,58.55,58.55,0.05K,0.26%
2015-04-23,58.4,58.4,58.4,58.4,0.01K,0.17%
2015-04-22,58.3,58.3,58.3,58.3,0.01K,0.00%
2015-04-21,58.3,58.3,58.3,58.3,0.04K,1.57%
2015-04-20,57.4,57.4,57.4,57.4,0.03K,-0.86%
2015-04-17,57.9,57.9,57.9,57.9,0.01K,1.94%
2015-04-16,56.8,56.8,56.8,56.8,0.06K,1.97%
2015-04-15,55.7,55.7,55.7,55.7,0.03K,0.54%
2015-04-14,55.4,55.4,55.4,55.4,0.21K,0.73%
2015-04-13,55.0,55.0,55.0,55.0,0.18K,0.64%
2015-04-10,54.65,54.65,54.65,54.65,0.01K,-1.18%
2015-04-09,55.3,55.3,55.3,55.3,0.02K,0.91%
2015-04-08,54.8,54.8,54.8,54.8,0.02K,-0.36%
2015-04-07,55.0,55.0,55.0,55.0,0.02K,-1.08%
2015-04-02,55.6,55.6,55.6,55.6,0.06K,-0.71%
2015-04-01,56.0,56.0,56.0,56.0,0.06K,-1.41%
2015-03-31,56.8,56.8,56.8,56.8,0.02K,-0.70%
2015-03-30,57.2,57.2,57.2,57.2,0.01K,-9.64%
2015-03-27,63.3,63.3,63.3,63.3,0.01K,-0.08%
2015-03-26,63.35,63.35,63.35,63.35,0.04K,0.16%
2015-03-25,63.25,63.25,63.25,63.25,,0.80%
2015-03-24,62.75,62.75,62.75,62.75,0.01K,0.56%
2015-03-23,62.4,62.4,62.4,62.4,0.05K,-2.58%
2015-03-20,64.05,64.05,64.05,64.05,0.02K,-0.47%
2015-03-19,64.35,64.35,64.35,64.35,0.02K,-0.46%
2015-03-18,64.65,64.65,64.65,64.65,0.02K,-0.08%
2015-03-17,64.7,64.7,64.7,64.7,0.03K,0.39%
2015-03-16,64.45,64.45,64.45,64.45,0.03K,-0.77%
2015-03-13,64.95,64.95,64.95,64.95,0.02K,-0.46%
2015-03-12,65.25,65.25,65.25,65.25,0.05K,-0.38%
2015-03-11,65.5,65.5,65.5,65.5,0.02K,0.77%
2015-03-10,65.0,65.0,65.0,65.0,,-0.38%
2015-03-09,65.25,65.25,65.25,65.25,,-0.38%
2015-03-06,65.5,65.5,65.5,65.5,0.02K,-2.24%
2015-03-05,67.0,67.0,67.0,67.0,0.04K,-0.07%
2015-03-04,67.05,67.05,67.05,67.05,0.03K,-0.37%
2015-03-03,67.3,67.3,67.3,67.3,0.09K,-4.61%
2015-03-02,70.55,70.55,70.55,70.55,0.01K,-0.70%
2015-02-27,71.05,71.05,71.05,71.05,0.17K,-0.07%
2015-02-26,71.1,71.1,71.1,71.1,0.05K,1.72%
2015-02-25,69.9,69.9,69.9,69.9,0.07K,-1.62%
2015-02-24,71.05,71.05,71.05,71.05,0.01K,0.28%
2015-02-23,70.85,70.85,70.85,70.85,0.05K,0.07%
2015-02-20,70.8,70.8,70.8,70.8,0.10K,0.78%
2015-02-19,70.25,70.25,70.25,70.25,0.02K,-0.57%
2015-02-18,70.65,70.65,70.65,70.65,0.01K,0.14%
2015-02-17,70.55,70.55,70.55,70.55,0.03K,0.07%
2015-02-16,70.5,70.5,70.5,70.5,0.01K,1.29%
2015-02-13,69.6,69.6,69.6,69.6,0.01K,-0.93%
2015-02-12,70.25,70.25,70.25,70.25,0.11K,0.93%
2015-02-11,69.6,69.6,69.6,69.6,0.07K,0.72%
2015-02-10,69.1,69.1,69.1,69.1,0.02K,0.73%
2015-02-09,68.6,68.6,68.6,68.6,0.03K,1.70%
2015-02-06,67.45,67.45,67.45,67.45,0.03K,0.52%
2015-02-05,67.1,67.1,67.1,67.1,0.05K,0.45%
2015-02-04,66.8,66.8,66.8,66.8,0.10K,-0.07%
2015-02-03,66.85,66.85,66.85,66.85,0.03K,3.64%
2015-02-02,64.5,64.5,64.5,64.5,0.01K,3.28%
2015-01-30,62.45,62.45,62.45,62.45,0.01K,0.00%
2015-01-29,62.45,62.45,62.45,62.45,0.07K,0.00%
2015-01-28,62.45,62.45,62.45,62.45,0.01K,0.16%
2015-01-27,62.35,62.35,62.35,62.35,,0.73%
2015-01-26,61.9,61.9,61.9,61.9,0.02K,-0.64%
2015-01-23,62.3,62.3,62.3,62.3,,-0.32%
2015-01-22,62.5,62.5,62.5,62.5,0.01K,0.32%
2015-01-21,62.3,62.3,62.3,62.3,0.02K,1.55%
2015-01-20,61.35,61.35,61.35,61.35,0.02K,0.82%
2015-01-19,60.85,60.85,60.85,60.85,0.03K,0.50%
2015-01-16,60.55,60.55,60.55,60.55,0.01K,0.41%
2015-01-15,60.3,60.3,60.3,60.3,0.06K,0.42%
2015-01-14,60.05,60.05,60.05,60.05,0.03K,-0.41%
2015-01-13,60.3,60.3,60.3,60.3,0.02K,0.42%
2015-01-12,60.05,60.05,60.05,60.05,0.03K,-0.58%
2015-01-09,60.4,60.4,60.4,60.4,0.01K,-0.33%
2015-01-08,60.6,60.6,60.6,60.6,0.03K,0.00%
2015-01-07,60.6,60.6,60.6,60.6,0.03K,-1.38%
2015-01-06,61.45,61.45,61.45,61.45,0.06K,0.33%
2015-01-05,61.25,61.25,61.25,61.25,0.03K,-0.08%
2015-01-02,61.3,61.3,61.3,61.3,0.02K,-1.61%
2014-12-31,62.3,62.3,62.3,62.3,,-0.08%
2014-12-30,62.35,62.35,62.35,62.35,0.01K,0.08%
2014-12-29,62.3,62.3,62.3,62.3,0.01K,-1.50%
2014-12-24,63.25,63.25,63.25,63.25,,0.00%
2014-12-23,63.25,63.25,63.25,63.25,,0.56%
2014-12-22,62.9,62.9,62.9,62.9,0.01K,-0.24%
2014-12-19,63.05,63.05,63.05,63.05,0.03K,-0.16%
2014-12-18,63.15,63.15,63.15,63.15,0.06K,0.16%
2014-12-17,63.05,63.05,63.05,63.05,0.02K,1.04%
2014-12-16,62.4,62.4,62.4,62.4,0.03K,-0.87%
2014-12-15,62.95,62.95,62.95,62.95,0.03K,-0.16%
2014-12-12,63.05,63.05,63.05,63.05,0.01K,0.24%
2014-12-11,62.9,62.9,62.9,62.9,0.07K,0.40%
2014-12-10,62.65,62.65,62.65,62.65,0.01K,0.16%
2014-12-09,62.55,62.55,62.55,62.55,0.01K,0.24%
2014-12-08,62.4,62.4,62.4,62.4,0.01K,0.08%
2014-12-05,62.35,62.35,62.35,62.35,0.03K,0.00%
2014-12-04,62.35,62.35,62.35,62.35,0.03K,-0.24%
2014-12-03,62.5,62.5,62.5,62.5,0.05K,-0.56%
2014-12-02,62.85,62.85,62.85,62.85,0.09K,-1.33%
2014-12-01,63.7,63.7,63.7,63.7,0.04K,0.39%
2014-11-28,63.45,63.45,63.45,63.45,0.02K,-0.08%
2014-11-27,63.5,63.5,63.5,63.5,0.02K,-0.08%
2014-11-26,63.55,63.55,63.55,63.55,0.05K,0.00%
2014-11-25,63.55,63.55,63.55,63.55,0.02K,0.08%
2014-11-24,63.5,63.5,63.5,63.5,0.05K,0.16%
2014-11-21,63.4,63.4,63.4,63.4,0.03K,0.63%
2014-11-20,63.0,63.0,63.0,63.0,0.01K,-0.16%
2014-11-19,63.1,63.1,63.1,63.1,0.04K,-0.39%
2014-11-18,63.35,63.35,63.35,63.35,0.03K,-0.16%
2014-11-17,63.45,63.45,63.45,63.45,0.01K,0.40%
2014-11-14,63.2,63.2,63.2,63.2,0.04K,-0.08%
2014-11-13,63.25,63.25,63.25,63.25,0.03K,0.00%
2014-11-12,63.25,63.25,63.25,63.25,0.02K,-0.39%
2014-11-11,63.5,63.5,63.5,63.5,0.03K,0.71%
2014-11-10,63.05,63.05,63.05,63.05,0.01K,1.53%
2014-11-07,62.1,62.1,62.1,62.1,0.02K,0.32%
2014-11-06,61.9,61.9,61.9,61.9,0.01K,-0.40%
2014-11-05,62.15,62.15,62.15,62.15,0.03K,-1.11%
2014-11-03,62.85,62.85,62.85,62.85,0.03K,-2.26%
2014-10-31,64.3,64.3,64.3,64.3,0.03K,0.00%
2014-10-30,64.3,64.3,64.3,64.3,0.03K,0.00%
2014-10-29,64.3,64.3,64.3,64.3,0.07K,-0.08%
2014-10-28,64.35,64.35,64.35,64.35,0.02K,0.00%
2014-10-27,64.35,64.35,64.35,64.35,,0.00%
2014-10-24,64.35,64.35,64.35,64.35,,-0.16%
2014-10-23,64.45,64.45,64.45,64.45,0.05K,0.00%
2014-10-22,64.45,64.45,64.45,64.45,0.02K,0.86%
2014-10-21,63.9,63.9,63.9,63.9,0.01K,0.00%
2014-10-20,63.9,63.9,63.9,63.9,0.01K,-0.31%
2014-10-17,64.1,64.1,64.1,64.1,0.02K,-0.08%
2014-10-16,64.15,64.15,64.15,64.15,0.05K,0.16%
2014-10-15,64.05,64.05,64.05,64.05,0.03K,-0.08%
2014-10-14,64.1,64.1,64.1,64.1,0.01K,-0.23%
2014-10-13,64.25,64.25,64.25,64.25,0.01K,-0.39%
2014-10-10,64.5,64.5,64.5,64.5,0.01K,-0.54%
2014-10-09,64.85,64.85,64.85,64.85,0.03K,-0.69%
2014-10-08,65.3,65.3,65.3,65.3,0.01K,0.31%
2014-10-07,65.1,65.1,65.1,65.1,0.01K,0.39%
2014-10-06,64.85,64.85,64.85,64.85,0.01K,0.31%
2014-10-03,64.65,64.65,64.65,64.65,0.01K,-0.54%
2014-10-02,65.0,65.0,65.0,65.0,0.16K,0.46%
2014-10-01,64.7,64.7,64.7,64.7,0.03K,0.08%
2014-09-30,64.65,64.65,64.65,64.65,0.09K,0.15%
2014-09-29,64.55,64.55,64.55,64.55,0.03K,-2.64%
2014-09-26,66.3,66.3,66.3,66.3,0.01K,0.23%
2014-09-25,66.15,66.15,66.15,66.15,0.03K,-0.15%
2014-09-24,66.25,66.25,66.25,66.25,0.03K,0.08%
2014-09-23,66.2,66.2,66.2,66.2,0.14K,0.00%
2014-09-22,66.2,66.2,66.2,66.2,0.05K,0.15%
2014-09-19,66.1,66.1,66.1,66.1,0.02K,-0.08%
2014-09-18,66.15,66.15,66.15,66.15,0.01K,0.15%
2014-09-17,66.05,66.05,66.05,66.05,0.35K,-0.23%
2014-09-16,66.2,66.2,66.2,66.2,0.52K,0.08%
2014-09-15,66.15,66.15,66.15,66.15,0.03K,0.38%
2014-09-12,65.9,65.9,65.9,65.9,0.03K,-0.30%
2014-09-11,66.1,66.1,66.1,66.1,0.05K,-0.15%
2014-09-10,66.2,66.2,66.2,66.2,0.04K,0.08%
2014-09-09,66.15,66.15,66.15,66.15,0.05K,-0.30%
2014-09-08,66.35,66.35,66.35,66.35,0.12K,0.38%
2014-09-05,66.1,66.1,66.1,66.1,0.01K,-0.68%
2014-09-04,66.55,66.55,66.55,66.55,0.01K,-0.75%
2014-09-03,67.05,67.05,67.05,67.05,0.03K,-0.45%
2014-09-02,67.35,67.35,67.35,67.35,0.06K,-0.52%
2014-09-01,67.7,67.7,67.7,67.7,0.05K,-2.24%
2014-08-29,69.25,69.25,69.25,69.25,0.02K,0.22%
2014-08-28,69.1,69.1,69.1,69.1,,-0.29%
2014-08-27,69.3,69.3,69.3,69.3,0.04K,-0.07%
2014-08-26,69.35,69.35,69.35,69.35,,0.14%
2014-08-22,69.25,69.25,69.25,69.25,,-0.72%
2014-08-21,69.75,69.75,69.75,69.75,0.07K,-0.07%
2014-08-20,69.8,69.8,69.8,69.8,0.06K,-0.29%
2014-08-19,70.0,70.0,70.0,70.0,0.03K,-0.28%
2014-08-18,70.2,70.2,70.2,70.2,0.02K,-0.07%
2014-08-15,70.25,70.25,70.25,70.25,0.01K,0.72%
2014-08-14,69.75,69.75,69.75,69.75,0.10K,-0.43%
2014-08-13,70.05,70.05,70.05,70.05,0.03K,0.29%
2014-08-12,69.85,69.85,69.85,69.85,0.09K,-0.50%
2014-08-11,70.2,70.2,70.2,70.2,0.08K,-0.50%
2014-08-08,70.55,70.55,70.55,70.55,0.03K,0.36%
2014-08-07,70.3,70.3,70.3,70.3,0.01K,0.50%
2014-08-06,69.95,69.95,69.95,69.95,0.01K,0.29%
2014-08-05,69.75,69.75,69.75,69.75,0.07K,0.58%
2014-08-04,69.35,69.35,69.35,69.35,0.03K,0.58%
2014-08-01,68.95,68.95,68.95,68.95,0.02K,0.00%
2014-07-31,68.95,68.95,68.95,68.95,0.04K,-0.86%
2014-07-30,69.55,69.55,69.55,69.55,0.25K,-0.86%
2014-07-29,70.15,70.15,70.15,70.15,0.05K,0.36%
2014-07-28,69.9,69.9,69.9,69.9,0.02K,0.87%
2014-07-25,69.3,69.3,69.3,69.3,0.03K,0.00%
2014-07-24,69.3,69.3,69.3,69.3,0.03K,0.07%
2014-07-23,69.25,69.25,69.25,69.25,0.04K,0.22%
2014-07-22,69.1,69.1,69.1,69.1,0.01K,0.14%
2014-07-21,69.0,69.0,69.0,69.0,0.01K,-0.14%
2014-07-18,69.1,69.1,69.1,69.1,0.01K,0.14%
2014-07-17,69.0,69.0,69.0,69.0,0.02K,0.15%
2014-07-16,68.9,68.9,68.9,68.9,0.02K,-0.86%
2014-07-15,69.5,69.5,69.5,69.5,0.19K,0.00%
2014-07-14,69.5,69.5,69.5,69.5,0.25K,-0.22%
2014-07-11,69.65,69.65,69.65,69.65,0.17K,-0.21%
2014-07-10,69.8,69.8,69.8,69.8,0.01K,-0.07%
2014-07-09,69.85,69.85,69.85,69.85,0.05K,-0.07%
2014-07-08,69.9,69.9,69.9,69.9,0.01K,-0.14%
2014-07-07,70.0,70.0,70.0,70.0,0.01K,0.21%
2014-07-04,69.85,69.85,69.85,69.85,0.01K,-0.29%
2014-07-03,70.05,70.05,70.05,70.05,0.05K,-0.99%
2014-07-02,70.75,70.75,70.75,70.75,0.05K,0.07%
2014-07-01,70.7,70.7,70.7,70.7,0.14K,-0.56%
2014-06-30,71.1,71.1,71.1,71.1,0.06K,-1.11%
2014-06-27,71.9,71.9,71.9,71.9,0.01K,0.07%
2014-06-26,71.85,71.85,71.85,71.85,0.05K,-0.21%
2014-06-25,72.0,72.0,72.0,72.0,0.02K,0.00%
2014-06-24,72.0,72.0,72.0,72.0,0.05K,0.00%
2014-06-23,72.0,72.0,72.0,72.0,0.02K,0.00%
2014-06-20,72.0,72.0,72.0,72.0,0.05K,0.07%
2014-06-19,71.95,71.95,71.95,71.95,0.06K,-0.07%
2014-06-18,72.0,72.0,72.0,72.0,0.07K,-0.35%
2014-06-17,72.25,72.25,72.25,72.25,0.02K,-0.34%
2014-06-16,72.5,72.5,72.5,72.5,0.04K,0.49%
2014-06-13,72.15,72.15,72.15,72.15,0.02K,0.14%
2014-06-12,72.05,72.05,72.05,72.05,0.05K,-0.14%
2014-06-11,72.15,72.15,72.15,72.15,0.05K,0.00%
2014-06-10,72.15,72.15,72.15,72.15,0.02K,0.07%
2014-06-09,72.1,72.1,72.1,72.1,,-0.21%
2014-06-06,72.25,72.25,72.25,72.25,0.02K,0.14%
2014-06-05,72.15,72.15,72.15,72.15,0.03K,-0.07%
2014-06-04,72.2,72.2,72.2,72.2,0.04K,-0.35%
2014-06-03,72.45,72.45,72.45,72.45,0.02K,0.42%
2014-06-02,72.15,72.15,72.15,72.15,0.03K,-2.37%
2014-05-30,73.9,73.9,73.9,73.9,0.02K,-0.07%
2014-05-29,73.95,73.95,73.95,73.95,0.02K,0.00%
2014-05-28,73.95,73.95,73.95,73.95,0.02K,-0.40%
2014-05-27,74.25,74.25,74.25,74.25,0.08K,0.00%
2014-05-23,74.25,74.25,74.25,74.25,0.01K,0.07%
2014-05-22,74.2,74.2,74.2,74.2,0.05K,-0.07%
2014-05-21,74.25,74.25,74.25,74.25,,0.00%
2014-05-20,74.25,74.25,74.25,74.25,,0.00%
2014-05-19,74.25,74.25,74.25,74.25,,0.00%
2014-05-16,74.25,74.25,74.25,74.25,,-0.07%
2014-05-15,74.3,74.3,74.3,74.3,0.01K,0.00%
2014-05-14,74.3,74.3,74.3,74.3,,0.13%
2014-05-13,74.2,74.2,74.2,74.2,0.01K,0.20%
2014-05-12,74.05,74.05,74.05,74.05,0.01K,0.75%
2014-05-09,73.5,73.5,73.5,73.5,0.02K,0.00%
2014-05-08,73.5,73.5,73.5,73.5,0.01K,0.41%
2014-05-07,73.2,73.2,73.2,73.2,0.03K,0.00%
2014-05-06,73.2,73.2,73.2,73.2,0.04K,-0.27%
2014-05-02,73.4,73.4,73.4,73.4,0.02K,-0.14%
2014-05-01,73.5,73.5,73.5,73.5,0.01K,0.20%
2014-04-30,73.35,73.35,73.35,73.35,0.01K,-0.14%
2014-04-29,73.45,73.45,73.45,73.45,0.05K,0.20%
2014-04-28,73.3,73.3,73.3,73.3,0.07K,-0.14%
2014-04-25,73.4,73.4,73.4,73.4,0.01K,0.00%
2014-04-24,73.4,73.4,73.4,73.4,0.01K,-0.07%
2014-04-23,73.45,73.45,73.45,73.45,0.03K,-0.07%
2014-04-22,73.5,73.5,73.5,73.5,,-1.01%
2014-04-17,74.25,74.25,74.25,74.25,0.01K,0.00%
2014-04-16,74.25,74.25,74.25,74.25,,-0.67%
2014-04-15,74.75,74.75,74.75,74.75,0.01K,0.27%
2014-04-14,74.55,74.55,74.55,74.55,0.01K,0.07%
2014-04-11,74.5,74.5,74.5,74.5,0.04K,0.68%
2014-04-10,74.0,74.0,74.0,74.0,,0.82%
2014-04-09,73.4,73.4,73.4,73.4,0.04K,0.00%
2014-04-08,73.4,73.4,73.4,73.4,0.01K,-0.07%
2014-04-07,73.45,73.45,73.45,73.45,0.01K,-0.14%
2014-04-04,73.55,73.55,73.55,73.55,0.04K,-0.14%
2014-04-03,73.65,73.65,73.65,73.65,0.04K,0.27%
2014-04-02,73.45,73.45,73.45,73.45,0.13K,-1.41%
2014-04-01,74.5,74.5,74.5,74.5,0.01K,-0.07%
2014-03-31,74.55,74.55,74.55,74.55,0.16K,0.27%
2014-03-28,74.35,74.35,74.35,74.35,,0.00%
2014-03-27,74.35,74.35,74.35,74.35,0.03K,0.07%
2014-03-26,74.3,74.3,74.3,74.3,0.05K,0.00%
2014-03-25,74.3,74.3,74.3,74.3,0.01K,-0.27%
2014-03-24,74.5,74.5,74.5,74.5,,0.00%
2014-03-21,74.5,74.5,74.5,74.5,,0.13%
2014-03-20,74.4,74.4,74.4,74.4,0.01K,-0.13%
2014-03-19,74.5,74.5,74.5,74.5,0.02K,-0.07%
2014-03-18,74.55,74.55,74.55,74.55,0.01K,-0.07%
2014-03-17,74.6,74.6,74.6,74.6,0.02K,0.13%
2014-03-14,74.5,74.5,74.5,74.5,0.08K,0.81%
2014-03-13,73.9,73.9,73.9,73.9,0.02K,0.89%
2014-03-12,73.25,73.25,73.25,73.25,0.02K,0.27%
2014-03-11,73.05,73.05,73.05,73.05,0.01K,0.55%
2014-03-10,72.65,72.65,72.65,72.65,0.01K,-2.42%
2014-03-07,74.45,74.45,74.45,74.45,0.02K,-0.07%
2014-03-06,74.5,74.5,74.5,74.5,0.01K,-0.60%
2014-03-05,74.95,74.95,74.95,74.95,0.03K,-1.51%
2014-03-04,76.1,76.1,76.1,76.1,0.03K,-0.78%
2014-03-03,76.7,76.7,76.7,76.7,0.07K,-1.10%
2014-02-28,77.55,77.55,77.55,77.55,0.04K,0.13%
2014-02-27,77.45,77.45,77.45,77.45,0.01K,0.26%
2014-02-26,77.25,77.25,77.25,77.25,0.03K,-0.26%
2014-02-25,77.45,77.45,77.45,77.45,0.04K,0.19%
2014-02-24,77.3,77.3,77.3,77.3,0.01K,-0.39%
2014-02-21,77.6,77.6,77.6,77.6,0.02K,0.00%
2014-02-20,77.6,77.6,77.6,77.6,0.01K,0.13%
2014-02-19,77.5,77.5,77.5,77.5,0.05K,-0.13%
2014-02-18,77.6,77.6,77.6,77.6,0.02K,0.06%
2014-02-17,77.55,77.55,77.55,77.55,0.03K,0.26%
2014-02-14,77.35,77.35,77.35,77.35,0.01K,0.06%
2014-02-13,77.3,77.3,77.3,77.3,0.02K,0.06%
2014-02-12,77.25,77.25,77.25,77.25,0.01K,0.00%
2014-02-11,77.25,77.25,77.25,77.25,,-0.90%
2014-02-10,77.95,77.95,77.95,77.95,0.01K,0.06%
2014-02-07,77.9,77.9,77.9,77.9,0.02K,-0.38%
2014-02-06,78.2,78.2,78.2,78.2,0.01K,0.00%
2014-02-05,78.2,78.2,78.2,78.2,0.03K,-0.13%
2014-02-04,78.3,78.3,78.3,78.3,0.02K,-1.14%
2014-02-03,79.2,79.2,79.2,79.2,0.05K,-3.83%
2014-01-31,82.35,82.35,82.35,82.35,,0.24%
2014-01-30,82.15,82.15,82.15,82.15,,-0.06%
2014-01-29,82.2,82.2,82.2,82.2,,0.00%
2014-01-28,82.2,82.2,82.2,82.2,,0.00%
2014-01-27,82.2,82.2,82.2,82.2,,-0.48%
2014-01-24,82.6,82.6,82.6,82.6,,0.30%
2014-01-23,82.35,82.35,82.35,82.35,,-0.30%
2014-01-22,82.6,82.6,82.6,82.6,,0.18%
2014-01-21,82.45,82.45,82.45,82.45,,-0.72%
2014-01-20,83.05,83.05,83.05,83.05,,-0.60%
2014-01-17,83.55,83.55,83.55,83.55,,0.00%
2014-01-16,83.55,83.55,83.55,83.55,,0.00%
2014-01-15,83.55,83.55,83.55,83.55,0.01K,0.48%
2014-01-14,83.15,83.15,83.15,83.15,0.02K,-0.42%
2014-01-13,83.5,83.5,83.5,83.5,,-0.36%
2014-01-10,83.8,83.8,83.8,83.8,,-1.41%
2014-01-09,85.0,85.0,85.0,85.0,0.01K,-0.23%
2014-01-08,85.2,85.2,85.2,85.2,0.01K,0.24%
2014-01-07,85.0,85.0,85.0,85.0,0.01K,-0.82%
2014-01-06,85.7,85.7,85.7,85.7,,-0.92%
2014-01-03,86.5,86.5,86.5,86.5,,-0.75%
2014-01-02,87.15,87.15,87.15,87.15,,-0.11%
2013-12-31,87.25,87.25,87.25,87.25,,0.00%
2013-12-30,87.25,87.25,87.25,87.25,,1.51%
2013-12-27,85.95,85.95,85.95,85.95,,0.12%
2013-12-24,85.85,85.85,85.85,85.85,,0.00%
2013-12-23,85.85,85.85,85.85,85.85,,0.00%
2013-12-20,85.85,85.85,85.85,85.85,,-0.06%
2013-12-19,85.9,85.9,85.9,85.9,,0.12%
2013-12-18,85.8,85.8,85.8,85.8,0.01K,0.12%
2013-12-17,85.7,85.7,85.7,85.7,,0.06%
2013-12-16,85.65,85.65,85.65,85.65,0.01K,0.29%
2013-12-13,85.4,85.4,85.4,85.4,,-0.06%
2013-12-12,85.45,85.45,85.45,85.45,0.01K,0.00%
2013-12-11,85.45,85.45,85.45,85.45,0.01K,0.29%
2013-12-10,85.2,85.2,85.2,85.2,0.08K,-0.12%
2013-12-09,85.3,85.3,85.3,85.3,0.02K,0.00%
2013-12-06,85.3,85.3,85.3,85.3,0.04K,-0.06%
2013-12-05,85.35,85.35,85.35,85.35,0.01K,-0.06%
2013-12-04,85.4,85.4,85.4,85.4,0.02K,-0.93%
2013-12-03,86.2,86.2,86.2,86.2,0.02K,1.17%
2013-12-02,85.2,85.2,85.2,85.2,0.00K,0.77%
2013-11-29,84.55,84.55,84.55,84.55,0.03K,0.06%
2013-11-28,84.5,84.5,84.5,84.5,,-0.06%
2013-11-27,84.55,84.55,84.55,84.55,0.05K,0.00%
2013-11-26,84.55,84.55,84.55,84.55,0.01K,0.06%
2013-11-25,84.5,84.5,84.5,84.5,,0.12%
2013-11-22,84.4,84.4,84.4,84.4,0.02K,-0.30%
2013-11-21,84.65,84.65,84.65,84.65,,0.00%
2013-11-20,84.65,84.65,84.65,84.65,0.01K,0.06%
2013-11-19,84.6,84.6,84.6,84.6,0.01K,-0.06%
2013-11-18,84.65,84.65,84.65,84.65,0.01K,-0.06%
2013-11-15,84.7,84.7,84.7,84.7,0.07K,0.18%
2013-11-14,84.55,84.55,84.55,84.55,0.02K,0.06%
2013-11-13,84.5,84.5,84.5,84.5,0.02K,0.00%
2013-11-12,84.5,84.5,84.5,84.5,0.04K,0.06%
2013-11-11,84.45,84.45,84.45,84.45,,-0.12%
2013-11-08,84.55,84.55,84.55,84.55,0.03K,-0.18%
2013-11-07,84.7,84.7,84.7,84.7,0.01K,0.65%
2013-11-06,84.15,84.15,84.15,84.15,0.02K,0.18%
2013-11-05,84.0,84.0,84.0,84.0,,0.06%
2013-11-04,83.95,83.95,83.95,83.95,0.02K,-0.53%
2013-11-01,84.4,84.4,84.4,84.4,0.01K,0.30%
2013-10-31,84.15,84.15,84.15,84.15,0.03K,-0.30%
2013-10-30,84.4,84.4,84.4,84.4,0.05K,-0.35%
2013-10-29,84.7,84.7,84.7,84.7,0.07K,0.12%
2013-10-28,84.6,84.6,84.6,84.6,,3.87%
2013-10-25,81.45,81.45,81.45,81.45,,-0.06%
2013-10-24,81.5,81.5,81.5,81.5,0.03K,0.31%
2013-10-23,81.25,81.25,81.25,81.25,0.03K,0.06%
2013-10-22,81.2,81.2,81.2,81.2,0.02K,0.37%
2013-10-21,80.9,80.9,80.9,80.9,0.01K,-0.49%
2013-10-18,81.3,81.3,81.3,81.3,0.04K,0.68%
2013-10-17,80.75,80.75,80.75,80.75,0.04K,0.25%
2013-10-16,80.55,80.55,80.55,80.55,0.03K,-0.06%
2013-10-15,80.6,80.6,80.6,80.6,0.01K,-0.12%
2013-10-14,80.7,80.7,80.7,80.7,,0.31%
2013-10-11,80.45,80.45,80.45,80.45,0.02K,-0.56%
2013-10-10,80.9,80.9,80.9,80.9,0.02K,0.00%
2013-10-09,80.9,80.9,80.9,80.9,0.01K,0.50%
2013-10-08,80.5,80.5,80.5,80.5,0.04K,-0.37%
2013-10-07,80.8,80.8,80.8,80.8,0.01K,1.00%
2013-10-04,80.0,80.0,80.0,80.0,0.07K,0.25%
2013-10-03,79.8,79.8,79.8,79.8,0.01K,-0.19%
2013-10-02,79.95,79.95,79.95,79.95,0.02K,1.52%
2013-10-01,78.75,78.75,78.75,78.75,0.09K,-0.51%
2013-09-30,79.15,79.15,79.15,79.15,0.01K,0.96%
2013-09-27,78.4,78.4,78.4,78.4,0.02K,-0.19%
2013-09-26,78.55,78.55,78.55,78.55,0.02K,0.00%
2013-09-25,78.55,78.55,78.55,78.55,0.04K,0.06%
2013-09-24,78.5,78.5,78.5,78.5,0.02K,0.00%
2013-09-23,78.5,78.5,78.5,78.5,0.02K,0.13%
2013-09-20,78.4,78.4,78.4,78.4,,-0.19%
2013-09-19,78.55,78.55,78.55,78.55,0.06K,0.00%
2013-09-18,78.55,78.55,78.55,78.55,0.10K,0.06%
2013-09-17,78.5,78.5,78.5,78.5,0.06K,0.96%
2013-09-16,77.75,77.75,77.75,77.75,0.07K,-0.06%
2013-09-13,77.8,77.8,77.8,77.8,0.01K,0.13%
2013-09-12,77.7,77.7,77.7,77.7,0.01K,0.39%
2013-09-11,77.4,77.4,77.4,77.4,0.01K,0.19%
2013-09-10,77.25,77.25,77.25,77.25,0.04K,0.06%
2013-09-09,77.2,77.2,77.2,77.2,0.01K,0.13%
2013-09-06,77.1,77.1,77.1,77.1,0.02K,0.13%
2013-09-05,77.0,77.0,77.0,77.0,0.02K,0.06%
2013-09-04,76.95,76.95,76.95,76.95,0.01K,-1.97%
2013-09-03,78.5,78.5,78.5,78.5,0.01K,0.06%
2013-09-02,78.45,78.45,78.45,78.45,0.02K,-0.13%
2013-08-30,78.55,78.55,78.55,78.55,0.01K,0.38%
2013-08-29,78.25,78.25,78.25,78.25,0.01K,0.00%
2013-08-28,78.25,78.25,78.25,78.25,0.04K,0.19%
2013-08-27,78.1,78.1,78.1,78.1,0.01K,-0.26%
2013-08-23,78.3,78.3,78.3,78.3,,-0.25%
2013-08-22,78.5,78.5,78.5,78.5,,0.06%
2013-08-21,78.45,78.45,78.45,78.45,,-0.13%
2013-08-20,78.55,78.55,78.55,78.55,0.01K,-0.32%
2013-08-19,78.8,78.8,78.8,78.8,,0.13%
2013-08-16,78.7,78.7,78.7,78.7,,0.06%
2013-08-15,78.65,78.65,78.65,78.65,0.01K,-0.32%
2013-08-14,78.9,78.9,78.9,78.9,0.06K,0.57%
2013-08-13,78.45,78.45,78.45,78.45,0.01K,0.13%
2013-08-12,78.35,78.35,78.35,78.35,0.01K,0.84%
2013-08-09,77.7,77.7,77.7,77.7,0.03K,0.78%
2013-08-08,77.1,77.1,77.1,77.1,0.02K,0.26%
2013-08-07,76.9,76.9,76.9,76.9,0.01K,0.13%
2013-08-06,76.8,76.8,76.8,76.8,0.03K,-0.19%
2013-08-05,76.95,76.95,76.95,76.95,0.03K,-0.06%
2013-08-02,77.0,77.0,77.0,77.0,0.03K,0.06%
2013-08-01,76.95,76.95,76.95,76.95,0.01K,-0.13%
2013-07-31,77.05,77.05,77.05,77.05,0.01K,-0.32%
2013-07-30,77.3,77.3,77.3,77.3,0.03K,0.59%
2013-07-29,76.85,76.85,76.85,76.85,0.06K,-0.52%
2013-07-26,77.25,77.25,77.25,77.25,0.01K,-0.06%
2013-07-25,77.3,77.3,77.3,77.3,0.02K,0.06%
2013-07-24,77.25,77.25,77.25,77.25,0.02K,-0.13%
2013-07-23,77.35,77.35,77.35,77.35,,0.19%
2013-07-22,77.2,77.2,77.2,77.2,0.01K,-0.13%
2013-07-19,77.3,77.3,77.3,77.3,,-0.13%
2013-07-18,77.4,77.4,77.4,77.4,,0.19%
2013-07-17,77.25,77.25,77.25,77.25,0.01K,0.13%
2013-07-16,77.15,77.15,77.15,77.15,0.03K,0.19%
2013-07-15,77.0,77.0,77.0,77.0,0.01K,0.52%
2013-07-12,76.6,76.6,76.6,76.6,,-0.45%
2013-07-11,76.95,76.95,76.95,76.95,0.03K,0.65%
2013-07-10,76.45,76.45,76.45,76.45,0.06K,-0.52%
2013-07-09,76.85,76.85,76.85,76.85,0.03K,-0.13%
2013-07-08,76.95,76.95,76.95,76.95,0.03K,0.00%
2013-07-05,76.95,76.95,76.95,76.95,0.03K,0.00%
2013-07-04,76.95,76.95,76.95,76.95,0.01K,-0.52%
2013-07-03,77.35,77.35,77.35,77.35,0.03K,-0.26%
2013-07-02,77.55,77.55,77.55,77.55,0.03K,0.78%
2013-07-01,76.95,76.95,76.95,76.95,0.01K,-7.29%
2013-06-28,83.0,83.0,83.0,83.0,0.01K,0.00%
2013-06-27,83.0,83.0,83.0,83.0,0.04K,0.00%
2013-06-26,83.0,83.0,83.0,83.0,0.03K,0.00%
2013-06-25,83.0,83.0,83.0,83.0,0.04K,0.06%
2013-06-24,82.95,82.95,82.95,82.95,0.02K,-0.24%
2013-06-21,83.15,83.15,83.15,83.15,,-0.36%
2013-06-20,83.45,83.45,83.45,83.45,0.01K,-0.36%
2013-06-19,83.75,83.75,83.75,83.75,,0.06%
2013-06-18,83.7,83.7,83.7,83.7,0.01K,-0.12%
2013-06-17,83.8,83.8,83.8,83.8,,0.06%
2013-06-14,83.75,83.75,83.75,83.75,0.01K,0.00%
2013-06-13,83.75,83.75,83.75,83.75,,-0.18%
2013-06-12,83.9,83.9,83.9,83.9,0.02K,-0.18%
2013-06-11,84.05,84.05,84.05,84.05,0.01K,-0.47%
2013-06-10,84.45,84.45,84.45,84.45,0.01K,-1.23%
2013-06-07,85.5,85.5,85.5,85.5,0.01K,-0.23%
2013-06-06,85.7,85.7,85.7,85.7,0.03K,-0.81%
2013-06-05,86.4,86.4,86.4,86.4,0.01K,-0.17%
2013-06-04,86.55,86.55,86.55,86.55,0.15K,-0.06%
2013-06-03,86.6,86.6,86.6,86.6,0.07K,-1.25%
2013-05-31,87.7,87.7,87.7,87.7,0.01K,0.06%
2013-05-30,87.65,87.65,87.65,87.65,0.02K,-0.06%
2013-05-29,87.7,87.7,87.7,87.7,0.02K,0.23%
2013-05-28,87.5,87.5,87.5,87.5,,-0.28%
2013-05-24,87.75,87.75,87.75,87.75,0.01K,-0.06%
2013-05-23,87.8,87.8,87.8,87.8,0.01K,0.17%
2013-05-22,87.65,87.65,87.65,87.65,0.01K,-0.06%
2013-05-21,87.7,87.7,87.7,87.7,,-0.06%
2013-05-20,87.75,87.75,87.75,87.75,0.01K,0.06%
2013-05-17,87.7,87.7,87.7,87.7,0.03K,0.06%
2013-05-16,87.65,87.65,87.65,87.65,0.01K,0.06%
2013-05-15,87.6,87.6,87.6,87.6,,0.11%
2013-05-14,87.5,87.5,87.5,87.5,,0.11%
2013-05-13,87.4,87.4,87.4,87.4,0.04K,0.06%
2013-05-10,87.35,87.35,87.35,87.35,0.04K,-0.40%
2013-05-09,87.7,87.7,87.7,87.7,0.01K,0.00%
2013-05-08,87.7,87.7,87.7,87.7,0.02K,0.06%
2013-05-07,87.65,87.65,87.65,87.65,0.04K,0.17%
2013-05-06,87.5,87.5,87.5,87.5,,0.00%
2013-05-03,87.5,87.5,87.5,87.5,0.01K,0.69%
2013-05-02,86.9,86.9,86.9,86.9,0.02K,-0.11%
2013-05-01,87.0,87.0,87.0,87.0,0.03K,0.00%
2013-04-30,87.0,87.0,87.0,87.0,0.05K,0.23%
2013-04-29,86.8,86.8,86.8,86.8,0.08K,-0.17%
2013-04-26,86.95,86.95,86.95,86.95,0.01K,-0.40%
2013-04-25,87.3,87.3,87.3,87.3,0.02K,0.06%
2013-04-24,87.25,87.25,87.25,87.25,0.01K,-1.02%
2013-04-23,88.15,88.15,88.15,88.15,0.01K,0.74%
2013-04-22,87.5,87.5,87.5,87.5,0.01K,0.11%
2013-04-19,87.4,87.4,87.4,87.4,0.02K,-0.29%
2013-04-18,87.65,87.65,87.65,87.65,0.01K,0.23%
2013-04-17,87.45,87.45,87.45,87.45,0.02K,-0.68%
2013-04-16,88.05,88.05,88.05,88.05,0.01K,-0.17%
2013-04-15,88.2,88.2,88.2,88.2,0.01K,-1.34%
2013-04-12,89.4,89.4,89.4,89.4,0.01K,0.68%
2013-04-11,88.8,88.8,88.8,88.8,0.01K,0.34%
2013-04-10,88.5,88.5,88.5,88.5,,0.23%
2013-04-09,88.3,88.3,88.3,88.3,0.01K,-0.23%
2013-04-08,88.5,88.5,88.5,88.5,0.01K,0.11%
2013-04-05,88.4,88.4,88.4,88.4,0.01K,0.40%
2013-04-04,88.05,88.05,88.05,88.05,0.02K,0.46%
2013-04-03,87.65,87.65,87.65,87.65,0.05K,0.86%
2013-04-02,86.9,86.9,86.9,86.9,0.11K,-4.14%
2013-03-28,90.65,90.65,90.65,90.65,0.03K,-0.33%
2013-03-27,90.95,90.95,90.95,90.95,0.01K,-0.87%
2013-03-26,91.75,91.75,91.75,91.75,0.01K,-0.16%
2013-03-25,91.9,91.9,91.9,91.9,,0.11%
2013-03-22,91.8,91.8,91.8,91.8,0.01K,0.22%
2013-03-21,91.6,91.6,91.6,91.6,,0.55%
2013-03-20,91.1,91.1,91.1,91.1,,-0.71%
2013-03-19,91.75,91.75,91.75,91.75,0.04K,-0.54%
2013-03-18,92.25,92.25,92.25,92.25,0.01K,-0.32%
2013-03-15,92.55,92.55,92.55,92.55,0.02K,0.38%
2013-03-14,92.2,92.2,92.2,92.2,0.02K,-0.05%
2013-03-13,92.25,92.25,92.25,92.25,0.01K,-0.05%
2013-03-12,92.3,92.3,92.3,92.3,0.02K,0.49%
2013-03-11,91.85,91.85,91.85,91.85,0.02K,-0.22%
2013-03-08,92.05,92.05,92.05,92.05,0.03K,-0.32%
2013-03-07,92.35,92.35,92.35,92.35,0.11K,-0.43%
2013-03-06,92.75,92.75,92.75,92.75,0.03K,-0.38%
2013-03-05,93.1,93.1,93.1,93.1,0.05K,-0.27%
2013-03-04,93.35,93.35,93.35,93.35,0.03K,-0.74%
2013-03-01,94.05,94.05,94.05,94.05,0.06K,-0.21%
2013-02-28,94.25,94.25,94.25,94.25,0.07K,0.75%
2013-02-27,93.55,93.55,93.55,93.55,0.08K,0.86%
2013-02-26,92.75,92.75,92.75,92.75,0.03K,-0.64%
2013-02-25,93.35,93.35,93.35,93.35,0.16K,-1.22%
2013-02-22,94.5,94.5,94.5,94.5,,-0.79%
2013-02-21,95.25,95.25,95.25,95.25,,0.37%
2013-02-20,94.9,94.9,94.9,94.9,0.01K,0.00%
2013-02-19,94.9,94.9,94.9,94.9,,0.26%
2013-02-18,94.65,94.65,94.65,94.65,,-0.21%
2013-02-15,94.85,94.85,94.85,94.85,,-0.26%
2013-02-14,95.1,95.1,95.1,95.1,,0.00%
2013-02-13,95.1,95.1,95.1,95.1,0.01K,-0.47%
2013-02-12,95.55,95.55,95.55,95.55,,0.16%
2013-02-11,95.4,95.4,95.4,95.4,0.01K,-0.62%
2013-02-08,96.0,96.0,96.0,96.0,0.03K,0.31%
2013-02-07,95.7,95.7,95.7,95.7,0.02K,-0.62%
2013-02-06,96.3,96.3,96.3,96.3,0.02K,0.16%
2013-02-05,96.15,96.15,96.15,96.15,0.09K,0.58%
2013-02-04,95.6,95.6,95.6,95.6,0.05K,0.21%
2013-02-01,95.4,95.4,95.4,95.4,0.01K,0.21%
2013-01-31,95.2,95.2,95.2,95.2,0.03K,-0.26%
2013-01-30,95.45,95.45,95.45,95.45,0.03K,0.10%
2013-01-29,95.35,95.35,95.35,95.35,0.02K,0.00%
2013-01-28,95.35,95.35,95.35,95.35,0.03K,2.25%
2013-01-25,93.25,93.25,93.25,93.25,,0.11%
2013-01-24,93.15,93.15,93.15,93.15,,0.00%
2013-01-23,93.15,93.15,93.15,93.15,,-0.11%
2013-01-22,93.25,93.25,93.25,93.25,,0.00%
2013-01-21,93.25,93.25,93.25,93.25,,0.00%
2013-01-18,93.25,93.25,93.25,93.25,,-0.11%
2013-01-17,93.35,93.35,93.35,93.35,,0.11%
2013-01-16,93.25,93.25,93.25,93.25,,-0.05%
2013-01-15,93.3,93.3,93.3,93.3,0.02K,-0.32%
2013-01-14,93.6,93.6,93.6,93.6,,-0.05%
2013-01-11,93.65,93.65,93.65,93.65,0.01K,0.43%
2013-01-10,93.25,93.25,93.25,93.25,0.03K,-0.05%
2013-01-09,93.3,93.3,93.3,93.3,0.03K,-0.11%
2013-01-08,93.4,93.4,93.4,93.4,0.02K,-1.01%
2013-01-07,94.35,94.35,94.35,94.35,0.01K,-0.68%
2013-01-04,95.0,95.0,95.0,95.0,0.01K,0.64%
2013-01-03,94.4,94.4,94.4,94.4,0.02K,-0.47%
2013-01-02,94.85,94.85,94.85,94.85,,1.17%
2012-12-31,93.75,93.75,93.75,93.75,,0.21%
2012-12-28,93.55,93.55,93.55,93.55,,0.05%
2012-12-27,93.5,93.5,93.5,93.5,,0.05%
2012-12-24,93.45,93.45,93.45,93.45,,0.00%
2012-12-21,93.45,93.45,93.45,93.45,,-0.27%
2012-12-20,93.7,93.7,93.7,93.7,0.01K,-0.11%
2012-12-19,93.8,93.8,93.8,93.8,0.01K,0.11%
2012-12-18,93.7,93.7,93.7,93.7,0.01K,0.21%
2012-12-17,93.5,93.5,93.5,93.5,0.01K,-0.27%
2012-12-14,93.75,93.75,93.75,93.75,0.01K,0.97%
2012-12-13,92.85,92.85,92.85,92.85,0.09K,0.98%
2012-12-12,91.95,91.95,91.95,91.95,0.01K,-0.70%
2012-12-11,92.6,92.6,92.6,92.6,0.01K,-0.59%
2012-12-10,93.15,93.15,93.15,93.15,0.02K,-0.05%
2012-12-07,93.2,93.2,93.2,93.2,0.01K,-0.59%
2012-12-06,93.75,93.75,93.75,93.75,0.01K,-0.69%
2012-12-05,94.4,94.4,94.4,94.4,0.01K,-0.21%
2012-12-04,94.6,94.6,94.6,94.6,0.03K,-0.58%
2012-12-03,95.15,95.15,95.15,95.15,0.01K,10.77%
2012-11-30,85.9,85.9,85.9,85.9,0.01K,0.06%
2012-11-29,85.85,85.85,85.85,85.85,0.07K,0.06%
2012-11-28,85.8,85.8,85.8,85.8,0.06K,0.29%
2012-11-27,85.55,85.55,85.55,85.55,,-0.06%
2012-11-26,85.6,85.6,85.6,85.6,0.01K,0.18%
2012-11-23,85.45,85.45,85.45,85.45,0.03K,-0.12%
2012-11-22,85.55,85.55,85.55,85.55,0.01K,0.88%
2012-11-21,84.8,84.8,84.8,84.8,0.01K,-0.18%
2012-11-20,84.95,84.95,84.95,84.95,0.03K,-0.53%
2012-11-19,85.4,85.4,85.4,85.4,0.02K,-0.18%
2012-11-16,85.55,85.55,85.55,85.55,0.02K,0.88%
2012-11-15,84.8,84.8,84.8,84.8,0.01K,0.41%
2012-11-14,84.45,84.45,84.45,84.45,0.02K,0.18%
2012-11-13,84.3,84.3,84.3,84.3,0.03K,-0.82%
2012-11-12,85.0,85.0,85.0,85.0,0.04K,0.35%
2012-11-09,84.7,84.7,84.7,84.7,0.01K,0.59%
2012-11-08,84.2,84.2,84.2,84.2,0.01K,1.26%
2012-11-07,83.15,83.15,83.15,83.15,0.02K,-0.06%
2012-11-06,83.2,83.2,83.2,83.2,0.04K,-0.18%
2012-11-05,83.35,83.35,83.35,83.35,0.02K,0.54%
2012-11-02,82.9,82.9,82.9,82.9,,-0.60%
2012-11-01,83.4,83.4,83.4,83.4,0.22K,-0.24%
2012-10-31,83.6,83.6,83.6,83.6,0.08K,-0.48%
2012-10-30,84.0,84.0,84.0,84.0,0.01K,0.36%
2012-10-29,83.7,83.7,83.7,83.7,0.13K,0.54%
2012-10-26,83.25,83.25,83.25,83.25,0.03K,0.00%
2012-10-25,83.25,83.25,83.25,83.25,0.01K,0.00%
2012-10-24,83.25,83.25,83.25,83.25,0.01K,0.24%
2012-10-23,83.05,83.05,83.05,83.05,,-0.12%
2012-10-22,83.15,83.15,83.15,83.15,,-0.42%
2012-10-19,83.5,83.5,83.5,83.5,,0.24%
2012-10-18,83.3,83.3,83.3,83.3,0.02K,-0.54%
2012-10-17,83.75,83.75,83.75,83.75,0.01K,1.45%
2012-10-16,82.55,82.55,82.55,82.55,0.01K,0.24%
2012-10-15,82.35,82.35,82.35,82.35,0.01K,-1.14%
2012-10-12,83.3,83.3,83.3,83.3,0.04K,-0.36%
2012-10-11,83.6,83.6,83.6,83.6,0.01K,-0.89%
2012-10-10,84.35,84.35,84.35,84.35,0.02K,-1.00%
2012-10-09,85.2,85.2,85.2,85.2,0.01K,-0.93%
2012-10-08,86.0,86.0,86.0,86.0,0.03K,-0.29%
2012-10-05,86.25,86.25,86.25,86.25,,0.00%
2012-10-04,86.25,86.25,86.25,86.25,0.01K,0.47%
2012-10-03,85.85,85.85,85.85,85.85,0.01K,-0.35%
2012-10-02,86.15,86.15,86.15,86.15,0.05K,0.00%
2012-10-01,86.15,86.15,86.15,86.15,0.04K,-3.74%
2012-09-28,89.5,89.5,89.5,89.5,0.02K,-0.11%
2012-09-27,89.6,89.6,89.6,89.6,0.20K,0.00%
2012-09-26,89.6,89.6,89.6,89.6,0.03K,-0.06%
2012-09-25,89.65,89.65,89.65,89.65,0.01K,0.17%
2012-09-24,89.5,89.5,89.5,89.5,0.02K,-1.05%
2012-09-21,90.45,90.45,90.45,90.45,0.03K,0.39%
2012-09-20,90.1,90.1,90.1,90.1,0.02K,-0.55%
2012-09-19,90.6,90.6,90.6,90.6,0.06K,0.11%
2012-09-18,90.5,90.5,90.5,90.5,0.03K,0.56%
2012-09-17,90.0,90.0,90.0,90.0,0.03K,0.00%
2012-09-14,90.0,90.0,90.0,90.0,0.01K,0.00%
2012-09-13,90.0,90.0,90.0,90.0,0.01K,-0.61%
2012-09-12,90.55,90.55,90.55,90.55,0.03K,0.00%
2012-09-11,90.55,90.55,90.55,90.55,0.02K,-0.49%
2012-09-10,91.0,91.0,91.0,91.0,0.03K,-0.22%
2012-09-07,91.2,91.2,91.2,91.2,0.01K,0.05%
2012-09-06,91.15,91.15,91.15,91.15,,-0.22%
2012-09-05,91.35,91.35,91.35,91.35,0.02K,0.16%
2012-09-04,91.2,91.2,91.2,91.2,0.11K,-0.65%
2012-09-03,91.8,91.8,91.8,91.8,0.01K,0.05%
2012-08-31,91.75,91.75,91.75,91.75,0.01K,0.71%
2012-08-30,91.1,91.1,91.1,91.1,0.01K,0.05%
2012-08-29,91.05,91.05,91.05,91.05,0.01K,-0.27%
2012-08-28,91.3,91.3,91.3,91.3,0.01K,-0.05%
2012-08-24,91.35,91.35,91.35,91.35,,-0.11%
2012-08-23,91.45,91.45,91.45,91.45,0.02K,0.05%
2012-08-22,91.4,91.4,91.4,91.4,0.03K,-0.27%
2012-08-21,91.65,91.65,91.65,91.65,,0.16%
2012-08-20,91.5,91.5,91.5,91.5,0.03K,-0.05%
2012-08-17,91.55,91.55,91.55,91.55,,-0.27%
2012-08-16,91.8,91.8,91.8,91.8,0.02K,-0.33%
2012-08-15,92.1,92.1,92.1,92.1,0.03K,-0.38%
2012-08-14,92.45,92.45,92.45,92.45,0.02K,-0.11%
2012-08-13,92.55,92.55,92.55,92.55,0.01K,0.43%
2012-08-10,92.15,92.15,92.15,92.15,,-0.43%
2012-08-09,92.55,92.55,92.55,92.55,0.01K,-0.91%
2012-08-08,93.4,93.4,93.4,93.4,0.03K,1.41%
2012-08-07,92.1,92.1,92.1,92.1,0.03K,0.60%
2012-08-06,91.55,91.55,91.55,91.55,,2.01%
2012-08-03,89.75,89.75,89.75,89.75,,0.34%
2012-08-02,89.45,89.45,89.45,89.45,0.01K,-0.83%
2012-08-01,90.2,90.2,90.2,90.2,0.01K,0.06%
2012-07-31,90.15,90.15,90.15,90.15,0.10K,1.18%
2012-07-30,89.1,89.1,89.1,89.1,0.01K,0.79%
2012-07-27,88.4,88.4,88.4,88.4,0.01K,0.28%
2012-07-26,88.15,88.15,88.15,88.15,0.02K,0.46%
2012-07-25,87.75,87.75,87.75,87.75,,0.23%
2012-07-24,87.55,87.55,87.55,87.55,,0.57%
2012-07-23,87.05,87.05,87.05,87.05,0.01K,-1.19%
2012-07-20,88.1,88.1,88.1,88.1,0.02K,0.17%
2012-07-19,87.95,87.95,87.95,87.95,0.01K,-0.11%
2012-07-18,88.05,88.05,88.05,88.05,0.02K,0.63%
2012-07-17,87.5,87.5,87.5,87.5,0.03K,-0.28%
2012-07-16,87.75,87.75,87.75,87.75,0.02K,0.23%
2012-07-13,87.55,87.55,87.55,87.55,,0.46%
2012-07-12,87.15,87.15,87.15,87.15,0.01K,-0.17%
2012-07-11,87.3,87.3,87.3,87.3,0.02K,-0.68%
2012-07-10,87.9,87.9,87.9,87.9,0.01K,-0.79%
2012-07-09,88.6,88.6,88.6,88.6,0.01K,-0.34%
2012-07-06,88.9,88.9,88.9,88.9,0.01K,-0.11%
2012-07-05,89.0,89.0,89.0,89.0,0.01K,-1.28%
2012-07-04,90.15,90.15,90.15,90.15,0.02K,0.00%
2012-07-03,90.15,90.15,90.15,90.15,0.01K,0.28%
2012-07-02,89.9,89.9,89.9,89.9,0.01K,1.70%
2012-06-29,88.4,88.4,88.4,88.4,0.01K,0.00%
2012-06-28,88.4,88.4,88.4,88.4,,0.00%
2012-06-27,88.4,88.4,88.4,88.4,,0.34%
2012-06-26,88.1,88.1,88.1,88.1,0.01K,0.00%
2012-06-25,88.1,88.1,88.1,88.1,,-0.06%
2012-06-22,88.15,88.15,88.15,88.15,0.01K,0.46%
2012-06-21,87.75,87.75,87.75,87.75,,0.11%
2012-06-20,87.65,87.65,87.65,87.65,0.01K,0.06%
2012-06-19,87.6,87.6,87.6,87.6,,0.46%
2012-06-18,87.2,87.2,87.2,87.2,,-0.74%
2012-06-15,87.85,87.85,87.85,87.85,0.01K,0.46%
2012-06-14,87.45,87.45,87.45,87.45,,-1.35%
2012-06-13,88.65,88.65,88.65,88.65,,0.40%
2012-06-12,88.3,88.3,88.3,88.3,,0.06%
2012-06-11,88.25,88.25,88.25,88.25,0.07K,-0.28%
2012-06-08,88.5,88.5,88.5,88.5,0.01K,-1.01%
2012-06-07,89.4,89.4,89.4,89.4,0.01K,-0.94%
2012-06-06,90.25,90.25,90.25,90.25,0.01K,-1.10%
2012-06-01,91.25,91.25,91.25,91.25,0.01K,-0.22%
2012-05-31,91.45,91.45,91.45,91.45,0.01K,-0.22%
2012-05-30,91.65,91.65,91.65,91.65,0.02K,-0.65%
2012-05-29,92.25,92.25,92.25,92.25,0.01K,1.04%
2012-05-28,91.3,91.3,91.3,91.3,0.02K,-7.31%
2012-05-25,98.5,98.5,98.5,98.5,,1.29%
2012-05-24,97.25,97.25,97.25,97.25,0.02K,0.31%
2012-05-23,96.95,96.95,96.95,96.95,,-0.92%
2012-05-22,97.85,97.85,97.85,97.85,,-0.36%
2012-05-21,98.2,98.2,98.2,98.2,,-0.46%
2012-05-18,98.65,98.65,98.65,98.65,0.01K,-0.40%
2012-05-17,99.05,99.05,99.05,99.05,0.02K,0.30%
2012-05-16,98.75,98.75,98.75,98.75,,-0.25%
2012-05-15,99.0,99.0,99.0,99.0,,-0.35%
2012-05-14,99.35,99.35,99.35,99.35,,-0.30%
2012-05-11,99.65,99.65,99.65,99.65,0.01K,0.05%
2012-05-10,99.6,99.6,99.6,99.6,,-0.15%
2012-05-09,99.75,99.75,99.75,99.75,,0.15%
2012-05-08,99.6,99.6,99.6,99.6,0.01K,-0.05%
2012-05-04,99.65,99.65,99.65,99.65,0.04K,-0.25%
2012-05-03,99.9,99.9,99.9,99.9,,0.15%
2012-05-02,99.75,99.75,99.75,99.75,0.03K,-1.19%
2012-05-01,100.95,100.95,100.95,100.95,0.01K,0.20%
2012-04-30,100.75,100.75,100.75,100.75,0.03K,-2.14%
2012-04-27,102.95,102.95,102.95,102.95,,-0.10%
2012-04-26,103.05,103.05,103.05,103.05,,0.00%
2012-04-25,103.05,103.05,103.05,103.05,0.04K,-0.19%
2012-04-24,103.25,103.25,103.25,103.25,,0.54%
2012-04-23,102.7,102.7,102.7,102.7,,-0.48%
2012-04-20,103.2,103.2,103.2,103.2,,0.15%
2012-04-19,103.05,103.05,103.05,103.05,,-0.48%
2012-04-18,103.55,103.55,103.55,103.55,0.01K,0.68%
2012-04-17,102.85,102.85,102.85,102.85,0.03K,-0.77%
2012-04-16,103.65,103.65,103.65,103.65,0.02K,-1.33%
2012-04-13,105.05,105.05,105.05,105.05,0.02K,-0.38%
2012-04-12,105.45,105.45,105.45,105.45,,0.05%
2012-04-11,105.4,105.4,105.4,105.4,0.01K,-0.94%
2012-04-10,106.4,106.4,106.4,106.4,0.01K,-0.33%
2012-04-05,106.75,106.75,106.75,106.75,0.10K,-0.19%
2012-04-04,106.95,106.95,106.95,106.95,0.01K,-1.38%
2012-04-03,108.45,108.45,108.45,108.45,0.01K,-0.91%
2012-04-02,109.45,109.45,109.45,109.45,0.02K,2.29%
2012-03-30,107.0,107.0,107.0,107.0,,0.00%
2012-03-29,107.0,107.0,107.0,107.0,,-0.19%
2012-03-28,107.2,107.2,107.2,107.2,,0.19%
2012-03-27,107.0,107.0,107.0,107.0,,0.00%
2012-03-26,107.0,107.0,107.0,107.0,,-0.14%
2012-03-23,107.15,107.15,107.15,107.15,0.01K,-0.14%
2012-03-22,107.3,107.3,107.3,107.3,,0.05%
2012-03-21,107.25,107.25,107.25,107.25,0.02K,0.33%
2012-03-20,106.9,106.9,106.9,106.9,0.02K,-0.33%
2012-03-19,107.25,107.25,107.25,107.25,0.01K,0.09%
2012-03-16,107.15,107.15,107.15,107.15,,0.14%
2012-03-15,107.0,107.0,107.0,107.0,0.01K,-0.19%
2012-03-14,107.2,107.2,107.2,107.2,0.01K,0.37%
2012-03-13,106.8,106.8,106.8,106.8,0.03K,-0.28%
2012-03-12,107.1,107.1,107.1,107.1,,-0.51%
2012-03-09,107.65,107.65,107.65,107.65,0.01K,-0.87%
2012-03-08,108.6,108.6,108.6,108.6,0.05K,-0.69%
2012-03-07,109.35,109.35,109.35,109.35,0.03K,0.00%
2012-03-06,109.35,109.35,109.35,109.35,0.01K,-0.64%
2012-03-05,110.05,110.05,110.05,110.05,0.03K,-0.63%
2012-03-02,110.75,110.75,110.75,110.75,,-0.45%
2012-03-01,111.25,111.25,111.25,111.25,0.01K,-0.76%
2012-02-29,112.1,112.1,112.1,112.1,,-1.23%
2012-02-28,113.5,113.5,113.5,113.5,0.02K,-0.87%
2012-02-27,114.5,114.5,114.5,114.5,0.01K,-2.97%
2012-02-24,118.0,118.0,118.0,118.0,,0.00%
2012-02-23,118.0,118.0,118.0,118.0,,-0.08%
2012-02-22,118.1,118.1,118.1,118.1,,0.21%
2012-02-21,117.85,117.85,117.85,117.85,,-0.17%
2012-02-20,118.05,118.05,118.05,118.05,,-0.08%
2012-02-17,118.15,118.15,118.15,118.15,0.01K,0.08%
2012-02-16,118.05,118.05,118.05,118.05,0.01K,0.00%
2012-02-15,118.05,118.05,118.05,118.05,,0.08%
2012-02-14,117.95,117.95,117.95,117.95,0.01K,0.08%
2012-02-13,117.85,117.85,117.85,117.85,0.01K,0.08%
2012-02-10,117.75,117.75,117.75,117.75,0.02K,-0.21%
2012-02-09,118.0,118.0,118.0,118.0,0.02K,-0.08%
2012-02-08,118.1,118.1,118.1,118.1,0.07K,-0.08%
2012-02-07,118.2,118.2,118.2,118.2,0.01K,0.13%
2012-02-06,118.05,118.05,118.05,118.05,0.01K,-0.17%
2012-02-03,118.25,118.25,118.25,118.25,0.03K,0.51%
2012-02-02,117.65,117.65,117.65,117.65,0.01K,0.43%
2012-02-01,117.15,117.15,117.15,117.15,0.03K,-0.26%
2012-01-31,117.45,117.45,117.45,117.45,0.01K,-1.18%
2012-01-30,118.85,118.85,118.85,118.85,0.01K,0.64%
2012-01-27,118.1,118.1,118.1,118.1,,0.55%
2012-01-26,117.45,117.45,117.45,117.45,,-0.04%
2012-01-25,117.5,117.5,117.5,117.5,,0.00%
2012-01-24,117.5,117.5,117.5,117.5,0.01K,0.73%
2012-01-23,116.65,116.65,116.65,116.65,,0.13%
2012-01-20,116.5,116.5,116.5,116.5,0.01K,1.17%
2012-01-19,115.15,115.15,115.15,115.15,0.02K,-0.09%
2012-01-18,115.25,115.25,115.25,115.25,,0.92%
2012-01-17,114.2,114.2,114.2,114.2,,0.93%
2012-01-16,113.15,113.15,113.15,113.15,,-0.44%
2012-01-13,113.65,113.65,113.65,113.65,,-0.04%
2012-01-12,113.7,113.7,113.7,113.7,,-0.13%
2012-01-11,113.85,113.85,113.85,113.85,,0.75%
2012-01-10,113.0,113.0,113.0,113.0,0.02K,0.04%
2012-01-09,112.95,112.95,112.95,112.95,0.01K,-0.48%
2012-01-06,113.5,113.5,113.5,113.5,0.05K,1.02%
2012-01-05,112.35,112.35,112.35,112.35,0.01K,0.09%
2012-01-04,112.25,112.25,112.25,112.25,,0.85%
2012-01-03,111.3,111.3,111.3,111.3,,-0.85%
2011-12-30,112.25,112.25,112.25,112.25,,1.26%
2011-12-29,110.85,110.85,110.85,110.85,,0.05%
2011-12-28,110.8,110.8,110.8,110.8,,-0.45%
2011-12-23,111.3,111.3,111.3,111.3,,0.04%
2011-12-22,111.25,111.25,111.25,111.25,0.01K,0.14%
2011-12-21,111.1,111.1,111.1,111.1,,0.23%
2011-12-20,110.85,110.85,110.85,110.85,,0.41%
2011-12-19,110.4,110.4,110.4,110.4,0.02K,-0.27%
2011-12-16,110.7,110.7,110.7,110.7,0.01K,-0.27%
2011-12-15,111.0,111.0,111.0,111.0,0.02K,-0.09%
2011-12-14,111.1,111.1,111.1,111.1,0.03K,-0.13%
2011-12-13,111.25,111.25,111.25,111.25,,-0.22%
2011-12-12,111.5,111.5,111.5,111.5,0.01K,0.31%
2011-12-09,111.15,111.15,111.15,111.15,0.01K,0.36%
2011-12-08,110.75,110.75,110.75,110.75,0.01K,-0.18%
2011-12-07,110.95,110.95,110.95,110.95,0.01K,-0.36%
2011-12-06,111.35,111.35,111.35,111.35,0.01K,-0.54%
2011-12-05,111.95,111.95,111.95,111.95,0.01K,0.04%
2011-12-02,111.9,111.9,111.9,111.9,,0.04%
2011-12-01,111.85,111.85,111.85,111.85,,0.22%
2011-11-30,111.6,111.6,111.6,111.6,0.04K,0.95%
2011-11-29,110.55,110.55,110.55,110.55,0.02K,0.23%
2011-11-28,110.3,110.3,110.3,110.3,0.01K,-3.67%
2011-11-25,114.5,114.5,114.5,114.5,0.02K,-0.30%
2011-11-24,114.85,114.85,114.85,114.85,0.01K,0.13%
2011-11-23,114.7,114.7,114.7,114.7,0.03K,-0.17%
2011-11-22,114.9,114.9,114.9,114.9,0.02K,0.00%
2011-11-21,114.9,114.9,114.9,114.9,,-0.48%
2011-11-18,115.45,115.45,115.45,115.45,0.03K,-0.09%
2011-11-17,115.55,115.55,115.55,115.55,0.01K,-0.04%
2011-11-16,115.6,115.6,115.6,115.6,,0.35%
2011-11-15,115.2,115.2,115.2,115.2,0.01K,0.17%
2011-11-14,115.0,115.0,115.0,115.0,0.01K,-0.39%
2011-11-11,115.45,115.45,115.45,115.45,0.01K,-0.04%
2011-11-10,115.5,115.5,115.5,115.5,0.03K,-0.86%
2011-11-09,116.5,116.5,116.5,116.5,,-0.77%
2011-11-08,117.4,117.4,117.4,117.4,0.01K,-0.42%
2011-11-07,117.9,117.9,117.9,117.9,,0.04%
2011-11-04,117.85,117.85,117.85,117.85,,0.04%
2011-11-03,117.8,117.8,117.8,117.8,0.01K,0.00%
2011-11-02,117.8,117.8,117.8,117.8,0.04K,0.13%
2011-11-01,117.65,117.65,117.65,117.65,0.02K,-0.72%
2011-10-31,118.5,118.5,118.5,118.5,,-1.04%
2011-10-28,119.75,119.75,119.75,119.75,,-0.04%
2011-10-27,119.8,119.8,119.8,119.8,0.01K,0.13%
2011-10-26,119.65,119.65,119.65,119.65,0.01K,-0.08%
2011-10-25,119.75,119.75,119.75,119.75,,0.13%
2011-10-24,119.6,119.6,119.6,119.6,0.01K,0.34%
2011-10-21,119.2,119.2,119.2,119.2,0.02K,0.04%
2011-10-20,119.15,119.15,119.15,119.15,0.06K,-0.33%
2011-10-19,119.55,119.55,119.55,119.55,0.02K,-0.13%
2011-10-18,119.7,119.7,119.7,119.7,0.01K,-0.79%
2011-10-17,120.65,120.65,120.65,120.65,0.02K,-0.21%
2011-10-14,120.9,120.9,120.9,120.9,0.01K,0.00%
2011-10-13,120.9,120.9,120.9,120.9,0.06K,-0.17%
2011-10-12,121.1,121.1,121.1,121.1,0.03K,-0.12%
2011-10-11,121.25,121.25,121.25,121.25,0.01K,0.04%
2011-10-10,121.2,121.2,121.2,121.2,0.03K,0.33%
2011-10-07,120.8,120.8,120.8,120.8,0.01K,0.17%
2011-10-06,120.6,120.6,120.6,120.6,0.01K,0.21%
2011-10-05,120.35,120.35,120.35,120.35,0.01K,0.29%
2011-10-04,120.0,120.0,120.0,120.0,0.04K,-1.15%
2011-10-03,121.4,121.4,121.4,121.4,0.01K,-1.46%
2011-09-30,123.2,123.2,123.2,123.2,0.01K,-0.20%
2011-09-29,123.45,123.45,123.45,123.45,0.01K,-0.04%
2011-09-28,123.5,123.5,123.5,123.5,0.03K,0.04%
2011-09-27,123.45,123.45,123.45,123.45,0.01K,0.08%
2011-09-26,123.35,123.35,123.35,123.35,0.01K,-0.16%
2011-09-23,123.55,123.55,123.55,123.55,,0.00%
2011-09-22,123.55,123.55,123.55,123.55,0.02K,-0.08%
2011-09-21,123.65,123.65,123.65,123.65,,0.08%
2011-09-20,123.55,123.55,123.55,123.55,0.01K,-0.04%
2011-09-19,123.6,123.6,123.6,123.6,0.01K,-0.16%
2011-09-16,123.8,123.8,123.8,123.8,0.01K,0.12%
2011-09-15,123.65,123.65,123.65,123.65,0.01K,0.41%
2011-09-14,123.15,123.15,123.15,123.15,,-0.08%
2011-09-13,123.25,123.25,123.25,123.25,0.02K,-0.04%
2011-09-12,123.3,123.3,123.3,123.3,0.01K,0.00%
2011-09-09,123.3,123.3,123.3,123.3,0.05K,-0.20%
2011-09-08,123.55,123.55,123.55,123.55,0.01K,0.00%
2011-09-07,123.55,123.55,123.55,123.55,,0.04%
2011-09-06,123.5,123.5,123.5,123.5,0.02K,0.04%
2011-09-05,123.45,123.45,123.45,123.45,0.01K,0.24%
2011-09-02,123.15,123.15,123.15,123.15,0.02K,0.37%
2011-09-01,122.7,122.7,122.7,122.7,0.01K,-0.12%
2011-08-31,122.85,122.85,122.85,122.85,0.01K,0.45%
2011-08-30,122.3,122.3,122.3,122.3,0.01K,1.41%
2011-08-26,120.6,120.6,120.6,120.6,0.01K,0.04%
2011-08-25,120.55,120.55,120.55,120.55,0.01K,-0.04%
2011-08-24,120.6,120.6,120.6,120.6,0.01K,0.12%
2011-08-23,120.45,120.45,120.45,120.45,0.01K,0.12%
2011-08-22,120.3,120.3,120.3,120.3,0.02K,0.25%
2011-08-19,120.0,120.0,120.0,120.0,0.01K,-0.12%
2011-08-18,120.15,120.15,120.15,120.15,0.03K,-0.25%
2011-08-17,120.45,120.45,120.45,120.45,0.02K,0.29%
2011-08-16,120.1,120.1,120.1,120.1,0.04K,0.04%
2011-08-15,120.05,120.05,120.05,120.05,0.04K,0.42%
2011-08-12,119.55,119.55,119.55,119.55,0.03K,0.08%
2011-08-11,119.45,119.45,119.45,119.45,0.01K,-0.04%
2011-08-10,119.5,119.5,119.5,119.5,0.01K,0.29%
2011-08-09,119.15,119.15,119.15,119.15,0.03K,-0.29%
2011-08-08,119.5,119.5,119.5,119.5,0.04K,-0.95%
2011-08-05,120.65,120.65,120.65,120.65,0.02K,0.21%
2011-08-04,120.4,120.4,120.4,120.4,0.04K,-0.70%
2011-08-03,121.25,121.25,121.25,121.25,0.03K,0.00%
2011-08-02,121.25,121.25,121.25,121.25,,0.25%
2011-08-01,120.95,120.95,120.95,120.95,0.02K,-0.08%
2011-07-29,121.05,121.05,121.05,121.05,0.02K,-0.04%
2011-07-28,121.1,121.1,121.1,121.1,,-0.08%
2011-07-27,121.2,121.2,121.2,121.2,,-0.04%
2011-07-26,121.25,121.25,121.25,121.25,0.02K,-0.04%
2011-07-25,121.3,121.3,121.3,121.3,,0.04%
2011-07-22,121.25,121.25,121.25,121.25,,-0.08%
2011-07-21,121.35,121.35,121.35,121.35,0.02K,0.00%
2011-07-20,121.35,121.35,121.35,121.35,0.01K,0.21%
2011-07-19,121.1,121.1,121.1,121.1,0.01K,0.33%
2011-07-18,120.7,120.7,120.7,120.7,0.01K,-0.12%
2011-07-15,120.85,120.85,120.85,120.85,,-0.21%
2011-07-14,121.1,121.1,121.1,121.1,0.02K,-0.08%
2011-07-13,121.2,121.2,121.2,121.2,0.02K,0.50%
2011-07-12,120.6,120.6,120.6,120.6,0.01K,0.33%
2011-07-11,120.2,120.2,120.2,120.2,,-0.78%
2011-07-08,121.15,121.15,121.15,121.15,0.02K,-0.16%
2011-07-07,121.35,121.35,121.35,121.35,0.01K,0.00%
2011-07-06,121.35,121.35,121.35,121.35,0.02K,-0.41%
2011-07-05,121.85,121.85,121.85,121.85,0.01K,0.16%
2011-07-04,121.65,121.65,121.65,121.65,0.01K,0.16%
2011-07-01,121.45,121.45,121.45,121.45,,0.12%
2011-06-30,121.3,121.3,121.3,121.3,,-0.49%
2011-06-29,121.9,121.9,121.9,121.9,0.03K,0.29%
2011-06-28,121.55,121.55,121.55,121.55,0.09K,0.16%
2011-06-27,121.35,121.35,121.35,121.35,0.01K,0.79%
2011-06-24,120.4,120.4,120.4,120.4,0.02K,0.00%
2011-06-23,120.4,120.4,120.4,120.4,0.01K,-0.04%
2011-06-22,120.45,120.45,120.45,120.45,,-0.08%
2011-06-21,120.55,120.55,120.55,120.55,0.02K,0.04%
2011-06-20,120.5,120.5,120.5,120.5,0.01K,0.84%
2011-06-17,119.5,119.5,119.5,119.5,,-0.08%
2011-06-16,119.6,119.6,119.6,119.6,0.01K,-1.28%
2011-06-15,121.15,121.15,121.15,121.15,,-0.49%
2011-06-14,121.75,121.75,121.75,121.75,0.01K,0.21%
2011-06-13,121.5,121.5,121.5,121.5,0.02K,0.04%
2011-06-10,121.45,121.45,121.45,121.45,,-0.08%
2011-06-09,121.55,121.55,121.55,121.55,,0.21%
2011-06-08,121.3,121.3,121.3,121.3,,-0.86%
2011-06-07,122.35,122.35,122.35,122.35,0.01K,0.74%
2011-06-06,121.45,121.45,121.45,121.45,,0.08%
2011-06-03,121.35,121.35,121.35,121.35,,0.41%
2011-06-02,120.85,120.85,120.85,120.85,,0.00%
2011-06-01,120.85,120.85,120.85,120.85,,-0.08%
2011-05-31,120.95,120.95,120.95,120.95,0.01K,0.50%
2011-05-27,120.35,120.35,120.35,120.35,0.02K,0.84%
2011-05-26,119.35,119.35,119.35,119.35,0.01K,-0.04%
2011-05-25,119.4,119.4,119.4,119.4,0.01K,-0.13%
2011-05-24,119.55,119.55,119.55,119.55,,-0.17%
2011-05-23,119.75,119.75,119.75,119.75,0.01K,0.17%
2011-05-20,119.55,119.55,119.55,119.55,0.01K,-0.21%
2011-05-19,119.8,119.8,119.8,119.8,,0.04%
2011-05-18,119.75,119.75,119.75,119.75,,0.76%
2011-05-17,118.85,118.85,118.85,118.85,0.01K,-0.75%
2011-05-16,119.75,119.75,119.75,119.75,0.02K,0.34%
2011-05-13,119.35,119.35,119.35,119.35,0.01K,-0.79%
2011-05-12,120.3,120.3,120.3,120.3,0.01K,-0.99%
2011-05-11,121.5,121.5,121.5,121.5,0.02K,-0.61%
2011-05-10,122.25,122.25,122.25,122.25,0.15K,-0.57%
2011-05-09,122.95,122.95,122.95,122.95,0.06K,-0.32%
2011-05-06,123.35,123.35,123.35,123.35,0.03K,-0.24%
2011-05-05,123.65,123.65,123.65,123.65,0.01K,-0.64%
2011-05-04,124.45,124.45,124.45,124.45,,0.32%
2011-05-03,124.05,124.05,124.05,124.05,0.01K,1.02%
2011-04-29,122.8,122.8,122.8,122.8,0.01K,0.00%
2011-04-28,122.8,122.8,122.8,122.8,0.01K,0.29%
2011-04-27,122.45,122.45,122.45,122.45,0.01K,0.00%
2011-04-26,122.45,122.45,122.45,122.45,0.02K,-0.08%
2011-04-21,122.55,122.55,122.55,122.55,,-0.04%
2011-04-20,122.6,122.6,122.6,122.6,0.01K,0.25%
2011-04-19,122.3,122.3,122.3,122.3,,-0.04%
2011-04-18,122.35,122.35,122.35,122.35,0.01K,-0.65%
2011-04-15,123.15,123.15,123.15,123.15,,0.41%
2011-04-14,122.65,122.65,122.65,122.65,0.01K,0.00%
2011-04-13,122.65,122.65,122.65,122.65,0.02K,0.62%
2011-04-12,121.9,121.9,121.9,121.9,0.01K,-0.49%
2011-04-11,122.5,122.5,122.5,122.5,,-0.12%
2011-04-08,122.65,122.65,122.65,122.65,0.01K,0.25%
2011-04-07,122.35,122.35,122.35,122.35,0.03K,-0.08%
2011-04-06,122.45,122.45,122.45,122.45,0.01K,-0.04%
2011-04-05,122.5,122.5,122.5,122.5,0.02K,-1.05%
2011-04-04,123.8,123.8,123.8,123.8,,0.24%
2011-04-01,123.5,123.5,123.5,123.5,,0.24%
2011-03-31,123.2,123.2,123.2,123.2,,2.54%
2011-03-30,120.15,120.15,120.15,120.15,0.03K,-0.17%
2011-03-29,120.35,120.35,120.35,120.35,0.01K,-1.07%
2011-03-28,121.65,121.65,121.65,121.65,0.01K,-3.30%
2011-03-25,125.8,125.8,125.8,125.8,,0.52%
2011-03-24,125.15,125.15,125.15,125.15,0.01K,-0.32%
2011-03-23,125.55,125.55,125.55,125.55,0.01K,0.88%
2011-03-22,124.45,124.45,124.45,124.45,,-0.32%
2011-03-21,124.85,124.85,124.85,124.85,0.01K,0.69%
2011-03-18,124.0,124.0,124.0,124.0,,0.40%
2011-03-17,123.5,123.5,123.5,123.5,,-4.37%
2011-03-16,129.15,129.15,129.15,129.15,0.02K,-0.08%
2011-03-15,129.25,129.25,129.25,129.25,0.05K,0.08%
2011-03-14,129.15,129.15,129.15,129.15,0.01K,-0.65%
2011-03-11,130.0,130.0,130.0,130.0,0.02K,0.42%
2011-03-10,129.45,129.45,129.45,129.45,0.01K,-0.38%
2011-03-09,129.95,129.95,129.95,129.95,0.11K,-0.12%
2011-03-08,130.1,130.1,130.1,130.1,0.06K,-0.38%
2011-03-07,130.6,130.6,130.6,130.6,0.01K,-0.68%
2011-03-04,131.5,131.5,131.5,131.5,0.01K,0.84%
2011-03-03,130.4,130.4,130.4,130.4,,-0.15%
2011-03-02,130.6,130.6,130.6,130.6,0.05K,-0.23%
2011-03-01,130.9,130.9,130.9,130.9,0.01K,-0.04%
2011-02-28,130.95,130.95,130.95,130.95,0.01K,1.51%
2011-02-25,129.0,129.0,129.0,129.0,,1.18%
2011-02-24,127.5,127.5,127.5,127.5,,-0.31%
2011-02-23,127.9,127.9,127.9,127.9,0.01K,1.31%
2011-02-22,126.25,126.25,126.25,126.25,0.03K,-0.79%
2011-02-21,127.25,127.25,127.25,127.25,0.02K,0.43%
2011-02-18,126.7,126.7,126.7,126.7,,0.56%
2011-02-17,126.0,126.0,126.0,126.0,0.06K,0.40%
2011-02-16,125.5,125.5,125.5,125.5,0.01K,0.48%
2011-02-15,124.9,124.9,124.9,124.9,0.01K,0.32%
2011-02-14,124.5,124.5,124.5,124.5,,0.81%
2011-02-11,123.5,123.5,123.5,123.5,0.01K,0.28%
2011-02-10,123.15,123.15,123.15,123.15,,0.29%
2011-02-09,122.8,122.8,122.8,122.8,0.03K,-0.53%
2011-02-08,123.45,123.45,123.45,123.45,0.01K,-0.04%
2011-02-07,123.5,123.5,123.5,123.5,,-2.76%
2011-02-04,127.0,127.0,127.0,127.0,0.01K,-0.27%
2011-02-03,127.35,127.35,127.35,127.35,0.04K,-0.39%
2011-02-02,127.85,127.85,127.85,127.85,0.01K,-1.16%
2011-02-01,129.35,129.35,129.35,129.35,0.01K,-0.04%
2011-01-31,129.4,129.4,129.4,129.4,0.02K,-0.73%
2011-01-28,130.35,130.35,130.35,130.35,,1.84%
2011-01-27,128.0,128.0,128.0,128.0,,0.20%
2011-01-26,127.75,127.75,127.75,127.75,,-1.16%
2011-01-25,129.25,129.25,129.25,129.25,0.01K,-0.31%
2011-01-24,129.65,129.65,129.65,129.65,,-1.71%
2011-01-21,131.9,131.9,131.9,131.9,,-0.79%
2011-01-20,132.95,132.95,132.95,132.95,0.01K,-0.60%
2011-01-19,133.75,133.75,133.75,133.75,0.01K,0.15%
2011-01-18,133.55,133.55,133.55,133.55,,0.00%
2011-01-17,133.55,133.55,133.55,133.55,,-1.80%
2011-01-14,136.0,136.0,136.0,136.0,0.01K,-1.27%
2011-01-13,137.75,137.75,137.75,137.75,,-0.18%
2011-01-12,138.0,138.0,138.0,138.0,0.04K,-0.54%
2011-01-11,138.75,138.75,138.75,138.75,0.03K,-0.22%
2011-01-10,139.05,139.05,139.05,139.05,0.01K,1.98%
2011-01-07,136.35,136.35,136.35,136.35,,2.40%
2011-01-06,133.15,133.15,133.15,133.15,,1.91%
2011-01-05,130.65,130.65,130.65,130.65,0.08K,-4.84%
2011-01-04,137.3,137.3,137.3,137.3,0.02K,0.59%
2011-01-03,136.5,136.5,136.5,136.5,,11.29%
